Listing ID,Listing name,Final URL,Image URL,Price,City name,Property type,Listing type,Address,Description,Contextual keywords
1181648595,3BR Single Family Home,https://bradschmett.com/listing-detail/1181648595/71418-Mirage-RD-Rancho-Mirage-CA,https://wsrv.nl/?url=https%3A%2F%2Fcdn.photos.sparkplatform.com%2Fgps%2F20260504190446223809000000-o.jpg&w=1200&output=jpg&q=80,"$2,399,000",Rancho Mirage,Single Family Home,For Sale,"71418 Mirage RD, Rancho Mirage, CA 92270, CA",Experience exceptional de,Magnesia Falls Cove; 3315 sqft
1181648555,2BR Manufactured Home,https://bradschmett.com/listing-detail/1181648555/375-Andorra-WAY-Cathedral-City-CA,https://wsrv.nl/?url=https%3A%2F%2Fcdn.photos.sparkplatform.com%2Fgps%2F20260504190642079890000000-o.jpg&w=1200&output=jpg&q=80,"$189,000",Cathedral City,Manufactured Home,For Sale,"375 Andorra WAY, Cathedral City, CA 92234, CA",Date Palm Country Club we,Date Palm Country Club; 1560 sqft
1181644116,5BR Single Family Home,https://bradschmett.com/listing-detail/1181644116/77648-Marlowe-CT-Palm-Desert-CA,https://wsrv.nl/?url=https%3A%2F%2Fcdn.photos.sparkplatform.com%2Fgps%2F20260504180735715993000000-o.jpg&w=1200&output=jpg&q=80,"$800,000",Palm Desert,Single Family Home,For Sale,"77648 Marlowe CT, Palm Desert, CA 92211, CA",Some homes check every bo,Whitehawk; 2900 sqft
1181640955,2BR Condo in Palm Desert,https://bradschmett.com/listing-detail/1181640955/40128-Baltusrol-CIR-Palm-Desert-CA,https://wsrv.nl/?url=https%3A%2F%2Fcdn.photos.sparkplatform.com%2Fgps%2F20260223184638340316000000-o.jpg&w=1200&output=jpg&q=80,"$418,000",Palm Desert,Condo,For Sale,"40128 Baltusrol CIR, Palm Desert, CA 92211, CA",Welcome to Palm Desert Re,Palm Desert Resort Country Club; 1177 sqft
1181639733,Vacant Land in Coachella,https://bradschmett.com/listing-detail/1181639733/0-Damascus-AVE-Coachella-CA,https://wsrv.nl/?url=https%3A%2F%2Fcdn.photos.sparkplatform.com%2Fgps%2F20260504172456048301000000-o.jpg&w=1200&output=jpg&q=80,"$87,000",Coachella,Vacant Land,For Sale,"0 Damascus AVE, Coachella, CA 92236, CA",If you've been waiting fo,
1181639734,Vacant Land in Coachella,https://bradschmett.com/listing-detail/1181639734/0-Damascus-AVE-Coachella-CA,https://wsrv.nl/?url=https%3A%2F%2Fcdn.photos.sparkplatform.com%2Fgps%2F20260504173740375649000000-o.jpg&w=1200&output=jpg&q=80,"$87,000",Coachella,Vacant Land,For Sale,"0 Damascus AVE, Coachella, CA 92236, CA",If you've been waiting fo,
1181639735,3BR Single Family Home,https://bradschmett.com/listing-detail/1181639735/29896-Calle-Tampico-Cathedral-City-CA,https://wsrv.nl/?url=https%3A%2F%2Fcdn.photos.sparkplatform.com%2Fgps%2F20260501225910841624000000-o.jpg&w=1200&output=jpg&q=80,"$610,000",Cathedral City,Single Family Home,For Sale,"29896 Calle Tampico, Cathedral City, CA 92234, CA",Located in the desirable ,La Paloma - 641; 2232 sqft
1181638381,4BR Single Family Home,https://bradschmett.com/listing-detail/1181638381/35815-Mccarthy-ST-Palm-Desert-CA,https://wsrv.nl/?url=https%3A%2F%2Fcdn.photos.sparkplatform.com%2Fgps%2F20260504171708133865000000-o.jpg&w=1200&output=jpg&q=80,"$669,900",Palm Desert,Single Family Home,For Sale,"35815 Mccarthy ST, Palm Desert, CA 92211, CA",Builder upgrades without ,University Park; 2343 sqft
1181636007,5BR Single Family Home,https://bradschmett.com/listing-detail/1181636007/54-Sutton-PL-E-Palm-Desert-CA,https://wsrv.nl/?url=https%3A%2F%2Fcdn.photos.sparkplatform.com%2Fgps%2F20260504164652109069000000-o.jpg&w=1200&output=jpg&q=80,"$1,097,000",Palm Desert,Single Family Home,For Sale,"54 Sutton PL E, Palm Desert, CA 92211, CA",Welcome to this fabulous ,Belmonte Estates; 2959 sqft
1181636008,1BR Manufactured Home,https://bradschmett.com/listing-detail/1181636008/84136-Avenue-44-738-Indio-CA,https://wsrv.nl/?url=https%3A%2F%2Fcdn.photos.sparkplatform.com%2Fgps%2F20260504164840777472000000-o.jpg&w=1200&output=jpg&q=80,"$132,500",Indio,Manufactured Home,For Sale,"84136 Avenue 44 #738, Indio, CA 92203, CA",Price Reduced! Motivated ,Rancho Casa Blanca; 400 sqft
1181636005,3BR Condo in Indio,https://bradschmett.com/listing-detail/1181636005/45546-Aladdin-ST-A101-Indio-CA,https://wsrv.nl/?url=https%3A%2F%2Fcdn.photos.sparkplatform.com%2Fgps%2F20260504165326858889000000-o.jpg&w=1200&output=jpg&q=80,"$240,000",Indio,Condo,For Sale,"45546 Aladdin ST #A101, Indio, CA 92201, CA",Welcome to the Best Value,1138 sqft
1181636006,2BR Condo,https://bradschmett.com/listing-detail/1181636006/67560-N-Natoma-DR-Cathedral-City-CA,https://wsrv.nl/?url=https%3A%2F%2Fcdn.photos.sparkplatform.com%2Fgps%2F20260502213152283305000000-o.jpg&w=1200&output=jpg&q=80,"$279,000",Cathedral City,Condo,For Sale,"67560 N Natoma DR, Cathedral City, CA 92234, CA",Best of resort living. Sp,Desert Princess; 1212 sqft
1181634400,4BR Single Family Home,https://bradschmett.com/listing-detail/1181634400/3-Sierra-Vista-DR-Rancho-Mirage-CA,https://wsrv.nl/?url=https%3A%2F%2Fcdn.photos.sparkplatform.com%2Fgps%2F20260504152331045822000000-o.jpg&w=1200&output=jpg&q=80,"$4,195,000",Rancho Mirage,Single Family Home,For Sale,"3 Sierra Vista DR, Rancho Mirage, CA 92270, CA",Experience the epitome of,Mirada Estates; 6578 sqft
1181631452,Commercial in Indio,https://bradschmett.com/listing-detail/1181631452/80394-Ave-48-89-Indio-CA,https://wsrv.nl/?url=https%3A%2F%2Fcdn.photos.sparkplatform.com%2Fgps%2F20260504160757107682000000-o.jpg&w=1200&output=jpg&q=80,"$28,000",Indio,Commercial,For Sale,"80394 Ave 48 #89, Indio, CA 92201, CA",This private perimeter lo,Outdoor Resorts Country Club
1181626890,3BR Single Family Home,https://bradschmett.com/listing-detail/1181626890/29296-W-Laguna-DR-Cathedral-City-CA,https://wsrv.nl/?url=https%3A%2F%2Fcdn.photos.sparkplatform.com%2Fgps%2F20260504004717975514000000-o.jpg&w=1200&output=jpg&q=80,"$619,000",Cathedral City,Single Family Home,For Sale,"29296 W Laguna DR, Cathedral City, CA 92234, CA","Beautiful Pool/Spa villa,",Desert Princess; 1700 sqft
1181625920,2BR Single Family Home,https://bradschmett.com/listing-detail/1181625920/42600-Wisconsin-AVE-Palm-Desert-CA,https://wsrv.nl/?url=https%3A%2F%2Fcdn.photos.sparkplatform.com%2Fgps%2F20260504145501794754000000-o.jpg&w=1200&output=jpg&q=80,"$460,000",Palm Desert,Single Family Home,For Sale,"42600 Wisconsin AVE, Palm Desert, CA 92211, CA",Priced to Sell! Welcome t,Palm Desert Country Club; 1064 sqft
1181625921,2BR Condo in La Quinta,https://bradschmett.com/listing-detail/1181625921/49091-Washington-ST-La-Quinta-CA,https://wsrv.nl/?url=https%3A%2F%2Fcdn.photos.sparkplatform.com%2Fgps%2F20260504150013870818000000-o.jpg&w=1200&output=jpg&q=80,"$469,900",La Quinta,Condo,For Sale,"49091 Washington ST, La Quinta, CA 92253, CA","$70,000 Price Reduction- ",Lqcc Villas Of La Quinta; 1368 sqft
1181624649,2BR Condo in Palm Desert,https://bradschmett.com/listing-detail/1181624649/77717-Woodhaven-DR-S-Palm-Desert-CA,https://wsrv.nl/?url=https%3A%2F%2Fcdn.photos.sparkplatform.com%2Fgps%2F20260503203318111393000000-o.jpg&w=1200&output=jpg&q=80,"$339,995",Palm Desert,Condo,For Sale,"77717 Woodhaven DR S, Palm Desert, CA 92211, CA",Fairway Views and Resort ,Woodhaven Country Club; 1392 sqft
1181649832,3BR Single Family Home,https://bradschmett.com/listing-detail/1181649832/81258-Avenida-Esmeralda-Indio-CA,https://tamdrashtri.github.io/brad-schmett-remarketing/images/1181649832.jpg,"$569,000",Indio,Single Family Home,For Sale,"81258 Avenida Esmeralda, Indio, CA 92201, CA",1 Mile From Coachell & St,Chateau Palms (31411); 1772 sqft
1181643906,1BR Condo in Palm Springs,https://bradschmett.com/listing-detail/1181643906/1655-E-Palm-Canyon-DR-312-Palm-Springs-CA,https://tamdrashtri.github.io/brad-schmett-remarketing/images/1181643906.jpg,"$225,000",Palm Springs,Condo,For Sale,"1655 E Palm Canyon DR #312, Palm Springs, CA 92264, CA",Smoke Tree Racquet Club c,Smoketree Racquet Club; 755 sqft
1181640782,3BR Single Family Home,https://bradschmett.com/listing-detail/1181640782/3152-N-Starr-Palm-Springs-CA,https://tamdrashtri.github.io/brad-schmett-remarketing/images/1181640782.jpg,"$1,295,000",Palm Springs,Single Family Home,For Sale,"3152 N Starr, Palm Springs, CA 92262, CA",Embrace iconic desert liv,Racquet Club Colony (33120); 1627 sqft
1181625790,1BR Condo in Palm Springs,https://bradschmett.com/listing-detail/1181625790/751-N-Los-Felices-CIR-206-Palm-Springs-CA,https://tamdrashtri.github.io/brad-schmett-remarketing/images/1181625790.jpg,"$229,000",Palm Springs,Condo,For Sale,"751 N Los Felices CIR #206, Palm Springs, CA 92262, CA",Stylish and sophisticated,Palm Sp Villas Ii; 589 sqft
1181615993,4BR Single Family Home,https://bradschmett.com/listing-detail/1181615993/69707-Northhampton-AVE-Cathedral-City-CA,https://wsrv.nl/?url=https%3A%2F%2Fcdn.photos.sparkplatform.com%2Fgps%2F20260501015858594628000000-o.jpg&w=1200&output=jpg&q=80,"$545,000",Cathedral City,Single Family Home,For Sale,"69707 Northhampton AVE, Cathedral City, CA 92234, CA",Welcome to Cathedral City,Century Park; 1559 sqft
1181615992,2BR Condo in La Quinta,https://bradschmett.com/listing-detail/1181615992/80238-Whisper-Rock-WAY-La-Quinta-CA,https://wsrv.nl/?url=https%3A%2F%2Fcdn.photos.sparkplatform.com%2Fgps%2F20260502212459838072000000-o.jpg&w=1200&output=jpg&q=80,"$615,000",La Quinta,Condo,For Sale,"80238 Whisper Rock WAY, La Quinta, CA 92253, CA",Turnkey End-Unit At Pga W,Pga West Signature; 1222 sqft
1181615991,3BR Single Family Home,https://bradschmett.com/listing-detail/1181615991/82207-Burton-AVE-Indio-CA,https://wsrv.nl/?url=https%3A%2F%2Fcdn.photos.sparkplatform.com%2Fgps%2F20260410211401783536000000-o.jpg&w=1200&output=jpg&q=80,"$580,000",Indio,Single Family Home,For Sale,"82207 Burton AVE, Indio, CA 92201, CA",Welcome to this meticulou,Indian Palms; 1943 sqft
1181615990,3BR Single Family Home,https://bradschmett.com/listing-detail/1181615990/83242-Antigua-DR-Indio-CA,https://wsrv.nl/?url=https%3A%2F%2Fcdn.photos.sparkplatform.com%2Fgps%2F20260501042223729808000000-o.jpg&w=1200&output=jpg&q=80,"$475,000",Indio,Single Family Home,For Sale,"83242 Antigua DR, Indio, CA 92201, CA",Offered for the first tim,Villa Montego; 1724 sqft
1181615565,2BR Condo in La Quinta,https://bradschmett.com/listing-detail/1181615565/79756-Olympia-La-Quinta-CA,https://wsrv.nl/?url=https%3A%2F%2Fcdn.photos.sparkplatform.com%2Fgps%2F20260502211028276252000000-o.jpg&w=1200&output=jpg&q=80,"$489,000",La Quinta,Condo,For Sale,"79756 Olympia, La Quinta, CA 92253, CA",Experience the good life ,Pga Palmer Private; 1283 sqft
1181613991,3BR Single Family Home,https://bradschmett.com/listing-detail/1181613991/51833-Via-Santero-La-Quinta-CA,https://wsrv.nl/?url=https%3A%2F%2Fcdn.photos.sparkplatform.com%2Fgps%2F20260504031312494646000000-o.jpg&w=1200&output=jpg&q=80,"$939,900",La Quinta,Single Family Home,For Sale,"51833 Via Santero, La Quinta, CA 92253, CA",Nestled behind the gates ,Floresta; 2302 sqft
1181613715,3BR Condo in Palm Desert,https://bradschmett.com/listing-detail/1181613715/1403-Retreat-CIR-Palm-Desert-CA,https://wsrv.nl/?url=https%3A%2F%2Fcdn.photos.sparkplatform.com%2Fgps%2F20260504030743314900000000-o.jpg&w=1200&output=jpg&q=80,"$1,175,000",Palm Desert,Condo,For Sale,"1403 Retreat CIR, Palm Desert, CA 92260, CA",Palm Desert | The Retreat,The Retreat At Desert Willow; 2664 sqft
1181613526,2BR Condo in Palm Desert,https://bradschmett.com/listing-detail/1181613526/49271-Mariposa-DR-Palm-Desert-CA,https://wsrv.nl/?url=https%3A%2F%2Fcdn.photos.sparkplatform.com%2Fgps%2F20260504024522187749000000-o.jpg&w=1200&output=jpg&q=80,"$719,000",Palm Desert,Condo,For Sale,"49271 Mariposa DR, Palm Desert, CA 92260, CA",Welcome to this beautiful,Ironwood Country Club; 1263 sqft
1181610061,3BR Single Family Home,https://bradschmett.com/listing-detail/1181610061/48219-Barrymore-ST-Indio-CA,https://wsrv.nl/?url=https%3A%2F%2Fcdn.photos.sparkplatform.com%2Fgps%2F20260503220713709542000000-o.jpg&w=1200&output=jpg&q=80,"$597,808",Indio,Single Family Home,For Sale,"48219 Barrymore ST, Indio, CA 92201, CA",Plan 3- *** New Construct,Indian Palms; 1996 sqft
1181609425,3BR Single Family Home,https://bradschmett.com/listing-detail/1181609425/82725-Ryan-WAY-Indio-CA,https://wsrv.nl/?url=https%3A%2F%2Fcdn.photos.sparkplatform.com%2Fgps%2F20260503210219573448000000-o.jpg&w=1200&output=jpg&q=80,"$617,745",Indio,Single Family Home,For Sale,"82725 Ryan WAY, Indio, CA 92201, CA",*New Construction* Homesi,Indian Palms; 2268 sqft
1181607453,3BR Single Family Home,https://bradschmett.com/listing-detail/1181607453/547-Camino-Del-Sur-Palm-Springs-CA,https://wsrv.nl/?url=https%3A%2F%2Fcdn.photos.sparkplatform.com%2Fgps%2F20260503182716905828000000-o.jpg&w=1200&output=jpg&q=80,"$1,850,000",Palm Springs,Single Family Home,For Sale,"547 Camino Del Sur, Palm Springs, CA 92262, CA",A truly rare offering - f,Old Las Palmas; 1464 sqft
1181606007,2BR Manufactured Home,https://bradschmett.com/listing-detail/1181606007/49305-Highway-74-108-Palm-Desert-CA,https://wsrv.nl/?url=https%3A%2F%2Fcdn.photos.sparkplatform.com%2Fgps%2F20260503183740309871000000-o.jpg&w=1200&output=jpg&q=80,"$279,000",Palm Desert,Manufactured Home,For Sale,"49305 Highway 74 #108, Palm Desert, CA 92260, CA",One Of A Kind Beautifully,Indian Springs Mobiles; 1464 sqft
1181603785,4BR Single Family Home,https://bradschmett.com/listing-detail/1181603785/75334-St-Andrews-CT-Indian-Wells-CA,https://wsrv.nl/?url=https%3A%2F%2Fcdn.photos.sparkplatform.com%2Fgps%2F20260503163452941403000000-o.jpg&w=1200&output=jpg&q=80,"$1,355,000",Indian Wells,Single Family Home,For Sale,"75334 St Andrews CT, Indian Wells, CA 92210, CA",Desirable interior locati,Desert Horizons Country Club; 3380 sqft
1181603541,3BR Single Family Home,https://bradschmett.com/listing-detail/1181603541/54027-Southern-Hills-La-Quinta-CA,https://wsrv.nl/?url=https%3A%2F%2Fcdn.photos.sparkplatform.com%2Fgps%2F20260503161536457226000000-o.jpg&w=1200&output=jpg&q=80,"$2,400,000",La Quinta,Single Family Home,For Sale,"54027 Southern Hills, La Quinta, CA 92253, CA",An exceptional opportunit,Pga Nicklaus Tournament; 4247 sqft
1181602569,2BR Single Family Home,https://bradschmett.com/listing-detail/1181602569/38951-Bel-Air-DR-Cathedral-City-CA,https://wsrv.nl/?url=https%3A%2F%2Fcdn.photos.sparkplatform.com%2Fgps%2F20260503152749261176000000-o.jpg&w=1200&output=jpg&q=80,"$615,000",Cathedral City,Single Family Home,For Sale,"38951 Bel Air DR, Cathedral City, CA 92234, CA",Welcome to this beautiful,Cathedral City Cove; 1040 sqft
1181605669,1BR Condo,https://bradschmett.com/listing-detail/1181605669/9645-Spyglass-Ave-81-Desert-Hot-Springs-CA,https://tamdrashtri.github.io/brad-schmett-remarketing/images/1181605669.jpg,"$84,900",Desert Hot Springs,Condo,For Sale,"9645 Spyglass Ave #81, Desert Hot Springs, CA 92240, CA",Turnkey Furnished 1 Bed 1,Mission Lakes (34101); 565 sqft
1181603496,2BR Condo in Palm Desert,https://bradschmett.com/listing-detail/1181603496/40963-Interlachen-LN-Palm-Desert-CA,https://tamdrashtri.github.io/brad-schmett-remarketing/images/1181603496.jpg,"$379,000",Palm Desert,Condo,For Sale,"40963 Interlachen LN, Palm Desert, CA 92211, CA",Welcome to 40963 Interlac,Palm Desert Resort Cc (32418); 1177 sqft
1181599591,3BR Single Family Home,https://bradschmett.com/listing-detail/1181599591/81101-Avenida-Lorena-Indio-CA,https://wsrv.nl/?url=https%3A%2F%2Fcdn.photos.sparkplatform.com%2Fgps%2F20260417150427236460000000-o.jpg&w=1200&output=jpg&q=80,"$710,000",Indio,Single Family Home,For Sale,"81101 Avenida Lorena, Indio, CA 92203, CA","Looking for a 3 bedroom, ",Sun City Shadow Hills; 2112 sqft
1181599589,2BR Condo,https://bradschmett.com/listing-detail/1181599589/41327-Princeville-LN-Rancho-Mirage-CA,https://wsrv.nl/?url=https%3A%2F%2Fcdn.photos.sparkplatform.com%2Fgps%2F20260502005835939059000000-o.jpg&w=1200&output=jpg&q=80,"$410,000",Rancho Mirage,Condo,For Sale,"41327 Princeville LN, Rancho Mirage, CA 92270, CA",Experience the ultimate i,Palm Desert Resort Country Club; 1091 sqft
1181599587,3BR Single Family Home,https://bradschmett.com/listing-detail/1181599587/2355-W-Nicola-RD-Palm-Springs-CA,https://wsrv.nl/?url=https%3A%2F%2Fcdn.photos.sparkplatform.com%2Fgps%2F20260426195043201059000000-o.jpg&w=1200&output=jpg&q=80,"$899,000",Palm Springs,Single Family Home,For Sale,"2355 W Nicola RD, Palm Springs, CA 92262, CA",Welcome to this stunning ,Desert Park Estates; 1399 sqft
1181598930,1BR Condo in Palm Desert,https://bradschmett.com/listing-detail/1181598930/2608-Via-Calderia-Palm-Desert-CA,https://wsrv.nl/?url=https%3A%2F%2Fcdn.photos.sparkplatform.com%2Fgps%2F20260503041211026937000000-o.jpg&w=1200&output=jpg&q=80,"$395,000",Palm Desert,Condo,For Sale,"2608 Via Calderia, Palm Desert, CA 92260, CA",Quiet and serene! 55+ Gat,Villa Portofino; 1183 sqft
1181598251,3BR Condo in Palm Springs,https://bradschmett.com/listing-detail/1181598251/2489-Playa-CIR-Palm-Springs-CA,https://wsrv.nl/?url=https%3A%2F%2Fcdn.photos.sparkplatform.com%2Fgps%2F20260503025308546185000000-o.jpg&w=1200&output=jpg&q=80,"$1,325,000",Palm Springs,Condo,For Sale,"2489 Playa CIR, Palm Springs, CA 92264, CA",Set within South Palm Spr,Canyon Estates; 2593 sqft
1181598250,Vacant Land,https://bradschmett.com/listing-detail/1181598250/9-Starlight-TRL-Cathedral-City-CA,https://wsrv.nl/?url=https%3A%2F%2Fcdn.photos.sparkplatform.com%2Fgps%2F20260503031119140588000000-o.jpg&w=1200&output=jpg&q=80,"$38,500",Cathedral City,Vacant Land,For Sale,"9 Starlight TRL, Cathedral City, CA 92234, CA",Build your vision in the ,
1181598121,Vacant Land,https://bradschmett.com/listing-detail/1181598121/10-Agua-Caliente-TRL-Cathedral-City-CA,https://wsrv.nl/?url=https%3A%2F%2Fcdn.photos.sparkplatform.com%2Fgps%2F20260503030522001373000000-o.jpg&w=1200&output=jpg&q=80,"$38,500",Cathedral City,Vacant Land,For Sale,"10 Agua Caliente TRL, Cathedral City, CA 92234, CA",Build your vision in the ,
1181597605,Vacant Land,https://bradschmett.com/listing-detail/1181597605/6-Desert-Primrose-TRL-Cathedral-City-CA,https://wsrv.nl/?url=https%3A%2F%2Fcdn.photos.sparkplatform.com%2Fgps%2F20260503023009411030000000-o.jpg&w=1200&output=jpg&q=80,"$35,000",Cathedral City,Vacant Land,For Sale,"6 Desert Primrose TRL, Cathedral City, CA 92234, CA",Build your vision in the ,
1181597604,Vacant Land,https://bradschmett.com/listing-detail/1181597604/7-Desert-Primrose-TRL-Cathedral-City-CA,https://wsrv.nl/?url=https%3A%2F%2Fcdn.photos.sparkplatform.com%2Fgps%2F20260503023235030668000000-o.jpg&w=1200&output=jpg&q=80,"$35,000",Cathedral City,Vacant Land,For Sale,"7 Desert Primrose TRL, Cathedral City, CA 92234, CA",Build your vision in the ,
1181597353,Vacant Land,https://bradschmett.com/listing-detail/1181597353/4-Desert-Primrose-TRL-Cathedral-City-CA,https://wsrv.nl/?url=https%3A%2F%2Fcdn.photos.sparkplatform.com%2Fgps%2F20260503021252046805000000-o.jpg&w=1200&output=jpg&q=80,"$35,000",Cathedral City,Vacant Land,For Sale,"4 Desert Primrose TRL, Cathedral City, CA 92234, CA",Build your vision in the ,
1181597354,Vacant Land,https://bradschmett.com/listing-detail/1181597354/5-Desert-Primrose-TRL-Cathedral-City-CA,https://wsrv.nl/?url=https%3A%2F%2Fcdn.photos.sparkplatform.com%2Fgps%2F20260503022703398665000000-o.jpg&w=1200&output=jpg&q=80,"$35,000",Cathedral City,Vacant Land,For Sale,"5 Desert Primrose TRL, Cathedral City, CA 92234, CA",Build your vision in the ,
1181597119,Commercial in Indio,https://bradschmett.com/listing-detail/1181597119/80501-Avenue-48-282-Indio-CA,https://wsrv.nl/?url=https%3A%2F%2Fcdn.photos.sparkplatform.com%2Fgps%2F20260503010144850253000000-o.jpg&w=1200&output=jpg&q=80,"$249,000",Indio,Commercial,For Sale,"80501 Avenue 48 #282, Indio, CA 92201, CA",Lot 282 at Motorcoach Cou,Motorcoach Country Club; 117 sqft
1181596559,Vacant Land,https://bradschmett.com/listing-detail/1181596559/3-Desert-Primrose-TRL-Cathedral-City-CA,https://wsrv.nl/?url=https%3A%2F%2Fcdn.photos.sparkplatform.com%2Fgps%2F20260503011254090911000000-o.jpg&w=1200&output=jpg&q=80,"$35,000",Cathedral City,Vacant Land,For Sale,"3 Desert Primrose TRL, Cathedral City, CA 92234, CA",Build your vision in the ,
1181596389,3BR Single Family Home,https://bradschmett.com/listing-detail/1181596389/61125-Living-Stone-DR-La-Quinta-CA,https://wsrv.nl/?url=https%3A%2F%2Fcdn.photos.sparkplatform.com%2Fgps%2F20260502224757316222000000-o.jpg&w=1200&output=jpg&q=80,"$585,000",La Quinta,Single Family Home,For Sale,"61125 Living Stone DR, La Quinta, CA 92253, CA",Lovely in Paradise! This ,Trilogy; 1641 sqft
1181595568,3BR Single Family Home,https://bradschmett.com/listing-detail/1181595568/48183-Barrymore-ST-Indio-CA,https://wsrv.nl/?url=https%3A%2F%2Fcdn.photos.sparkplatform.com%2Fgps%2F20260502192201231565000000-o.jpg&w=1200&output=jpg&q=80,"$595,690",Indio,Single Family Home,For Sale,"48183 Barrymore ST, Indio, CA 92201, CA",Gallery At Indian Palms C,Indian Palms; 2008 sqft
1181594716,2BR Manufactured Home,https://bradschmett.com/listing-detail/1181594716/488-Prairie-Cathedral-City-CA,https://wsrv.nl/?url=https%3A%2F%2Fcdn.photos.sparkplatform.com%2Fgps%2F20260502223143910638000000-o.jpg&w=1200&output=jpg&q=80,"$149,900",Cathedral City,Manufactured Home,For Sale,"488 Prairie, Cathedral City, CA 92234, CA",Welcome to Royal Palms--w,Royal Palms; 1000 sqft
1181594242,3BR Single Family Home,https://bradschmett.com/listing-detail/1181594242/44848-Oro-Grande-CIR-Indian-Wells-CA,https://wsrv.nl/?url=https%3A%2F%2Fcdn.photos.sparkplatform.com%2Fgps%2F20260502225556050222000000-o.jpg&w=1200&output=jpg&q=80,"$1,075,000",Indian Wells,Single Family Home,For Sale,"44848 Oro Grande CIR, Indian Wells, CA 92210, CA",Stylishly Updated 3-Bedro,Desert Horizons Country Club; 2813 sqft
1181594237,4BR Single Family Home,https://bradschmett.com/listing-detail/1181594237/56565-Riviera-La-Quinta-CA,https://wsrv.nl/?url=https%3A%2F%2Fcdn.photos.sparkplatform.com%2Fgps%2F20260502155823280918000000-o.jpg&w=1200&output=jpg&q=80,"$1,249,000",La Quinta,Single Family Home,For Sale,"56565 Riviera, La Quinta, CA 92253, CA",Experience the pinnacle o,Pga Nicklaus Private; 2845 sqft
1181593838,2BR Single Family Home,https://bradschmett.com/listing-detail/1181593838/72629-Pitahaya-ST-Palm-Desert-CA,https://wsrv.nl/?url=https%3A%2F%2Fcdn.photos.sparkplatform.com%2Fgps%2F20260502221349216547000000-o.jpg&w=1200&output=jpg&q=80,"$629,000",Palm Desert,Single Family Home,For Sale,"72629 Pitahaya ST, Palm Desert, CA 92260, CA",Location location against,El Paseo Village; 1253 sqft
1181593540,3BR Single Family Home,https://bradschmett.com/listing-detail/1181593540/1702-Sienna-CT-Palm-Springs-CA,https://wsrv.nl/?url=https%3A%2F%2Fcdn.photos.sparkplatform.com%2Fgps%2F20260502220306778573000000-o.jpg&w=1200&output=jpg&q=80,"$1,150,000",Palm Springs,Single Family Home,For Sale,"1702 Sienna CT, Palm Springs, CA 92262, CA","Wow - Seller Financing, S",Enclave At Sunrise; 2548 sqft
1181593541,3BR Single Family Home,https://bradschmett.com/listing-detail/1181593541/36719-Avenida-Del-Sol-Cathedral-City-CA,https://wsrv.nl/?url=https%3A%2F%2Fcdn.photos.sparkplatform.com%2Fgps%2F20260502215746807151000000-o.jpg&w=1200&output=jpg&q=80,"$515,000",Cathedral City,Single Family Home,For Sale,"36719 Avenida Del Sol, Cathedral City, CA 92234, CA",Welcome to easy desert li,Rio Del Sol; 1420 sqft
1181592797,Vacant Land,https://bradschmett.com/listing-detail/1181592797/2-Desert-Primrose-TRL-Cathedral-City-CA,https://wsrv.nl/?url=https%3A%2F%2Fcdn.photos.sparkplatform.com%2Fgps%2F20260502213618129376000000-o.jpg&w=1200&output=jpg&q=80,"$35,000",Cathedral City,Vacant Land,For Sale,"2 Desert Primrose TRL, Cathedral City, CA 92234, CA",Build your vision in the ,
1181592798,3BR Townhouse,https://bradschmett.com/listing-detail/1181592798/730-Obsidian-LOOP-E-Palm-Springs-CA,https://wsrv.nl/?url=https%3A%2F%2Fcdn.photos.sparkplatform.com%2Fgps%2F20260502213704145317000000-o.jpg&w=1200&output=jpg&q=80,"$840,995",Palm Springs,Townhouse,For Sale,"730 Obsidian LOOP E, Palm Springs, CA 92264, CA",Welcome to Retro at E'lan,Elan; 1750 sqft
1181591712,3BR Townhouse,https://bradschmett.com/listing-detail/1181591712/798-Obsidian-LOOP-E-Palm-Springs-CA,https://wsrv.nl/?url=https%3A%2F%2Fcdn.photos.sparkplatform.com%2Fgps%2F20260502202807388884000000-o.jpg&w=1200&output=jpg&q=80,"$945,900",Palm Springs,Townhouse,For Sale,"798 Obsidian LOOP E, Palm Springs, CA 92264, CA",Welcome to Retro at E'lan,Elan; 1750 sqft
1181589472,2BR Townhouse,https://bradschmett.com/listing-detail/1181589472/706-Obsidian-LOOP-E-Palm-Springs-CA,https://wsrv.nl/?url=https%3A%2F%2Fcdn.photos.sparkplatform.com%2Fgps%2F20260502193625551348000000-o.jpg&w=1200&output=jpg&q=80,"$870,900",Palm Springs,Townhouse,For Sale,"706 Obsidian LOOP E, Palm Springs, CA 92264, CA",New Build Luxury Townhome,Elan; 2033 sqft
1181588489,4BR Single Family Home,https://bradschmett.com/listing-detail/1181588489/75809-Via-Pisa-Indian-Wells-CA,https://wsrv.nl/?url=https%3A%2F%2Fcdn.photos.sparkplatform.com%2Fgps%2F20260501145442765065000000-o.jpg&w=1200&output=jpg&q=80,"$3,095,000",Indian Wells,Single Family Home,For Sale,"75809 Via Pisa, Indian Wells, CA 92210, CA",Positioned along the 10th,Toscana Country Club; 3260 sqft
1181587946,2BR Condo,https://bradschmett.com/listing-detail/1181587946/67500-Toltec-CT-Cathedral-City-CA,https://wsrv.nl/?url=https%3A%2F%2Fcdn.photos.sparkplatform.com%2Fgps%2F20260501221915092929000000-o.jpg&w=1200&output=jpg&q=80,"$259,000",Cathedral City,Condo,For Sale,"67500 Toltec CT, Cathedral City, CA 92234, CA",Seller has recently retir,Desert Princess; 984 sqft
1181585658,2BR Manufactured Home,https://bradschmett.com/listing-detail/1181585658/33410-San-Lucas-TRL-Thousand-Palms-CA,https://wsrv.nl/?url=https%3A%2F%2Fcdn.photos.sparkplatform.com%2Fgps%2F20260502174016009824000000-o.jpg&w=1200&output=jpg&q=80,"$237,000",Thousand Palms,Manufactured Home,For Sale,"33410 San Lucas TRL, Thousand Palms, CA 92276, CA",Welcome to this beautiful,Tri-Palm Estates; 1344 sqft
1181582464,2BR Condo in Palm Springs,https://bradschmett.com/listing-detail/1181582464/922-Alejo-VIS-Palm-Springs-CA,https://wsrv.nl/?url=https%3A%2F%2Fcdn.photos.sparkplatform.com%2Fgps%2F20260430184447501336000000-o.jpg&w=1200&output=jpg&q=80,"$975,000",Palm Springs,Condo,For Sale,"922 Alejo VIS, Palm Springs, CA 92262, CA",Welcome to your private o,Alejo Vista; 1861 sqft
1181581333,3BR Condo in Palm Desert,https://bradschmett.com/listing-detail/1181581333/73183-Silverleaf-CT-Palm-Desert-CA,https://wsrv.nl/?url=https%3A%2F%2Fcdn.photos.sparkplatform.com%2Fgps%2F20260501015548759455000000-o.jpg&w=1200&output=jpg&q=80,"$1,795,000",Palm Desert,Condo,For Sale,"73183 Silverleaf CT, Palm Desert, CA 92260, CA",Don't miss this beautiful,Ironwood Country Club; 2190 sqft
1181580154,3BR Single Family Home,https://bradschmett.com/listing-detail/1181580154/67900-Fillmore-ST-Thermal-CA,https://wsrv.nl/?url=https%3A%2F%2Fcdn.photos.sparkplatform.com%2Fgps%2F20260502150224253929000000-o.jpg&w=1200&output=jpg&q=80,"$1,350,000",Thermal,Single Family Home,For Sale,"67900 Fillmore ST, Thermal, CA 92274, CA",Red Bridge Farm is a stun,1704 sqft
1181589392,3BR Condo in Palm Desert,https://bradschmett.com/listing-detail/1181589392/4111-Via-Tramonti-Palm-Desert-CA,https://tamdrashtri.github.io/brad-schmett-remarketing/images/1181589392.jpg,"$759,900",Palm Desert,Condo,For Sale,"4111 Via Tramonti, Palm Desert, CA 92260, CA",Villa Portofino offers th,Villa Portofino; 2114 sqft
1181583960,Vacant Land,https://bradschmett.com/listing-detail/1181583960/69801-Ramon-Cathedral-City-CA,https://tamdrashtri.github.io/brad-schmett-remarketing/images/1181583960.jpg,"$49,500",Cathedral City,Vacant Land,For Sale,"69801 Ramon, Cathedral City, CA 92234, CA",Priced To Move!! Highly S,Desert Shadows Rv Resort (33619)
1181581235,2BR Single Family Home,https://bradschmett.com/listing-detail/1181581235/2827-S-Palm-Canyon-DR-Palm-Springs-CA,https://tamdrashtri.github.io/brad-schmett-remarketing/images/1181581235.jpg,"$945,000",Palm Springs,Single Family Home,For Sale,"2827 S Palm Canyon DR, Palm Springs, CA 92264, CA",A modern desert retreat w,2801 Palm Canyon; 1910 sqft
1181573305,2BR Condo,https://bradschmett.com/listing-detail/1181573305/23-Don-Quixote-DR-Rancho-Mirage-CA,https://wsrv.nl/?url=https%3A%2F%2Fcdn.photos.sparkplatform.com%2Fgps%2F20260429195412102176000000-o.jpg&w=1200&output=jpg&q=80,"$425,000",Rancho Mirage,Condo,For Sale,"23 Don Quixote DR, Rancho Mirage, CA 92270, CA",Welcome to Rancho Las Pal,Rancho Las Palmas Country Club; 1270 sqft
1181573304,3BR Single Family Home,https://bradschmett.com/listing-detail/1181573304/50310-Valencia-CT-La-Quinta-CA,https://wsrv.nl/?url=https%3A%2F%2Fcdn.photos.sparkplatform.com%2Fgps%2F20260415013406081213000000-o.jpg&w=1200&output=jpg&q=80,"$1,450,000",La Quinta,Single Family Home,For Sale,"50310 Valencia CT, La Quinta, CA 92253, CA",Gorgeous semi-custom resi,Haciendas At La Quinta; 2748 sqft
1181571871,3BR Single Family Home,https://bradschmett.com/listing-detail/1181571871/51340-Avenida-Diaz-La-Quinta-CA,https://wsrv.nl/?url=https%3A%2F%2Fcdn.photos.sparkplatform.com%2Fgps%2F20260502051937996829000000-o.jpg&w=1200&output=jpg&q=80,"$1,749,000",La Quinta,Single Family Home,For Sale,"51340 Avenida Diaz, La Quinta, CA 92253, CA",Framed by the dramatic Sa,Yucatan; 2895 sqft
1181568807,4BR Single Family Home,https://bradschmett.com/listing-detail/1181568807/78431-Deacon-DR-W-La-Quinta-CA,https://wsrv.nl/?url=https%3A%2F%2Fcdn.photos.sparkplatform.com%2Fgps%2F20260502030038857014000000-o.jpg&w=1200&output=jpg&q=80,"$3,395,000",La Quinta,Single Family Home,For Sale,"78431 Deacon DR W, La Quinta, CA 92253, CA",Experience luxury desert ,Tradition Golf Club; 4131 sqft
1181567023,3BR Condo in La Quinta,https://bradschmett.com/listing-detail/1181567023/55395-Southern-Hills-La-Quinta-CA,https://wsrv.nl/?url=https%3A%2F%2Fcdn.photos.sparkplatform.com%2Fgps%2F20260502013503967313000000-o.jpg&w=1200&output=jpg&q=80,"$999,000",La Quinta,Condo,For Sale,"55395 Southern Hills, La Quinta, CA 92253, CA",Golf course condo on the ,Pga Stadium; 2596 sqft
1181566626,4BR Single Family Home,https://bradschmett.com/listing-detail/1181566626/163-Via-Milano-Rancho-Mirage-CA,https://wsrv.nl/?url=https%3A%2F%2Fcdn.photos.sparkplatform.com%2Fgps%2F20260501225653985903000000-o.jpg&w=1200&output=jpg&q=80,"$643,000",Rancho Mirage,Single Family Home,For Sale,"163 Via Milano, Rancho Mirage, CA 92270, CA",Hurry !! Rarely is this C,Tuscany; 2434 sqft
1181565538,3BR Single Family Home,https://bradschmett.com/listing-detail/1181565538/216-E-Palo-Verde-AVE-Palm-Springs-CA,https://wsrv.nl/?url=https%3A%2F%2Fcdn.photos.sparkplatform.com%2Fgps%2F20260502010357178071000000-o.jpg&w=1200&output=jpg&q=80,"$1,548,000",Palm Springs,Single Family Home,For Sale,"216 E Palo Verde AVE, Palm Springs, CA 92264, CA",Welcome to a charming Dow,Tahquitz River Estates; 1392 sqft
1181563472,Vacant Land,https://bradschmett.com/listing-detail/1181563472/0-Palm-DR-Desert-Hot-Springs-CA,https://wsrv.nl/?url=https%3A%2F%2Fcdn.photos.sparkplatform.com%2Fgps%2F20260502000927083840000000-o.jpg&w=1200&output=jpg&q=80,"$1,795,000",Desert Hot Springs,Vacant Land,For Sale,"0 Palm DR, Desert Hot Springs, CA 92240, CA",Rare opportunity to own a,
1181562825,4BR Single Family Home,https://bradschmett.com/listing-detail/1181562825/867-Arrowhead-DR-Palm-Desert-CA,https://wsrv.nl/?url=https%3A%2F%2Fcdn.photos.sparkplatform.com%2Fgps%2F20260501204354333673000000-o.jpg&w=1200&output=jpg&q=80,"$1,775,000",Palm Desert,Single Family Home,For Sale,"867 Arrowhead DR, Palm Desert, CA 92211, CA",A truly unique and one-of,Indian Ridge; 3226 sqft
1181562059,3BR Condo in Palm Springs,https://bradschmett.com/listing-detail/1181562059/1800-Paseo-Raqueta-Palm-Springs-CA,https://wsrv.nl/?url=https%3A%2F%2Fcdn.photos.sparkplatform.com%2Fgps%2F20260427205044927024000000-o.jpg&w=1200&output=jpg&q=80,"$545,000",Palm Springs,Condo,For Sale,"1800 Paseo Raqueta, Palm Springs, CA 92262, CA","Rarely available, this cl",Sunrise Raquet Club; 1465 sqft
1181562058,2BR Condo in Palm Desert,https://bradschmett.com/listing-detail/1181562058/22-Acapulco-DR-Palm-Desert-CA,https://wsrv.nl/?url=https%3A%2F%2Fcdn.photos.sparkplatform.com%2Fgps%2F20260430213534138514000000-o.jpg&w=1200&output=jpg&q=80,"$719,900",Palm Desert,Condo,For Sale,"22 Acapulco DR, Palm Desert, CA 92260, CA",Welcome to Silver Sands R,Silver Sands Rc; 1705 sqft
1181561355,3BR Single Family Home,https://bradschmett.com/listing-detail/1181561355/44986-Saint-Helena-CT-Indian-Wells-CA,https://wsrv.nl/?url=https%3A%2F%2Fcdn.photos.sparkplatform.com%2Fgps%2F20260502202528595896000000-o.jpg&w=1200&output=jpg&q=80,"$1,295,000",Indian Wells,Single Family Home,For Sale,"44986 Saint Helena CT, Indian Wells, CA 92210, CA","Mountain, fairway, and 5t",Desert Horizons Country Club; 2517 sqft
1181561359,2BR Single Family Home,https://bradschmett.com/listing-detail/1181561359/60200-Wishbone-CT-La-Quinta-CA,https://wsrv.nl/?url=https%3A%2F%2Fcdn.photos.sparkplatform.com%2Fgps%2F20260501222127158741000000-o.jpg&w=1200&output=jpg&q=80,"$589,000",La Quinta,Single Family Home,For Sale,"60200 Wishbone CT, La Quinta, CA 92253, CA",Live Life Beautifully! Th,Trilogy; 1693 sqft
1181561358,2BR Manufactured Home,https://bradschmett.com/listing-detail/1181561358/74711-Dillon-RD-173-Desert-Hot-Springs-CA,https://wsrv.nl/?url=https%3A%2F%2Fcdn.photos.sparkplatform.com%2Fgps%2F20260501234313958760000000-o.jpg&w=1200&output=jpg&q=80,"$47,000",Desert Hot Springs,Manufactured Home,For Sale,"74711 Dillon RD ##173, Desert Hot Springs, CA 92241, CA",Welcome to the hidden Gem,650 sqft
1181561356,1BR Manufactured Home,https://bradschmett.com/listing-detail/1181561356/74711-Dillon-RD-819-Desert-Hot-Springs-CA,https://wsrv.nl/?url=https%3A%2F%2Fcdn.photos.sparkplatform.com%2Fgps%2F20260501234124624906000000-o.jpg&w=1200&output=jpg&q=80,"$38,000",Desert Hot Springs,Manufactured Home,For Sale,"74711 Dillon RD ##819, Desert Hot Springs, CA 92241, CA",Welcome to the hidden gem,399 sqft
1181560236,2BR Manufactured Home,https://bradschmett.com/listing-detail/1181560236/74711-Dillon-RD-711-Desert-Hot-Springs-CA,https://wsrv.nl/?url=https%3A%2F%2Fcdn.photos.sparkplatform.com%2Fgps%2F20260501232313079101000000-o.jpg&w=1200&output=jpg&q=80,"$50,000",Desert Hot Springs,Manufactured Home,For Sale,"74711 Dillon RD ##711, Desert Hot Springs, CA 92241, CA",Centrally located between,600 sqft
1181560235,2BR Condo in Indio,https://bradschmett.com/listing-detail/1181560235/82098-Cochran-DR-Indio-CA,https://wsrv.nl/?url=https%3A%2F%2Fcdn.photos.sparkplatform.com%2Fgps%2F20260430221242393329000000-o.jpg&w=1200&output=jpg&q=80,"$345,000",Indio,Condo,For Sale,"82098 Cochran DR, Indio, CA 92201, CA",This is the one you have ,Indian Palms; 1140 sqft
1181558219,2BR Manufactured Home,https://bradschmett.com/listing-detail/1181558219/69530-Dillon-RD-13a-Desert-Hot-Springs-CA,https://wsrv.nl/?url=https%3A%2F%2Fcdn.photos.sparkplatform.com%2Fgps%2F20260501224856719130000000-o.jpg&w=1200&output=jpg&q=80,"$130,000",Desert Hot Springs,Manufactured Home,For Sale,"69530 Dillon RD #13a, Desert Hot Springs, CA 92241, CA",Mobile home in DHS low pr,1368 sqft
1181572510,2BR Manufactured Home,https://bradschmett.com/listing-detail/1181572510/86-Via-Minorca-Cathedral-City-CA,https://tamdrashtri.github.io/brad-schmett-remarketing/images/1181572510.jpg,"$106,999",Cathedral City,Manufactured Home,For Sale,"86 Via Minorca, Cathedral City, CA 92234, CA",Welcome to your golf cour,1800 sqft
1181557338,3BR Single Family Home,https://bradschmett.com/listing-detail/1181557338/49489-Douglas-ST-Indio-CA,https://wsrv.nl/?url=https%3A%2F%2Fcdn.photos.sparkplatform.com%2Fgps%2F20260501213440285552000000-o.jpg&w=1200&output=jpg&q=80,"$698,900",Indio,Single Family Home,For Sale,"49489 Douglas ST, Indio, CA 92201, CA",Perfect turnkey Short Ter,Indian Palms; 2018 sqft
1181556284,4BR Single Family Home,https://bradschmett.com/listing-detail/1181556284/3-Siena-Vista-CT-Rancho-Mirage-CA,https://wsrv.nl/?url=https%3A%2F%2Fcdn.photos.sparkplatform.com%2Fgps%2F20260501184841062661000000-o.jpg&w=1200&output=jpg&q=80,"$2,950,000",Rancho Mirage,Single Family Home,For Sale,"3 Siena Vista CT, Rancho Mirage, CA 92270, CA",Experience the perfect bl,Siena Vista Estates; 3748 sqft
1181556283,3BR Condo in Palm Springs,https://bradschmett.com/listing-detail/1181556283/517-Desert-Lakes-DR-Palm-Springs-CA,https://wsrv.nl/?url=https%3A%2F%2Fcdn.photos.sparkplatform.com%2Fgps%2F20260501193059610963000000-o.jpg&w=1200&output=jpg&q=80,"$675,000",Palm Springs,Condo,For Sale,"517 Desert Lakes DR, Palm Springs, CA 92264, CA",Experience elevated deser,Seven Lakes Country Club; 2552 sqft
1181553181,5BR Single Family Home,https://bradschmett.com/listing-detail/1181553181/36-Mirada-CIR-Rancho-Mirage-CA,https://wsrv.nl/?url=https%3A%2F%2Fcdn.photos.sparkplatform.com%2Fgps%2F20260501212346707376000000-o.jpg&w=1200&output=jpg&q=80,"$4,390,000",Rancho Mirage,Single Family Home,For Sale,"36 Mirada CIR, Rancho Mirage, CA 92270, CA",Set high within the gates,Mirada Estates; 5271 sqft
1181551867,3BR Single Family Home,https://bradschmett.com/listing-detail/1181551867/75105-Spyglass-DR-Indian-Wells-CA,https://wsrv.nl/?url=https%3A%2F%2Fcdn.photos.sparkplatform.com%2Fgps%2F20260501162151233310000000-o.jpg&w=1200&output=jpg&q=80,"$1,199,000",Indian Wells,Single Family Home,For Sale,"75105 Spyglass DR, Indian Wells, CA 92210, CA",Coveted free-standing Des,Desert Horizons Country Club; 2871 sqft
1181550257,2BR Condo in Palm Springs,https://bradschmett.com/listing-detail/1181550257/353-N-Hermosa-DR-9c2-Palm-Springs-CA,https://wsrv.nl/?url=https%3A%2F%2Fcdn.photos.sparkplatform.com%2Fgps%2F20260501212616682253000000-o.jpg&w=1200&output=jpg&q=80,"$399,000",Palm Springs,Condo,For Sale,"353 N Hermosa DR #9c2, Palm Springs, CA 92262, CA","Casa Verde -- Stylish, Up",Casa Verde; 849 sqft
1181548217,Commercial in Indio,https://bradschmett.com/listing-detail/1181548217/80394-Ave-48-113-Indio-CA,https://wsrv.nl/?url=https%3A%2F%2Fcdn.photos.sparkplatform.com%2Fgps%2F20260501211438233617000000-o.jpg&w=1200&output=jpg&q=80,"$49,900",Indio,Commercial,For Sale,"80394 Ave 48 #113, Indio, CA 92201, CA",After a fun evening at th,Outdoor Resorts Country Club
1181545205,Vacant Land,https://bradschmett.com/listing-detail/1181545205/129-Roberts-RD-Desert-Hot-Springs-CA,https://wsrv.nl/?url=https%3A%2F%2Fcdn.photos.sparkplatform.com%2Fgps%2F20260501183409591838000000-o.jpg&w=1200&output=jpg&q=80,"$115,000",Desert Hot Springs,Vacant Land,For Sale,"129 Roberts RD, Desert Hot Springs, CA 92240, CA",Calling All Investors! Hu,
1181543391,4BR Single Family Home,https://bradschmett.com/listing-detail/1181543391/15811-Oreana-WAY-Palm-Springs-CA,https://wsrv.nl/?url=https%3A%2F%2Fcdn.photos.sparkplatform.com%2Fgps%2F20260501211900948627000000-o.jpg&w=1200&output=jpg&q=80,"$454,900",Palm Springs,Single Family Home,For Sale,"15811 Oreana WAY, Palm Springs, CA 92262, CA",Welcome to this beautiful,1982 sqft
1181543394,Commercial in Indio,https://bradschmett.com/listing-detail/1181543394/80394-Avenue-48-359-Indio-CA,https://wsrv.nl/?url=https%3A%2F%2Fcdn.photos.sparkplatform.com%2Fgps%2F20260501202755671425000000-o.jpg&w=1200&output=jpg&q=80,"$259,000",Indio,Commercial,For Sale,"80394 Avenue 48 #359, Indio, CA 92201, CA","Welcome to Lot 359, an ex",Outdoor Resorts Country Club
1181543396,4BR Single Family Home,https://bradschmett.com/listing-detail/1181543396/83054-S-Bay-DR-Indio-CA,https://wsrv.nl/?url=https%3A%2F%2Fcdn.photos.sparkplatform.com%2Fgps%2F20260501201620484589000000-o.jpg&w=1200&output=jpg&q=80,"$3,500,000",Indio,Single Family Home,For Sale,"83054 S Bay DR, Indio, CA 92203, CA",Welcome to a rare lakefro,Shadow Lake Estates; 4867 sqft
1181569669,2BR Single Family Home,https://bradschmett.com/listing-detail/1181569669/81850-Camino-Cantos-Indio-CA,https://tamdrashtri.github.io/brad-schmett-remarketing/images/1181569669.jpg,"$499,000",Indio,Single Family Home,For Sale,"81850 Camino Cantos, Indio, CA 92203, CA",One striking feature of t,Sun City Shadow Hills; 1854 sqft
1181541214,2BR Condo in Palm Desert,https://bradschmett.com/listing-detail/1181541214/112-Sandpiper-ST-Palm-Desert-CA,https://wsrv.nl/?url=https%3A%2F%2Fcdn.photos.sparkplatform.com%2Fgps%2F20260430224437013513000000-o.jpg&w=1200&output=jpg&q=80,"$550,000",Palm Desert,Condo,For Sale,"112 Sandpiper ST, Palm Desert, CA 92260, CA",Your Mid-Century Modern D,Sandpiper Palm Desert; 1012 sqft
1181541217,4BR Single Family Home,https://bradschmett.com/listing-detail/1181541217/3-Clear-Lake-DR-Rancho-Mirage-CA,https://wsrv.nl/?url=https%3A%2F%2Fcdn.photos.sparkplatform.com%2Fgps%2F20260501200833837621000000-o.jpg&w=1200&output=jpg&q=80,"$950,000",Rancho Mirage,Single Family Home,For Sale,"3 Clear Lake DR, Rancho Mirage, CA 92270, CA",Lovingly maintained by it,Mission Shores; 2478 sqft
1181539779,2BR Manufactured Home,https://bradschmett.com/listing-detail/1181539779/Address-not-disclosed,https://wsrv.nl/?url=https%3A%2F%2Fcdn.photos.sparkplatform.com%2Fgps%2F20260501195719786676000000-o.jpg&w=1200&output=jpg&q=80,"$59,000",Palm Springs,Manufactured Home,For Sale,,New Price! Best Deal In T,672 sqft
1181534400,3BR Single Family Home,https://bradschmett.com/listing-detail/1181534400/45435-King-Palm-DR-Indio-CA,https://wsrv.nl/?url=https%3A%2F%2Fcdn.photos.sparkplatform.com%2Fgps%2F20260501191323373707000000-o.jpg&w=1200&output=jpg&q=80,"$445,000",Indio,Single Family Home,For Sale,"45435 King Palm DR, Indio, CA 92201, CA",Opportunity awaits with t,Palmwood; 1725 sqft
1181567688,2BR Manufactured Home,https://bradschmett.com/listing-detail/1181567688/17800-Langlois-RD-Desert-Hot-Springs-CA,https://tamdrashtri.github.io/brad-schmett-remarketing/images/1181567688.jpg,"$55,000",Desert Hot Springs,Manufactured Home,For Sale,"17800 Langlois RD, Desert Hot Springs, CA 92241, CA",Well maintained home with,1040 sqft
1181532721,2BR Condo in Palm Desert,https://bradschmett.com/listing-detail/1181532721/42626-Liolios-DR-Palm-Desert-CA,https://wsrv.nl/?url=https%3A%2F%2Fcdn.photos.sparkplatform.com%2Fgps%2F20260501174850950679000000-o.jpg&w=1200&output=jpg&q=80,"$379,000",Palm Desert,Condo,For Sale,"42626 Liolios DR, Palm Desert, CA 92211, CA",Welcome to Oasis Country ,Oasis Country Club; 1410 sqft
1181567350,2BR Condo in Palm Springs,https://bradschmett.com/listing-detail/1181567350/588-E-San-Lorenzo-RD-202-Palm-Springs-CA,https://tamdrashtri.github.io/brad-schmett-remarketing/images/1181567350.jpg,"$524,000",Palm Springs,Condo,For Sale,"588 E San Lorenzo RD #202, Palm Springs, CA 92264, CA",Wake up to breathtaking p,Tahquitz River Estates; 1150 sqft
1181530985,3BR Single Family Home,https://bradschmett.com/listing-detail/1181530985/2864-Vista-AVE-Thermal-CA,https://wsrv.nl/?url=https%3A%2F%2Fcdn.photos.sparkplatform.com%2Fgps%2F20260501184121528221000000-o.jpg&w=1200&output=jpg&q=80,"$360,000",Thermal,Single Family Home,For Sale,"2864 Vista AVE, Thermal, CA 92274, CA",Discover this beautifully,Vista Del Mar; 1646 sqft
1181530984,4BR Single Family Home,https://bradschmett.com/listing-detail/1181530984/44476-Hazel-Canyon-LN-Palm-Desert-CA,https://wsrv.nl/?url=https%3A%2F%2Fcdn.photos.sparkplatform.com%2Fgps%2F20260501181000078807000000-o.jpg&w=1200&output=jpg&q=80,"$849,000",Palm Desert,Single Family Home,For Sale,"44476 Hazel Canyon LN, Palm Desert, CA 92260, CA",A magnificent custom home,The Grove; 2620 sqft
1181529076,2BR Single Family Home,https://bradschmett.com/listing-detail/1181529076/777-N-Calle-Rolph-Palm-Springs-CA,https://wsrv.nl/?url=https%3A%2F%2Fcdn.photos.sparkplatform.com%2Fgps%2F20260429205932384587000000-o.jpg&w=1200&output=jpg&q=80,"$875,000",Palm Springs,Single Family Home,For Sale,"777 N Calle Rolph, Palm Springs, CA 92262, CA",Located in the highly des,Ruth Hardy Park/Movie Colony East; 1408 sqft
1181565893,4BR Single Family Home,https://bradschmett.com/listing-detail/1181565893/73070-Shadow-Mountain-DR-Palm-Desert-CA,https://tamdrashtri.github.io/brad-schmett-remarketing/images/1181565893.jpg,"$1,200,000",Palm Desert,Single Family Home,For Sale,"73070 Shadow Mountain DR, Palm Desert, CA 92260, CA",Opportunity in South Palm,Not In A Development; 3129 sqft
1181527421,3BR Single Family Home,https://bradschmett.com/listing-detail/1181527421/49534-Lewis-RD-Indio-CA,https://wsrv.nl/?url=https%3A%2F%2Fcdn.photos.sparkplatform.com%2Fgps%2F20260501180356462658000000-o.jpg&w=1200&output=jpg&q=80,"$610,000",Indio,Single Family Home,For Sale,"49534 Lewis RD, Indio, CA 92201, CA",Amazing Price!! 3-Bedroom,Indian Palms; 2180 sqft
1181527422,3BR Single Family Home,https://bradschmett.com/listing-detail/1181527422/81448-Joshua-Tree-CT-La-Quinta-CA,https://wsrv.nl/?url=https%3A%2F%2Fcdn.photos.sparkplatform.com%2Fgps%2F20260501180911960945000000-o.jpg&w=1200&output=jpg&q=80,"$579,000",La Quinta,Single Family Home,For Sale,"81448 Joshua Tree CT, La Quinta, CA 92253, CA",Experience resort-style l,Trilogy; 1641 sqft
1181521559,Vacant Land,https://bradschmett.com/listing-detail/1181521559/2321-Vista-Palizada-DR-Palm-Springs-CA,https://wsrv.nl/?url=https%3A%2F%2Fcdn.photos.sparkplatform.com%2Fgps%2F20260501172319900157000000-o.jpg&w=1200&output=jpg&q=80,"$455,000",Palm Springs,Vacant Land,For Sale,"2321 Vista Palizada DR, Palm Springs, CA 92262, CA",Here's your chance to bui,Desert Palisades
1181521560,5BR Single Family Home,https://bradschmett.com/listing-detail/1181521560/79943-Dewsbury-DR-Indio-CA,https://wsrv.nl/?url=https%3A%2F%2Fcdn.photos.sparkplatform.com%2Fgps%2F20260501171156417387000000-o.jpg&w=1200&output=jpg&q=80,"$775,000",Indio,Single Family Home,For Sale,"79943 Dewsbury DR, Indio, CA 92203, CA",One of the largest floor ,Talaveras; 3163 sqft
1181519159,Vacant Land in Coachella,https://bradschmett.com/listing-detail/1181519159/0-Damascus-AVE-Coachella-CA,https://wsrv.nl/?url=https%3A%2F%2Fcdn.photos.sparkplatform.com%2Fgps%2F20260501170811480930000000-o.jpg&w=1200&output=jpg&q=80,"$87,000",Coachella,Vacant Land,For Sale,"0 Damascus AVE, Coachella, CA 92236, CA",If you've been waiting fo,
1181563376,3BR Condo in Palm Springs,https://bradschmett.com/listing-detail/1181563376/426-N-Hermosa-DR-Palm-Springs-CA,https://tamdrashtri.github.io/brad-schmett-remarketing/images/1181563376.jpg,"$962,500",Palm Springs,Condo,For Sale,"426 N Hermosa DR, Palm Springs, CA 92262, CA",A rare opportunity in the,Greenhouse East; 2299 sqft
1181517400,2BR Manufactured Home,https://bradschmett.com/listing-detail/1181517400/74986-Conestoga-DR-Thousand-Palms-CA,https://wsrv.nl/?url=https%3A%2F%2Fcdn.photos.sparkplatform.com%2Fgps%2F20260501162259333840000000-o.jpg&w=1200&output=jpg&q=80,"$345,000",Thousand Palms,Manufactured Home,For Sale,"74986 Conestoga DR, Thousand Palms, CA 92276, CA",Beautifully remodeled app,Ivey Ranch; 1679 sqft
1181517399,2BR Condo in La Quinta,https://bradschmett.com/listing-detail/1181517399/79803-Olympia-Fields-La-Quinta-CA,https://wsrv.nl/?url=https%3A%2F%2Fcdn.photos.sparkplatform.com%2Fgps%2F20260501164443516978000000-o.jpg&w=1200&output=jpg&q=80,"$500,000",La Quinta,Condo,For Sale,"79803 Olympia Fields, La Quinta, CA 92253, CA","Location, Location, Vacat",Pga Palmer Private; 1492 sqft
1181515281,2BR Single Family Home,https://bradschmett.com/listing-detail/1181515281/81710-Avenida-Parito-Indio-CA,https://wsrv.nl/?url=https%3A%2F%2Fcdn.photos.sparkplatform.com%2Fgps%2F20260501134552900290000000-o.jpg&w=1200&output=jpg&q=80,"$425,000",Indio,Single Family Home,For Sale,"81710 Avenida Parito, Indio, CA 92203, CA",Welcome to this beautiful,Sun City Shadow Hills; 1488 sqft
1181515282,5BR Single Family Home,https://bradschmett.com/listing-detail/1181515282/82938-Generations-DR-Indio-CA,https://wsrv.nl/?url=https%3A%2F%2Fcdn.photos.sparkplatform.com%2Fgps%2F20260501013922871001000000-o.jpg&w=1200&output=jpg&q=80,"$708,900",Indio,Single Family Home,For Sale,"82938 Generations DR, Indio, CA 92203, CA",Welcome to your dream hom,Generations; 2901 sqft
1181513493,2BR Single Family Home,https://bradschmett.com/listing-detail/1181513493/54677-Avenida-Diaz-La-Quinta-CA,https://wsrv.nl/?url=https%3A%2F%2Fcdn.photos.sparkplatform.com%2Fgps%2F20260501161330891512000000-o.jpg&w=1200&output=jpg&q=80,"$649,000",La Quinta,Single Family Home,For Sale,"54677 Avenida Diaz, La Quinta, CA 92253, CA",Located at the very top o,La Quinta Cove; 1465 sqft
1181511629,2BR Condo,https://bradschmett.com/listing-detail/1181511629/34865-Mission-Hills-DR-34-Rancho-Mirage-CA,https://wsrv.nl/?url=https%3A%2F%2Fcdn.photos.sparkplatform.com%2Fgps%2F20260430142224076024000000-o.jpg&w=1200&output=jpg&q=80,"$419,000",Rancho Mirage,Condo,For Sale,"34865 Mission Hills DR #34, Rancho Mirage, CA 92270, CA","Fully Furnished, this bea",Mission Hills Country Club; 1568 sqft
1181560149,3BR Single Family Home,https://bradschmett.com/listing-detail/1181560149/52380-Silver-Star-TRL-La-Quinta-CA,https://tamdrashtri.github.io/brad-schmett-remarketing/images/1181560149.jpg,"$959,000",La Quinta,Single Family Home,For Sale,"52380 Silver Star TRL, La Quinta, CA 92253, CA",Set within the desirable ,Rancho Santana; 2905 sqft
1181560157,2BR Single Family Home,https://bradschmett.com/listing-detail/1181560157/26-Tempranillo-Rancho-Mirage-CA,https://tamdrashtri.github.io/brad-schmett-remarketing/images/1181560157.jpg,"$624,000",Rancho Mirage,Single Family Home,For Sale,"26 Tempranillo, Rancho Mirage, CA 92270, CA",Immaculate Getaway on Pre,Del Webb Rm; 1438 sqft
1181509824,4BR Single Family Home,https://bradschmett.com/listing-detail/1181509824/78224-San-Timoteo-ST-La-Quinta-CA,https://wsrv.nl/?url=https%3A%2F%2Fcdn.photos.sparkplatform.com%2Fgps%2F20260429201900208401000000-o.jpg&w=1200&output=jpg&q=80,"$2,470,000",La Quinta,Single Family Home,For Sale,"78224 San Timoteo ST, La Quinta, CA 92253, CA","Grand Custom Home, situat",Lqcc Golf Estates; 4705 sqft
1181558962,Commercial in Palm Desert,https://bradschmett.com/listing-detail/1181558962/77570-Enfield-Palm-Desert-CA,https://tamdrashtri.github.io/brad-schmett-remarketing/images/1181558962.jpg,"$2,250,000",Palm Desert,Commercial,For Sale,"77570 Enfield, Palm Desert, CA 92211, CA",Freestanding Warehouse Wi,
1181558936,3BR Manufactured Home,https://bradschmett.com/listing-detail/1181558936/73450-Country-Club-DR-211-Palm-Desert-CA,https://tamdrashtri.github.io/brad-schmett-remarketing/images/1181558936.jpg,"$285,000",Palm Desert,Manufactured Home,For Sale,"73450 Country Club DR #211, Palm Desert, CA 92260, CA","Fresh finishes, fairway v",Suncrest C.C.; 1776 sqft
1181506096,4BR Single Family Home,https://bradschmett.com/listing-detail/1181506096/9271-Brookline-AVE-Desert-Hot-Springs-CA,https://wsrv.nl/?url=https%3A%2F%2Fcdn.photos.sparkplatform.com%2Fgps%2F20260501152746449379000000-o.jpg&w=1200&output=jpg&q=80,"$418,000",Desert Hot Springs,Single Family Home,For Sale,"9271 Brookline AVE, Desert Hot Springs, CA 92240, CA",Million dollar mountain v,Mission Lakes; 1676 sqft
1181504325,2BR Single Family Home,https://bradschmett.com/listing-detail/1181504325/82595-Ladder-Canyon-DR-Indio-CA,https://wsrv.nl/?url=https%3A%2F%2Fcdn.photos.sparkplatform.com%2Fgps%2F20260501150910791168000000-o.jpg&w=1200&output=jpg&q=80,"$849,000",Indio,Single Family Home,For Sale,"82595 Ladder Canyon DR, Indio, CA 92201, CA",South Facing Pool Home | ,Trilogy Polo Club; 2451 sqft
1181556134,2BR Condo in Palm Springs,https://bradschmett.com/listing-detail/1181556134/261-E-La-Verne-WAY-B-Palm-Springs-CA,https://tamdrashtri.github.io/brad-schmett-remarketing/images/1181556134.jpg,"$435,000",Palm Springs,Condo,For Sale,"261 E La Verne WAY #B, Palm Springs, CA 92264, CA",A rare opportunity to own,Casa Canyon; 1345 sqft
1181501101,4BR Single Family Home,https://bradschmett.com/listing-detail/1181501101/155-Waterford-CIR-Rancho-Mirage-CA,https://wsrv.nl/?url=https%3A%2F%2Fcdn.photos.sparkplatform.com%2Fgps%2F20260430195548578360000000-o.jpg&w=1200&output=jpg&q=80,"$3,175,000",Rancho Mirage,Single Family Home,For Sale,"155 Waterford CIR, Rancho Mirage, CA 92270, CA",South-facing on over half,Waterford; 6202 sqft
1181499447,3BR Condo in Palm Desert,https://bradschmett.com/listing-detail/1181499447/172-Torrey-Pine-DR-Palm-Desert-CA,https://wsrv.nl/?url=https%3A%2F%2Fcdn.photos.sparkplatform.com%2Fgps%2F20260501140555872680000000-o.jpg&w=1200&output=jpg&q=80,"$587,000",Palm Desert,Condo,For Sale,"172 Torrey Pine DR, Palm Desert, CA 92211, CA",Now Available For Viewing,Desert Falls Country Club; 1814 sqft
1181554571,3BR Single Family Home,https://bradschmett.com/listing-detail/1181554571/84206-Canzone-Indio-CA,https://tamdrashtri.github.io/brad-schmett-remarketing/images/1181554571.jpg,"$599,000",Indio,Single Family Home,For Sale,"84206 Canzone, Indio, CA 92203, CA",This beautifully remodele,Terra Lago; 1720 sqft
1181497271,3BR Single Family Home,https://bradschmett.com/listing-detail/1181497271/52550-Avenida-Obregon-La-Quinta-CA,https://wsrv.nl/?url=https%3A%2F%2Fcdn.photos.sparkplatform.com%2Fgps%2F20260501140953092246000000-o.jpg&w=1200&output=jpg&q=80,"$745,000",La Quinta,Single Family Home,For Sale,"52550 Avenida Obregon, La Quinta, CA 92253, CA",Reduced Price! Owner Will,La Quinta Cove; 1796 sqft
1181495724,4BR Single Family Home,https://bradschmett.com/listing-detail/1181495724/24-Via-Monaco-Rancho-Mirage-CA,https://wsrv.nl/?url=https%3A%2F%2Fcdn.photos.sparkplatform.com%2Fgps%2F20260501013318411671000000-o.jpg&w=1200&output=jpg&q=80,"$2,095,000",Rancho Mirage,Single Family Home,For Sale,"24 Via Monaco, Rancho Mirage, CA 92270, CA",Welcome to this exquisite,Estilo; 3929 sqft
1181493797,3BR Manufactured Home,https://bradschmett.com/listing-detail/1181493797/73943-Boca-Chica-Trail-TRL-Thousand-Palms-CA,https://wsrv.nl/?url=https%3A%2F%2Fcdn.photos.sparkplatform.com%2Fgps%2F20260429233449098555000000-o.jpg&w=1200&output=jpg&q=80,"$330,000",Thousand Palms,Manufactured Home,For Sale,"73943 Boca Chica Trail TRL, Thousand Palms, CA 92276, CA",Beautifully remodeled and,Tri-Palm Estates; 1248 sqft
1181492665,3BR Single Family Home,https://bradschmett.com/listing-detail/1181492665/73300-Paradise-AVE-Desert-Hot-Springs-CA,https://wsrv.nl/?url=https%3A%2F%2Fcdn.photos.sparkplatform.com%2Fgps%2F20260501130257229546000000-o.jpg&w=1200&output=jpg&q=80,"$630,000",Desert Hot Springs,Single Family Home,For Sale,"73300 Paradise AVE, Desert Hot Springs, CA 92240, CA",Your Private 5-Acre Deser,2117 sqft
1181550100,3BR Single Family Home,https://bradschmett.com/listing-detail/1181550100/43230-La-Scala-Way-Indio-CA,https://tamdrashtri.github.io/brad-schmett-remarketing/images/1181550100.jpg,"$669,000",Indio,Single Family Home,For Sale,"43230 La Scala Way, Indio, CA 92203, CA","Reimagined and refreshed,",Terra Lago (30924); 2708 sqft
1181546582,3BR Single Family Home,https://bradschmett.com/listing-detail/1181546582/67561-Rio-Largo-RD-Cathedral-City-CA,https://tamdrashtri.github.io/brad-schmett-remarketing/images/1181546582.jpg,"$525,000",Cathedral City,Single Family Home,For Sale,"67561 Rio Largo RD, Cathedral City, CA 92234, CA",If You'Re Looking For Tha,Verano; 1924 sqft
1181548044,3BR Single Family Home,https://bradschmett.com/listing-detail/1181548044/42420-Warner-TRL-Palm-Desert-CA,https://tamdrashtri.github.io/brad-schmett-remarketing/images/1181548044.jpg,"$575,000",Palm Desert,Single Family Home,For Sale,"42420 Warner TRL, Palm Desert, CA 92211, CA",Experience rare golf cour,Palm Desert Country Club (32417); 1755 sqft
1181543250,2BR Manufactured Home,https://bradschmett.com/listing-detail/1181543250/Address-not-disclosed,https://tamdrashtri.github.io/brad-schmett-remarketing/images/1181543250.jpg,"$59,000",Palm Springs,Manufactured Home,For Sale,,New Price! Best Deal In T,Not Applicable-1; 672 sqft
1181539617,4BR Single Family Home,https://bradschmett.com/listing-detail/1181539617/8851-Clubhouse-BLVD-Desert-Hot-Springs-CA,https://tamdrashtri.github.io/brad-schmett-remarketing/images/1181539617.jpg,"$449,500",Desert Hot Springs,Single Family Home,For Sale,"8851 Clubhouse BLVD, Desert Hot Springs, CA 92240, CA",Discover this exceptional,Mission Lakes; 1749 sqft
1181530647,2BR Single Family Home,https://bradschmett.com/listing-detail/1181530647/12-Cork-Tree-Rancho-Mirage-CA,https://tamdrashtri.github.io/brad-schmett-remarketing/images/1181530647.jpg,"$745,900",Rancho Mirage,Single Family Home,For Sale,"12 Cork Tree, Rancho Mirage, CA 92270, CA",The Haven Is One Of The M,Del Webb Rm; 1858 sqft
1181530646,4BR Single Family Home,https://bradschmett.com/listing-detail/1181530646/36419-Las-Begonias-Cathedral-City-CA,https://tamdrashtri.github.io/brad-schmett-remarketing/images/1181530646.jpg,"$569,000",Cathedral City,Single Family Home,For Sale,"36419 Las Begonias, Cathedral City, CA 92234, CA",Smashing! Located in Guar,Rio Del Sol; 2025 sqft
1181528858,2BR Condo in La Quinta,https://bradschmett.com/listing-detail/1181528858/78283-Scarlet-CT-La-Quinta-CA,https://tamdrashtri.github.io/brad-schmett-remarketing/images/1181528858.jpg,"$400,000",La Quinta,Condo,For Sale,"78283 Scarlet CT, La Quinta, CA 92253, CA",Welcome to resort-style l,Palm Royale (30815); 912 sqft
1181526993,4BR Single Family Home,https://bradschmett.com/listing-detail/1181526993/2788-Princess-LN-Palm-Springs-CA,https://tamdrashtri.github.io/brad-schmett-remarketing/images/1181526993.jpg,"$2,050,000",Palm Springs,Single Family Home,For Sale,"2788 Princess LN, Palm Springs, CA 92264, CA",Tucked away on a serene c,Araby; 2945 sqft
1181485640,2BR Manufactured Home,https://bradschmett.com/listing-detail/1181485640/147-Estrada-WAY-Cathedral-City-CA,https://wsrv.nl/?url=https%3A%2F%2Fcdn.photos.sparkplatform.com%2Fgps%2F20260501100605891610000000-o.jpg&w=1200&output=jpg&q=80,"$95,000",Cathedral City,Manufactured Home,For Sale,"147 Estrada WAY, Cathedral City, CA 92234, CA",Golf Course Living At Its,Date Palm Country Club; 1584 sqft
1181485283,3BR Single Family Home,https://bradschmett.com/listing-detail/1181485283/65-Mayfair-DR-Rancho-Mirage-CA,https://wsrv.nl/?url=https%3A%2F%2Fcdn.photos.sparkplatform.com%2Fgps%2F20260430143156379357000000-o.jpg&w=1200&output=jpg&q=80,"$1,799,950",Rancho Mirage,Single Family Home,For Sale,"65 Mayfair DR, Rancho Mirage, CA 92270, CA",Forever Views! Welcome to,Morningside Country; 3402 sqft
1181520780,3BR Single Family Home,https://bradschmett.com/listing-detail/1181520780/2760-E-San-Angelo-Palm-Springs-CA,https://tamdrashtri.github.io/brad-schmett-remarketing/images/1181520780.jpg,"$749,000",Palm Springs,Single Family Home,For Sale,"2760 E San Angelo, Palm Springs, CA 92262, CA","Updated 3-bedroom, 2-bath",Desert Park Estates (33103); 1248 sqft
1181484933,4BR Single Family Home,https://bradschmett.com/listing-detail/1181484933/39060-Kilimanjaro-CT-Palm-Desert-CA,https://wsrv.nl/?url=https%3A%2F%2Fcdn.photos.sparkplatform.com%2Fgps%2F20260501073509873139000000-o.jpg&w=1200&output=jpg&q=80,"$1,199,000",Palm Desert,Single Family Home,For Sale,"39060 Kilimanjaro CT, Palm Desert, CA 92211, CA",Custom detailing during t,Avondale Country Club; 3049 sqft
1181513183,5BR Single Family Home,https://bradschmett.com/listing-detail/1181513183/227-Via-Genova-Cathedral-City-CA,https://tamdrashtri.github.io/brad-schmett-remarketing/images/1181513183.jpg,"$727,490",Cathedral City,Single Family Home,For Sale,"227 Via Genova, Cathedral City, CA 92234, CA",Welcome to The Collection,Albert Management; 2929 sqft
1181513244,3BR Single Family Home,https://bradschmett.com/listing-detail/1181513244/41563-Pedro-Buff-DR-Bermuda-Dunes-CA,https://tamdrashtri.github.io/brad-schmett-remarketing/images/1181513244.jpg,"$699,000",Bermuda Dunes,Single Family Home,For Sale,"41563 Pedro Buff DR, Bermuda Dunes, CA 92203, CA",Welcome to 41563 Pedro Bu,Not In A Development; 1720 sqft
1181513254,3BR Single Family Home,https://bradschmett.com/listing-detail/1181513254/73786-Monet-Palm-Desert-CA,https://tamdrashtri.github.io/brad-schmett-remarketing/images/1181513254.jpg,"$865,000",Palm Desert,Single Family Home,For Sale,"73786 Monet, Palm Desert, CA 92211, CA",Welcome to 73786 Monet Dr,The Gallery (3715); 2610 sqft
1181507707,3BR Single Family Home,https://bradschmett.com/listing-detail/1181507707/4-Cartier-CT-Rancho-Mirage-CA,https://tamdrashtri.github.io/brad-schmett-remarketing/images/1181507707.jpg,"$899,000",Rancho Mirage,Single Family Home,For Sale,"4 Cartier CT, Rancho Mirage, CA 92270, CA",Take Advantage Of This Am,Versailles; 2101 sqft
1181484671,3BR Single Family Home,https://bradschmett.com/listing-detail/1181484671/53745-Avenida-Juarez-La-Quinta-CA,https://wsrv.nl/?url=https%3A%2F%2Fcdn.photos.sparkplatform.com%2Fgps%2F20260430181838725105000000-o.jpg&w=1200&output=jpg&q=80,"$675,000",La Quinta,Single Family Home,For Sale,"53745 Avenida Juarez, La Quinta, CA 92253, CA",Experience the charm of d,La Quinta Cove; 1518 sqft
1181504103,2BR Condo in Palm Desert,https://bradschmett.com/listing-detail/1181504103/72853-Don-Larson-LN-Palm-Desert-CA,https://tamdrashtri.github.io/brad-schmett-remarketing/images/1181504103.jpg,"$450,000",Palm Desert,Condo,For Sale,"72853 Don Larson LN, Palm Desert, CA 92260, CA",Exceptionally remodeled w,Deep Canyon Tennis Club; 1170 sqft
1181504104,2BR Condo,https://bradschmett.com/listing-detail/1181504104/35583-W-Paseo-Circulo-Cathedral-City-CA,https://tamdrashtri.github.io/brad-schmett-remarketing/images/1181504104.jpg,"$415,000",Cathedral City,Condo,For Sale,"35583 W Paseo Circulo, Cathedral City, CA 92234, CA","Welcome to easy, elevated",Cathedral Canyon Country Club; 1020 sqft
1181504120,3BR Condo in Palm Springs,https://bradschmett.com/listing-detail/1181504120/2667-E-Jacaranda-RD-Palm-Springs-CA,https://tamdrashtri.github.io/brad-schmett-remarketing/images/1181504120.jpg,"$1,399,000",Palm Springs,Condo,For Sale,"2667 E Jacaranda RD, Palm Springs, CA 92264, CA",Welcome to 2667 Jacaranda,Mara Bella Estates; 2466 sqft
1181504113,2BR Condo,https://bradschmett.com/listing-detail/1181504113/1211-Tamarisk-West-ST-Rancho-Mirage-CA,https://tamdrashtri.github.io/brad-schmett-remarketing/images/1181504113.jpg,"$779,000",Rancho Mirage,Condo,For Sale,"1211 Tamarisk West ST, Rancho Mirage, CA 92270, CA","Now offered at $779,000, ",Tamarisk West; 1960 sqft
1181483623,4BR Single Family Home,https://bradschmett.com/listing-detail/1181483623/103-Batista-CT-Palm-Desert-CA,https://wsrv.nl/?url=https%3A%2F%2Fcdn.photos.sparkplatform.com%2Fgps%2F20260420220413761128000000-o.jpg&w=1200&output=jpg&q=80,"$899,900",Palm Desert,Single Family Home,For Sale,"103 Batista CT, Palm Desert, CA 92211, CA",Beautiful home in Brenna ,Brenna At Capri; 3138 sqft
1181483624,Vacant Land,https://bradschmett.com/listing-detail/1181483624/2-Carrera-PL-Rancho-Mirage-CA,https://wsrv.nl/?url=https%3A%2F%2Fcdn.photos.sparkplatform.com%2Fgps%2F20260430214747141547000000-o.jpg&w=1200&output=jpg&q=80,"$875,000",Rancho Mirage,Vacant Land,For Sale,"2 Carrera PL, Rancho Mirage, CA 92270, CA",Don't miss this rare oppo,Carrera Estates
1181483629,3BR Single Family Home,https://bradschmett.com/listing-detail/1181483629/47432-Medina-DR-W-Palm-Desert-CA,https://wsrv.nl/?url=https%3A%2F%2Fcdn.photos.sparkplatform.com%2Fgps%2F20260427185919995177000000-o.jpg&w=1200&output=jpg&q=80,"$1,195,000",Palm Desert,Single Family Home,For Sale,"47432 Medina DR W, Palm Desert, CA 92260, CA",Set within the iconic gat,Marrakesh Country Club; 2466 sqft
1181483626,4BR Single Family Home,https://bradschmett.com/listing-detail/1181483626/54048-Riviera-La-Quinta-CA,https://wsrv.nl/?url=https%3A%2F%2Fcdn.photos.sparkplatform.com%2Fgps%2F20260501133805817605000000-o.jpg&w=1200&output=jpg&q=80,"$1,125,000",La Quinta,Single Family Home,For Sale,"54048 Riviera, La Quinta, CA 92253, CA",Breathtaking views at 540,Pga Palmer Private; 2424 sqft
1181483625,3BR Condo in La Quinta,https://bradschmett.com/listing-detail/1181483625/55395-Southern-La-Quinta-CA,https://wsrv.nl/?url=https%3A%2F%2Fcdn.photos.sparkplatform.com%2Fgps%2F20260415160613289007000000-o.jpg&w=1200&output=jpg&q=80,"$999,000",La Quinta,Condo,For Sale,"55395 Southern, La Quinta, CA 92253, CA",Golf course condo on the ,Pga Stadium; 2596 sqft
1181483628,3BR Single Family Home,https://bradschmett.com/listing-detail/1181483628/78225-Hacienda-La-Quinta-DR-La-Quinta-CA,https://wsrv.nl/?url=https%3A%2F%2Fcdn.photos.sparkplatform.com%2Fgps%2F20260429173259698577000000-o.jpg&w=1200&output=jpg&q=80,"$2,570,000",La Quinta,Single Family Home,For Sale,"78225 Hacienda La Quinta DR, La Quinta, CA 92253, CA",La Quinta Country Club cu,Lqcc Golf Estates; 3528 sqft
1181500889,4BR Single Family Home,https://bradschmett.com/listing-detail/1181500889/1349-S-Sagebrush-RD-Palm-Springs-CA,https://tamdrashtri.github.io/brad-schmett-remarketing/images/1181500889.jpg,"$2,650,000",Palm Springs,Single Family Home,For Sale,"1349 S Sagebrush RD, Palm Springs, CA 92264, CA",1349 Sagebrush Road is a ,Deepwell; 2495 sqft
1181495468,3BR Single Family Home,https://bradschmett.com/listing-detail/1181495468/168-E-Morongo-RD-Palm-Springs-CA,https://tamdrashtri.github.io/brad-schmett-remarketing/images/1181495468.jpg,"$1,745,000",Palm Springs,Single Family Home,For Sale,"168 E Morongo RD, Palm Springs, CA 92264, CA",168 Morongo Road presents,Tahquitz River Estates; 2009 sqft
1181482277,3BR Condo,https://bradschmett.com/listing-detail/1181482277/152-Kavenish-DR-Rancho-Mirage-CA,https://wsrv.nl/?url=https%3A%2F%2Fcdn.photos.sparkplatform.com%2Fgps%2F20260501055851628569000000-o.jpg&w=1200&output=jpg&q=80,"$649,000",Rancho Mirage,Condo,For Sale,"152 Kavenish DR, Rancho Mirage, CA 92270, CA",Located in the desirable ,Rancho Mirage Country Club; 2136 sqft
1181481231,2BR Condo in Palm Desert,https://bradschmett.com/listing-detail/1181481231/42231-Sultan-AVE-Palm-Desert-CA,https://wsrv.nl/?url=https%3A%2F%2Fcdn.photos.sparkplatform.com%2Fgps%2F20260501150640714161000000-o.jpg&w=1200&output=jpg&q=80,"$335,000",Palm Desert,Condo,For Sale,"42231 Sultan AVE, Palm Desert, CA 92211, CA","Charming 2-bedroom, 2-bat",Oasis Country Club; 1230 sqft
1181480825,2BR Single Family Home,https://bradschmett.com/listing-detail/1181480825/66553-Estrella-AVE-Desert-Hot-Springs-CA,https://wsrv.nl/?url=https%3A%2F%2Fcdn.photos.sparkplatform.com%2Fgps%2F20260501045051767662000000-o.jpg&w=1200&output=jpg&q=80,"$330,000",Desert Hot Springs,Single Family Home,For Sale,"66553 Estrella AVE, Desert Hot Springs, CA 92240, CA",Welcome to this charming ,1355 sqft
1181479170,2BR Single Family Home,https://bradschmett.com/listing-detail/1181479170/82755-E-Ryan-WAY-Indio-CA,https://wsrv.nl/?url=https%3A%2F%2Fcdn.photos.sparkplatform.com%2Fgps%2F20260501014029122451000000-o.jpg&w=1200&output=jpg&q=80,"$498,200",Indio,Single Family Home,For Sale,"82755 E Ryan WAY, Indio, CA 92201, CA",Gallery offers Beautifull,Indian Palms; 1533 sqft
1181478803,2BR Condo in Palm Desert,https://bradschmett.com/listing-detail/1181478803/42635-Adalin-WAY-Palm-Desert-CA,https://wsrv.nl/?url=https%3A%2F%2Fcdn.photos.sparkplatform.com%2Fgps%2F20260502155011374407000000-o.jpg&w=1200&output=jpg&q=80,"$345,000",Palm Desert,Condo,For Sale,"42635 Adalin WAY, Palm Desert, CA 92211, CA",Assumable Loan Opportunit,Oasis Country Club; 1576 sqft
1181478804,3BR Condo in Indian Wells,https://bradschmett.com/listing-detail/1181478804/76855-Robin-DR-Indian-Wells-CA,https://wsrv.nl/?url=https%3A%2F%2Fcdn.photos.sparkplatform.com%2Fgps%2F20260501033540833334000000-o.jpg&w=1200&output=jpg&q=80,"$1,300,000",Indian Wells,Condo,For Sale,"76855 Robin DR, Indian Wells, CA 92210, CA",Remodeled and beautifully,Indian Wells Country Club; 2280 sqft
1181477979,2BR Manufactured Home,https://bradschmett.com/listing-detail/1181477979/39705-Manzanita-DR-Palm-Desert-CA,https://wsrv.nl/?url=https%3A%2F%2Fcdn.photos.sparkplatform.com%2Fgps%2F20260501024940340399000000-o.jpg&w=1200&output=jpg&q=80,"$337,500",Palm Desert,Manufactured Home,For Sale,"39705 Manzanita DR, Palm Desert, CA 92260, CA",**2.75% assumable loan** ,Palm Desert Greens; 1440 sqft
1181473596,2BR Single Family Home,https://bradschmett.com/listing-detail/1181473596/78874-Falsetto-DR-Palm-Desert-CA,https://wsrv.nl/?url=https%3A%2F%2Fcdn.photos.sparkplatform.com%2Fgps%2F20260429141814209608000000-o.jpg&w=1200&output=jpg&q=80,"$569,900",Palm Desert,Single Family Home,For Sale,"78874 Falsetto DR, Palm Desert, CA 92211, CA","Experience easy, resort-s",Sun City; 1914 sqft
1181473044,4BR Single Family Home,https://bradschmett.com/listing-detail/1181473044/64382-Spyglass-AVE-Desert-Hot-Springs-CA,https://wsrv.nl/?url=https%3A%2F%2Fcdn.photos.sparkplatform.com%2Fgps%2F20260501010013615645000000-o.jpg&w=1200&output=jpg&q=80,"$485,000",Desert Hot Springs,Single Family Home,For Sale,"64382 Spyglass AVE, Desert Hot Springs, CA 92240, CA",Gorgeous Brand-new constr,Mission Lakes; 1730 sqft
1181469759,3BR Single Family Home,https://bradschmett.com/listing-detail/1181469759/69435-Salem-RD-Cathedral-City-CA,https://wsrv.nl/?url=https%3A%2F%2Fcdn.photos.sparkplatform.com%2Fgps%2F20260430235902908946000000-o.jpg&w=1200&output=jpg&q=80,"$515,000",Cathedral City,Single Family Home,For Sale,"69435 Salem RD, Cathedral City, CA 92234, CA",Located in the highly des,Century Park; 1404 sqft
1181469027,3BR Single Family Home,https://bradschmett.com/listing-detail/1181469027/54-San-Fernando-Rancho-Mirage-CA,https://wsrv.nl/?url=https%3A%2F%2Fcdn.photos.sparkplatform.com%2Fgps%2F20260425185157543316000000-o.jpg&w=1200&output=jpg&q=80,"$995,000",Rancho Mirage,Single Family Home,For Sale,"54 San Fernando, Rancho Mirage, CA 92270, CA",Coming soon to the exclus,San Marino; 2598 sqft
1181469026,3BR Single Family Home,https://bradschmett.com/listing-detail/1181469026/78089-Jalousie-DR-Palm-Desert-CA,https://wsrv.nl/?url=https%3A%2F%2Fcdn.photos.sparkplatform.com%2Fgps%2F20260430231137091869000000-o.jpg&w=1200&output=jpg&q=80,"$569,000",Palm Desert,Single Family Home,For Sale,"78089 Jalousie DR, Palm Desert, CA 92211, CA",Elegant Morocco floor pla,Sun City; 1864 sqft
1181469025,3BR Single Family Home,https://bradschmett.com/listing-detail/1181469025/78850-Via-Ventana-La-Quinta-CA,https://wsrv.nl/?url=https%3A%2F%2Fcdn.photos.sparkplatform.com%2Fgps%2F20260430233952324912000000-o.jpg&w=1200&output=jpg&q=80,"$1,099,000",La Quinta,Single Family Home,For Sale,"78850 Via Ventana, La Quinta, CA 92253, CA",Welcome to your next chap,Rancho La Quinta Country Club; 2074 sqft
1181467441,2BR Condo in Palm Desert,https://bradschmett.com/listing-detail/1181467441/73280-Rosewood-CT-Palm-Desert-CA,https://wsrv.nl/?url=https%3A%2F%2Fcdn.photos.sparkplatform.com%2Fgps%2F20260501150740975031000000-o.jpg&w=1200&output=jpg&q=80,"$595,000",Palm Desert,Condo,For Sale,"73280 Rosewood CT, Palm Desert, CA 92260, CA",Tucked within the sought-,Ironwood Country Club; 1293 sqft
1181466593,1BR Condo in La Quinta,https://bradschmett.com/listing-detail/1181466593/50620-Santa-Rosa-PLZ-4-La-Quinta-CA,https://wsrv.nl/?url=https%3A%2F%2Fcdn.photos.sparkplatform.com%2Fgps%2F20260430201910401610000000-o.jpg&w=1200&output=jpg&q=80,"$296,000",La Quinta,Condo,For Sale,"50620 Santa Rosa PLZ #4, La Quinta, CA 92253, CA",Experience effortless res,Casitas Las Rosas; 682 sqft
1181462546,4BR Single Family Home,https://bradschmett.com/listing-detail/1181462546/2776-Leto-AVE-Thermal-CA,https://wsrv.nl/?url=https%3A%2F%2Fcdn.photos.sparkplatform.com%2Fgps%2F20260430215959925235000000-o.jpg&w=1200&output=jpg&q=80,"$370,000",Thermal,Single Family Home,For Sale,"2776 Leto AVE, Thermal, CA 92274, CA",Welcome to this spectacul,Vista Del Mar; 1435 sqft
1181462548,2BR Condo in Palm Springs,https://bradschmett.com/listing-detail/1181462548/481-N-Hermosa-DR-Palm-Springs-CA,https://wsrv.nl/?url=https%3A%2F%2Fcdn.photos.sparkplatform.com%2Fgps%2F20260430194123953872000000-o.jpg&w=1200&output=jpg&q=80,"$479,000",Palm Springs,Condo,For Sale,"481 N Hermosa DR, Palm Springs, CA 92262, CA",Live the quintessential P,Greenhouse; 1194 sqft
1181462547,3BR Single Family Home,https://bradschmett.com/listing-detail/1181462547/78192-Kensington-AVE-Palm-Desert-CA,https://wsrv.nl/?url=https%3A%2F%2Fcdn.photos.sparkplatform.com%2Fgps%2F20260430204651568814000000-o.jpg&w=1200&output=jpg&q=80,"$795,000",Palm Desert,Single Family Home,For Sale,"78192 Kensington AVE, Palm Desert, CA 92211, CA",Beautifully Remodeled Hom,Sun City; 1900 sqft
1181461106,3BR Single Family Home,https://bradschmett.com/listing-detail/1181461106/28670-Avenida-Maravilla-Cathedral-City-CA,https://wsrv.nl/?url=https%3A%2F%2Fcdn.photos.sparkplatform.com%2Fgps%2F20260430165205572481000000-o.jpg&w=1200&output=jpg&q=80,"$535,000",Cathedral City,Single Family Home,For Sale,"28670 Avenida Maravilla, Cathedral City, CA 92234, CA",Updated home located acro,Panorama; 1698 sqft
1181459827,2BR Single Family Home,https://bradschmett.com/listing-detail/1181459827/38661-Desert-Mirage-DR-Palm-Desert-CA,https://wsrv.nl/?url=https%3A%2F%2Fcdn.photos.sparkplatform.com%2Fgps%2F20260430205252828484000000-o.jpg&w=1200&output=jpg&q=80,"$879,000",Palm Desert,Single Family Home,For Sale,"38661 Desert Mirage DR, Palm Desert, CA 92260, CA",Welcome to 38661 Desert M,Desert Mirage; 2307 sqft
1181458541,2BR Single Family Home,https://bradschmett.com/listing-detail/1181458541/80861-Calle-Azul-La-Quinta-CA,https://wsrv.nl/?url=https%3A%2F%2Fcdn.photos.sparkplatform.com%2Fgps%2F20260427183212156374000000-o.jpg&w=1200&output=jpg&q=80,"$519,000",La Quinta,Single Family Home,For Sale,"80861 Calle Azul, La Quinta, CA 92253, CA",Welcome to Paradise! Puer,Puerta Azul; 1371 sqft
1181480026,2BR Condo,https://bradschmett.com/listing-detail/1181480026/69745-Encanto-CT-Rancho-Mirage-CA,https://tamdrashtri.github.io/brad-schmett-remarketing/images/1181480026.jpg,"$319,900",Rancho Mirage,Condo,For Sale,"69745 Encanto CT, Rancho Mirage, CA 92270, CA",Tucked inside the gated c,Mountain View Villas (32161); 999 sqft
1181456915,2BR Single Family Home,https://bradschmett.com/listing-detail/1181456915/37338-Turnberry-Isle-DR-Palm-Desert-CA,https://wsrv.nl/?url=https%3A%2F%2Fcdn.photos.sparkplatform.com%2Fgps%2F20260429213927914444000000-o.jpg&w=1200&output=jpg&q=80,"$529,900",Palm Desert,Single Family Home,For Sale,"37338 Turnberry Isle DR, Palm Desert, CA 92211, CA",Expansive Mountain Views ,Sun City; 2102 sqft
1181455518,Vacant Land in Thermal,https://bradschmett.com/listing-detail/1181455518/2074-Center-ST-Thermal-CA,https://wsrv.nl/?url=https%3A%2F%2Fcdn.photos.sparkplatform.com%2Fgps%2F20260430204655940809000000-o.jpg&w=1200&output=jpg&q=80,"$60,000",Thermal,Vacant Land,For Sale,"2074 Center ST, Thermal, CA 92274, CA",Large commercial property,West Shores
1181452410,3BR Condo in Palm Desert,https://bradschmett.com/listing-detail/1181452410/340-Bright-Rock-DR-Palm-Desert-CA,https://wsrv.nl/?url=https%3A%2F%2Fcdn.photos.sparkplatform.com%2Fgps%2F20260430164717139396000000-o.jpg&w=1200&output=jpg&q=80,"$1,275,000",Palm Desert,Condo,For Sale,"340 Bright Rock DR, Palm Desert, CA 92211, CA",Perfectly positioned to c,Indian Ridge; 2712 sqft
1181478244,3BR Single Family Home,https://bradschmett.com/listing-detail/1181478244/76589-New-York-Ave-Palm-Desert-CA,https://tamdrashtri.github.io/brad-schmett-remarketing/images/1181478244.jpg,"$559,000",Palm Desert,Single Family Home,For Sale,"76589 New York Ave, Palm Desert, CA 92211, CA",Oasis! Oasis! Charming 3 ,Palm Desert Country Club (32417); 1402 sqft
1181450203,3BR Single Family Home,https://bradschmett.com/listing-detail/1181450203/39763-Majorca-DR-S-Indio-CA,https://wsrv.nl/?url=https%3A%2F%2Fcdn.photos.sparkplatform.com%2Fgps%2F20260430193833876405000000-o.jpg&w=1200&output=jpg&q=80,"$579,999",Indio,Single Family Home,For Sale,"39763 Majorca DR S, Indio, CA 92203, CA",*Price Reduction* Welcome,Espana; 1904 sqft
1181448526,Vacant Land,https://bradschmett.com/listing-detail/1181448526/69411-Ramon-RD-633-Cathedral-City-CA,https://wsrv.nl/?url=https%3A%2F%2Fcdn.photos.sparkplatform.com%2Fgps%2F20260430193711857668000000-o.jpg&w=1200&output=jpg&q=80,"$164,500",Cathedral City,Vacant Land,For Sale,"69411 Ramon RD #633, Cathedral City, CA 92234, CA",An exceptional and highly,Outdoor Resorts Palm Springs
1181476778,6BR Single Family Home,https://bradschmett.com/listing-detail/1181476778/83637-Granite-Pass-TRL-Coachella-CA,https://tamdrashtri.github.io/brad-schmett-remarketing/images/1181476778.jpg,"$775,000",Coachella,Single Family Home,For Sale,"83637 Granite Pass TRL, Coachella, CA 92236, CA",Welcome to an incredible ,La Paloma Estates (31508); 2940 sqft
1181446943,3BR Single Family Home,https://bradschmett.com/listing-detail/1181446943/62616-N-Starcross-DR-Desert-Hot-Springs-CA,https://wsrv.nl/?url=https%3A%2F%2Fcdn.photos.sparkplatform.com%2Fgps%2F20260430191627051798000000-o.jpg&w=1200&output=jpg&q=80,"$405,000",Desert Hot Springs,Single Family Home,For Sale,"62616 N Starcross DR, Desert Hot Springs, CA 92240, CA",Welcome to this beautiful,Skyborne; 1786 sqft
1181446944,2BR Manufactured Home,https://bradschmett.com/listing-detail/1181446944/73450-Country-Club-DR-267-Palm-Desert-CA,https://wsrv.nl/?url=https%3A%2F%2Fcdn.photos.sparkplatform.com%2Fgps%2F20260430192755908420000000-o.jpg&w=1200&output=jpg&q=80,"$319,000",Palm Desert,Manufactured Home,For Sale,"73450 Country Club DR #267, Palm Desert, CA 92260, CA",Discover the best kept se,Suncrest Country Club; 1632 sqft
1181474669,2BR Condo in Palm Springs,https://bradschmett.com/listing-detail/1181474669/1541-Sunflower-CT-S-Palm-Springs-CA,https://tamdrashtri.github.io/brad-schmett-remarketing/images/1181474669.jpg,"$259,000",Palm Springs,Condo,For Sale,"1541 Sunflower CT S, Palm Springs, CA 92262, CA",Welcome to this friendly ,Sunrise Palms (33130); 837 sqft
1181438719,2BR Manufactured Home,https://bradschmett.com/listing-detail/1181438719/38251-Desert-Greens-DR-E-Palm-Desert-CA,https://wsrv.nl/?url=https%3A%2F%2Fcdn.photos.sparkplatform.com%2Fgps%2F20260430170705064652000000-o.jpg&w=1200&output=jpg&q=80,"$240,000",Palm Desert,Manufactured Home,For Sale,"38251 Desert Greens DR E, Palm Desert, CA 92260, CA",Discover exceptional valu,Palm Desert Greens; 1780 sqft
1181438718,3BR Single Family Home,https://bradschmett.com/listing-detail/1181438718/81641-Avenue-48-70-Indio-CA,https://wsrv.nl/?url=https%3A%2F%2Fcdn.photos.sparkplatform.com%2Fgps%2F20260430180801346395000000-o.jpg&w=1200&output=jpg&q=80,"$290,000",Indio,Single Family Home,For Sale,"81641 Avenue 48 #70, Indio, CA 92201, CA","Charming 3Bd, 2Ba In Dese",Desert Grove; 1056 sqft
1181473995,1BR Manufactured Home,https://bradschmett.com/listing-detail/1181473995/69801-Ramon-RD-Cathedral-City-CA,https://tamdrashtri.github.io/brad-schmett-remarketing/images/1181473995.jpg,"$70,000",Cathedral City,Manufactured Home,For Sale,"69801 Ramon RD, Cathedral City, CA 92234, CA","Welcome to beautiful, res",Desert Shadows Rv Resort; 707 sqft
1181437208,2BR Manufactured Home,https://bradschmett.com/listing-detail/1181437208/69530-Dillon-RD-13a-Desert-Hot-Springs-CA,https://wsrv.nl/?url=https%3A%2F%2Fcdn.photos.sparkplatform.com%2Fgps%2F20260430210108808583000000-o.jpg&w=1200&output=jpg&q=80,"$130,000",Desert Hot Springs,Manufactured Home,For Sale,"69530 Dillon RD #13a, Desert Hot Springs, CA 92241, CA",Mobile home in DHS low pr,1368 sqft
1181435662,2BR Condo in Palm Desert,https://bradschmett.com/listing-detail/1181435662/201-Las-Lomas-Palm-Desert-CA,https://wsrv.nl/?url=https%3A%2F%2Fcdn.photos.sparkplatform.com%2Fgps%2F20260430001100674614000000-o.jpg&w=1200&output=jpg&q=80,"$805,000",Palm Desert,Condo,For Sale,"201 Las Lomas, Palm Desert, CA 92260, CA",Positioned as one of the ,Monterey Country Club; 1656 sqft
1181431794,3BR Condo in Palm Springs,https://bradschmett.com/listing-detail/1181431794/2718-Dancing-Sands-DR-Palm-Springs-CA,https://wsrv.nl/?url=https%3A%2F%2Fcdn.photos.sparkplatform.com%2Fgps%2F20260430162940971369000000-o.jpg&w=1200&output=jpg&q=80,"$895,000",Palm Springs,Condo,For Sale,"2718 Dancing Sands DR, Palm Springs, CA 92262, CA",Perfectly positioned behi,Vibe; 1940 sqft
1181469596,4BR Multi-Family,https://bradschmett.com/listing-detail/1181469596/66271-Buena-Vista-Desert-Hot-Springs-CA,https://tamdrashtri.github.io/brad-schmett-remarketing/images/1181469596.jpg,"$549,900",Desert Hot Springs,Multi-Family,For Sale,"66271 Buena Vista, Desert Hot Springs, CA 92240, CA",Great Opportunity in Dese,1718 sqft
1181467301,4BR Single Family Home,https://bradschmett.com/listing-detail/1181467301/34949-Via-Josefina-Rancho-Mirage-CA,https://tamdrashtri.github.io/brad-schmett-remarketing/images/1181467301.jpg,"$2,999,000",Rancho Mirage,Single Family Home,For Sale,"34949 Via Josefina, Rancho Mirage, CA 92270, CA",The Best Deal In All Of R,Not In A Development; 3469 sqft
1181466431,3BR Single Family Home,https://bradschmett.com/listing-detail/1181466431/2383-E-Bellamy-Palm-Springs-CA,https://tamdrashtri.github.io/brad-schmett-remarketing/images/1181466431.jpg,"$849,000",Palm Springs,Single Family Home,For Sale,"2383 E Bellamy, Palm Springs, CA 92262, CA","2383 E Bellamy] Pal, Spri",Desert Park Estates (33103); 1584 sqft
1181416595,3BR Single Family Home,https://bradschmett.com/listing-detail/1181416595/64350-Brae-Burn-AVE-Desert-Hot-Springs-CA,https://wsrv.nl/?url=https%3A%2F%2Fcdn.photos.sparkplatform.com%2Fgps%2F20260430034057065730000000-o.jpg&w=1200&output=jpg&q=80,"$399,000",Desert Hot Springs,Single Family Home,For Sale,"64350 Brae Burn AVE, Desert Hot Springs, CA 92240, CA",Welcome to all that Missi,Mission Lakes; 1803 sqft
1181463391,3BR Single Family Home,https://bradschmett.com/listing-detail/1181463391/76946-Kentucky-Palm-Desert-CA,https://tamdrashtri.github.io/brad-schmett-remarketing/images/1181463391.jpg,"$535,000",Palm Desert,Single Family Home,For Sale,"76946 Kentucky, Palm Desert, CA 92211, CA",Beautiful single level ho,1477 sqft
1181462410,3BR Condo,https://bradschmett.com/listing-detail/1181462410/31-Majorca-Rancho-Mirage-CA,https://tamdrashtri.github.io/brad-schmett-remarketing/images/1181462410.jpg,"$570,000",Rancho Mirage,Condo,For Sale,"31 Majorca, Rancho Mirage, CA 92270, CA",Located in the exclusive ,Sunrise C.C. (32185); 1678 sqft
1181462396,2BR Condo in Palm Springs,https://bradschmett.com/listing-detail/1181462396/401-S-El-Cielo-RD-35-Palm-Springs-CA,https://tamdrashtri.github.io/brad-schmett-remarketing/images/1181462396.jpg,"$304,999",Palm Springs,Condo,For Sale,"401 S El Cielo RD #35, Palm Springs, CA 92262, CA","Welcome to La Palme, one ",La Palme (33229); 1012 sqft
1181460918,2BR Condo in Palm Springs,https://bradschmett.com/listing-detail/1181460918/588-E-San-Lorenzo-RD-105-Palm-Springs-CA,https://tamdrashtri.github.io/brad-schmett-remarketing/images/1181460918.jpg,"$589,000",Palm Springs,Condo,For Sale,"588 E San Lorenzo RD #105, Palm Springs, CA 92264, CA",Unit 105 at Querencia Pal,Tahquitz River Estates; 1200 sqft
1181460928,4BR Single Family Home,https://bradschmett.com/listing-detail/1181460928/13416-Cholla-Dr.-Desert-Hot-Springs-CA,https://tamdrashtri.github.io/brad-schmett-remarketing/images/1181460928.jpg,"$569,900",Desert Hot Springs,Single Family Home,For Sale,"13416 Cholla Dr., Desert Hot Springs, CA 92240, CA",Experience desert luxury ,Desert View Estates (34004); 1980 sqft
1181453923,2BR Condo in Palm Springs,https://bradschmett.com/listing-detail/1181453923/469-Desert-Lakes-DR-Palm-Springs-CA,https://tamdrashtri.github.io/brad-schmett-remarketing/images/1181453923.jpg,"$525,000",Palm Springs,Condo,For Sale,"469 Desert Lakes DR, Palm Springs, CA 92264, CA",Explore this fabulously r,1724 sqft
1181452152,3BR Manufactured Home,https://bradschmett.com/listing-detail/1181452152/74711-Dillon-RD-301-Desert-Hot-Springs-CA,https://tamdrashtri.github.io/brad-schmett-remarketing/images/1181452152.jpg,"$140,000",Desert Hot Springs,Manufactured Home,For Sale,"74711 Dillon RD #301, Desert Hot Springs, CA 92241, CA",Spacious and hard to find,1588 sqft
1181449916,Vacant Land in Thermal,https://bradschmett.com/listing-detail/1181449916/2538-Sea-Haven-Thermal-CA,https://tamdrashtri.github.io/brad-schmett-remarketing/images/1181449916.jpg,"$30,000",Thermal,Vacant Land,For Sale,"2538 Sea Haven, Thermal, CA 92274, CA",Residential vacant lot lo,Vista Santa Rosa (31601)
1181446679,5BR Multi-Family,https://bradschmett.com/listing-detail/1181446679/66012-5th-ST-Desert-Hot-Springs-CA,https://tamdrashtri.github.io/brad-schmett-remarketing/images/1181446679.jpg,"$539,900",Desert Hot Springs,Multi-Family,For Sale,"66012 5th ST, Desert Hot Springs, CA 92240, CA",Versatile 3 Unit Property,2384 sqft
1181446696,Multi-Family,https://bradschmett.com/listing-detail/1181446696/66012-5th-ST-Desert-Hot-Springs-CA,https://tamdrashtri.github.io/brad-schmett-remarketing/images/1181446696.jpg,"$539,900",Desert Hot Springs,Multi-Family,For Sale,"66012 5th ST, Desert Hot Springs, CA 92240, CA",Versatile 3 Unit Property,
1181443489,Vacant Land,https://bradschmett.com/listing-detail/1181443489/2-nd-and-Palm-Drive-Commercial-Land-Desert-Hot-Springs-CA,https://tamdrashtri.github.io/brad-schmett-remarketing/images/1181443489.jpg,"$599,000",Desert Hot Springs,Vacant Land,For Sale,"2 nd and Palm Drive Commercial Land, Desert Hot Springs, CA 92240, CA",Palm Drive frontage corne,
1181433104,Vacant Land,https://bradschmett.com/listing-detail/1181433104/10-Acre-Dillon-and-Avenida-Manzana-Desert-Hot-Springs-CA,https://tamdrashtri.github.io/brad-schmett-remarketing/images/1181433104.jpg,"$775,000",Desert Hot Springs,Vacant Land,For Sale,"10 Acre Dillon and Avenida Manzana, Desert Hot Springs, CA 92258, CA",Mixed-use + residential d,North Palm Springs
1181426771,2BR Condo in Palm Springs,https://bradschmett.com/listing-detail/1181426771/3600-E-Bogert-TRL-B-Palm-Springs-CA,https://tamdrashtri.github.io/brad-schmett-remarketing/images/1181426771.jpg,"$749,000",Palm Springs,Condo,For Sale,"3600 E Bogert TRL #B, Palm Springs, CA 92264, CA",Welcome to your desert re,Andreas Hills; 1771 sqft
1181424703,Vacant Land,https://bradschmett.com/listing-detail/1181424703/0-18th-Ave-Desert-Hot-Springs-CA,https://tamdrashtri.github.io/brad-schmett-remarketing/images/1181424703.jpg,"$30,000",Desert Hot Springs,Vacant Land,For Sale,"0 18th Ave, Desert Hot Springs, CA 92240, CA",Located in Desert Hot Spr,
1181402074,3BR Condo,https://bradschmett.com/listing-detail/1181402074/34845-Mission-Hills-DR-Rancho-Mirage-CA,https://wsrv.nl/?url=https%3A%2F%2Fcdn.photos.sparkplatform.com%2Fgps%2F20260429211523574588000000-o.jpg&w=1200&output=jpg&q=80,"$698,500",Rancho Mirage,Condo,For Sale,"34845 Mission Hills DR, Rancho Mirage, CA 92270, CA",Set within prestigious Mi,Mission Hills Country Club; 2924 sqft
1181419647,2BR Condo,https://bradschmett.com/listing-detail/1181419647/28284-Desert-Princess-DR-Cathedral-City-CA,https://tamdrashtri.github.io/brad-schmett-remarketing/images/1181419647.jpg,"$449,000",Cathedral City,Condo,For Sale,"28284 Desert Princess DR, Cathedral City, CA 92234, CA",Welcome to a fully reimag,Desert Princess Cc; 1212 sqft
1181415055,2BR Single Family Home,https://bradschmett.com/listing-detail/1181415055/73940-Mountain-View-AVE-Palm-Desert-CA,https://tamdrashtri.github.io/brad-schmett-remarketing/images/1181415055.jpg,"$735,000",Palm Desert,Single Family Home,For Sale,"73940 Mountain View AVE, Palm Desert, CA 92260, CA",This ultra private South ,Not In A Development; 1450 sqft
1181401391,4BR Single Family Home,https://bradschmett.com/listing-detail/1181401391/42771-Del-Lago-CT-Indio-CA,https://wsrv.nl/?url=https%3A%2F%2Fcdn.photos.sparkplatform.com%2Fgps%2F20260417230552204827000000-o.jpg&w=1200&output=jpg&q=80,"$850,000",Indio,Single Family Home,For Sale,"42771 Del Lago CT, Indio, CA 92203, CA",First showings begin Satu,Terra Lago; 2234 sqft
1181401392,2BR Single Family Home,https://bradschmett.com/listing-detail/1181401392/78607-Palm-Tree-AVE-Palm-Desert-CA,https://wsrv.nl/?url=https%3A%2F%2Fcdn.photos.sparkplatform.com%2Fgps%2F20260429135140178367000000-o.jpg&w=1200&output=jpg&q=80,"$439,000",Palm Desert,Single Family Home,For Sale,"78607 Palm Tree AVE, Palm Desert, CA 92211, CA",Sun City Palm Desert - St,Sun City; 1664 sqft
1181412232,2BR Condo,https://bradschmett.com/listing-detail/1181412232/67694-Duke-RD-204-Cathedral-City-CA,https://tamdrashtri.github.io/brad-schmett-remarketing/images/1181412232.jpg,"$420,000",Cathedral City,Condo,For Sale,"67694 Duke RD #204, Cathedral City, CA 92234, CA",Perched on the second flo,Lantana At Cimarron; 1478 sqft
1181400362,2BR Manufactured Home,https://bradschmett.com/listing-detail/1181400362/31-Circle-A-DR-Palm-Desert-CA,https://wsrv.nl/?url=https%3A%2F%2Fcdn.photos.sparkplatform.com%2Fgps%2F20260430063015064763000000-o.jpg&w=1200&output=jpg&q=80,"$185,000",Palm Desert,Manufactured Home,For Sale,"31 Circle A DR, Palm Desert, CA 92260, CA",Welcome to your newly rem,Silver Spur Community; 1344 sqft
1181400205,1BR Manufactured Home,https://bradschmett.com/listing-detail/1181400205/84136-Avenue-44-178-Indio-CA,https://wsrv.nl/?url=https%3A%2F%2Fcdn.photos.sparkplatform.com%2Fgps%2F20260430061253644828000000-o.jpg&w=1200&output=jpg&q=80,"$106,900",Indio,Manufactured Home,For Sale,"84136 Avenue 44 #178, Indio, CA 92203, CA",Motivated Seller! Located,Rancho Casa Blanca; 400 sqft
1181399970,1BR Manufactured Home,https://bradschmett.com/listing-detail/1181399970/84136-Avenue-44-602-Indio-CA,https://wsrv.nl/?url=https%3A%2F%2Fcdn.photos.sparkplatform.com%2Fgps%2F20260429194259015429000000-o.jpg&w=1200&output=jpg&q=80,"$130,000",Indio,Manufactured Home,For Sale,"84136 Avenue 44 #602, Indio, CA 92203, CA",Turnkey Park Model/RV hom,Rancho Casa Blanca; 400 sqft
1181398711,3BR Single Family Home,https://bradschmett.com/listing-detail/1181398711/46450-Manitou-DR-Indian-Wells-CA,https://wsrv.nl/?url=https%3A%2F%2Fcdn.photos.sparkplatform.com%2Fgps%2F20260430042707126987000000-o.jpg&w=1200&output=jpg&q=80,"$2,095,000",Indian Wells,Single Family Home,For Sale,"46450 Manitou DR, Indian Wells, CA 92210, CA",Experience unparalleled l,Indian Wells Country Club; 2590 sqft
1181397870,3BR Single Family Home,https://bradschmett.com/listing-detail/1181397870/51565-Avenue-Ramirez-La-Quinta-CA,https://wsrv.nl/?url=https%3A%2F%2Fcdn.photos.sparkplatform.com%2Fgps%2F20260430040424072903000000-o.jpg&w=1200&output=jpg&q=80,"$509,000",La Quinta,Single Family Home,For Sale,"51565 Avenue Ramirez, La Quinta, CA 92253, CA",Beautifully refreshed San,La Quinta Cove; 1479 sqft
1181396891,2BR Condo in Palm Springs,https://bradschmett.com/listing-detail/1181396891/1656-Paseo-De-La-Palma-Palm-Springs-CA,https://wsrv.nl/?url=https%3A%2F%2Fcdn.photos.sparkplatform.com%2Fgps%2F20260428221203451039000000-o.jpg&w=1200&output=jpg&q=80,"$600,000",Palm Springs,Condo,For Sale,"1656 Paseo De La Palma, Palm Springs, CA 92264, CA",Tahquitz Creek Villas is ,Tahquitz Creek Villas; 1318 sqft
1181396893,3BR Single Family Home,https://bradschmett.com/listing-detail/1181396893/212-N-Jill-CIR-Palm-Springs-CA,https://wsrv.nl/?url=https%3A%2F%2Fcdn.photos.sparkplatform.com%2Fgps%2F20260430170247278502000000-o.jpg&w=1200&output=jpg&q=80,"$1,145,000",Palm Springs,Single Family Home,For Sale,"212 N Jill CIR, Palm Springs, CA 92262, CA",Welcome to your postcard ,Sunmor; 1445 sqft
1181396892,3BR Single Family Home,https://bradschmett.com/listing-detail/1181396892/82676-Burnette-DR-Indio-CA,https://wsrv.nl/?url=https%3A%2F%2Fcdn.photos.sparkplatform.com%2Fgps%2F20260429163827687795000000-o.jpg&w=1200&output=jpg&q=80,"$645,000",Indio,Single Family Home,For Sale,"82676 Burnette DR, Indio, CA 92201, CA",Enjoy the best of indoor-,Indian Palms; 1858 sqft
1181395637,3BR Single Family Home,https://bradschmett.com/listing-detail/1181395637/51111-Mystic-Tyme-DR-Indio-CA,https://wsrv.nl/?url=https%3A%2F%2Fcdn.photos.sparkplatform.com%2Fgps%2F20260430014904202605000000-o.jpg&w=1200&output=jpg&q=80,"$1,195,000",Indio,Single Family Home,For Sale,"51111 Mystic Tyme DR, Indio, CA 92201, CA",Luxury Pool Home | Trilog,Trilogy Polo Club; 2740 sqft
1181392652,3BR Single Family Home,https://bradschmett.com/listing-detail/1181392652/46345-Bradshaw-TRL-La-Quinta-CA,https://wsrv.nl/?url=https%3A%2F%2Fcdn.photos.sparkplatform.com%2Fgps%2F20260430005905290859000000-o.jpg&w=1200&output=jpg&q=80,"$1,595,000",La Quinta,Single Family Home,For Sale,"46345 Bradshaw TRL, La Quinta, CA 92253, CA",Set against a breathtakin,Point Happy Estates; 3215 sqft
1181391561,1BR Condo in Indian Wells,https://bradschmett.com/listing-detail/1181391561/78175-Cabrillo-LN-47-Indian-Wells-CA,https://wsrv.nl/?url=https%3A%2F%2Fcdn.photos.sparkplatform.com%2Fgps%2F20260430002219890141000000-o.jpg&w=1200&output=jpg&q=80,"$349,000",Indian Wells,Condo,For Sale,"78175 Cabrillo LN #47, Indian Wells, CA 92210, CA",This is the one you've be,Mountain Cove; 576 sqft
1181390995,3BR Single Family Home,https://bradschmett.com/listing-detail/1181390995/53545-Avenida-Ramirez-La-Quinta-CA,https://wsrv.nl/?url=https%3A%2F%2Fcdn.photos.sparkplatform.com%2Fgps%2F20260429145637787904000000-o.jpg&w=1200&output=jpg&q=80,"$625,000",La Quinta,Single Family Home,For Sale,"53545 Avenida Ramirez, La Quinta, CA 92253, CA",Tucked into the sun-drenc,La Quinta Cove; 1479 sqft
1181401309,2BR Manufactured Home,https://bradschmett.com/listing-detail/1181401309/2-Carmel-DR-Palm-Springs-CA,https://tamdrashtri.github.io/brad-schmett-remarketing/images/1181401309.jpg,"$149,900",Palm Springs,Manufactured Home,For Sale,"2 Carmel DR, Palm Springs, CA 92264, CA",Welcome to 2 Carmel Drive,Safari Park; 800 sqft
1181389785,3BR Condo in Palm Desert,https://bradschmett.com/listing-detail/1181389785/272-Avenida-Del-Sol-Palm-Desert-CA,https://wsrv.nl/?url=https%3A%2F%2Fcdn.photos.sparkplatform.com%2Fgps%2F20260425231957344023000000-o.jpg&w=1200&output=jpg&q=80,"$649,000",Palm Desert,Condo,For Sale,"272 Avenida Del Sol, Palm Desert, CA 92260, CA",Imagine waking up to moun,Monterey Country Club; 1670 sqft
1181389784,3BR Single Family Home,https://bradschmett.com/listing-detail/1181389784/44331-San-Jose-AVE-Palm-Desert-CA,https://wsrv.nl/?url=https%3A%2F%2Fcdn.photos.sparkplatform.com%2Fgps%2F20260429234259976039000000-o.jpg&w=1200&output=jpg&q=80,"$529,000",Palm Desert,Single Family Home,For Sale,"44331 San Jose AVE, Palm Desert, CA 92260, CA",Stunning Mid-Century Mode,1350 sqft
1181389059,3BR Single Family Home,https://bradschmett.com/listing-detail/1181389059/82756-Burnette-DR-Indio-CA,https://wsrv.nl/?url=https%3A%2F%2Fcdn.photos.sparkplatform.com%2Fgps%2F20260429163102215481000000-o.jpg&w=1200&output=jpg&q=80,"$625,000",Indio,Single Family Home,For Sale,"82756 Burnette DR, Indio, CA 92201, CA",This impressive golf cour,Indian Palms; 2092 sqft
1181387971,3BR Single Family Home,https://bradschmett.com/listing-detail/1181387971/9371-Brookline-AVE-Desert-Hot-Springs-CA,https://wsrv.nl/?url=https%3A%2F%2Fcdn.photos.sparkplatform.com%2Fgps%2F20260429224918449437000000-o.jpg&w=1200&output=jpg&q=80,"$450,000",Desert Hot Springs,Single Family Home,For Sale,"9371 Brookline AVE, Desert Hot Springs, CA 92240, CA",Welcome to 9371 Brookline,Mission Lakes; 1813 sqft
1181386523,2BR Condo in Palm Springs,https://bradschmett.com/listing-detail/1181386523/857-E-Arenas-RD-Palm-Springs-CA,https://wsrv.nl/?url=https%3A%2F%2Fcdn.photos.sparkplatform.com%2Fgps%2F20260429070015046748000000-o.jpg&w=1200&output=jpg&q=80,"$550,000",Palm Springs,Condo,For Sale,"857 E Arenas RD, Palm Springs, CA 92262, CA",Sitting in one of the bes,Casitas Arenas; 1176 sqft
1181384807,2BR Single Family Home,https://bradschmett.com/listing-detail/1181384807/78670-Hampshire-AVE-Palm-Desert-CA,https://wsrv.nl/?url=https%3A%2F%2Fcdn.photos.sparkplatform.com%2Fgps%2F20260429215432064468000000-o.jpg&w=1200&output=jpg&q=80,"$369,000",Palm Desert,Single Family Home,For Sale,"78670 Hampshire AVE, Palm Desert, CA 92211, CA",Located in the best 55+ c,Sun City; 1160 sqft
1181384745,3BR Condo in Palm Springs,https://bradschmett.com/listing-detail/1181384745/2600-S-Palm-Canyon-DR-10-Palm-Springs-CA,https://wsrv.nl/?url=https%3A%2F%2Fcdn.photos.sparkplatform.com%2Fgps%2F20260502001406210948000000-o.jpg&w=1200&output=jpg&q=80,"$495,000",Palm Springs,Condo,For Sale,"2600 S Palm Canyon DR #10, Palm Springs, CA 92264, CA",Located in South Palm Spr,Canyon Villas; 1590 sqft
1181383896,Vacant Land in La Quinta,https://bradschmett.com/listing-detail/1181383896/54222-Shoal-CRK-La-Quinta-CA,https://wsrv.nl/?url=https%3A%2F%2Fcdn.photos.sparkplatform.com%2Fgps%2F20260429215857723415000000-o.jpg&w=1200&output=jpg&q=80,"$599,000",La Quinta,Vacant Land,For Sale,"54222 Shoal CRK, La Quinta, CA 92253, CA",Pga West Palmer Private C,Pga Palmer Private
1181381473,3BR Manufactured Home,https://bradschmett.com/listing-detail/1181381473/523-Calle-Madrigal-DR-523-Cathedral-City-CA,https://wsrv.nl/?url=https%3A%2F%2Fcdn.photos.sparkplatform.com%2Fgps%2F20260414141438504986000000-o.jpg&w=1200&output=jpg&q=80,"$224,756",Cathedral City,Manufactured Home,For Sale,"523 Calle Madrigal DR #523, Cathedral City, CA 92234, CA",The Date Palm Country Clu,Date Palm Country Club; 1756 sqft
1181376430,4BR Single Family Home,https://bradschmett.com/listing-detail/1181376430/69806-Camino-Pacifico-Rancho-Mirage-CA,https://wsrv.nl/?url=https%3A%2F%2Fcdn.photos.sparkplatform.com%2Fgps%2F20260427232642420095000000-o.jpg&w=1200&output=jpg&q=80,"$1,596,000",Rancho Mirage,Single Family Home,For Sale,"69806 Camino Pacifico, Rancho Mirage, CA 92270, CA",St. Augustine Community S,St. Augustine; 3620 sqft
1181374934,4BR Single Family Home,https://bradschmett.com/listing-detail/1181374934/60553-Juniper-LN-La-Quinta-CA,https://wsrv.nl/?url=https%3A%2F%2Fcdn.photos.sparkplatform.com%2Fgps%2F20260429203009812439000000-o.jpg&w=1200&output=jpg&q=80,"$1,025,000",La Quinta,Single Family Home,For Sale,"60553 Juniper LN, La Quinta, CA 92253, CA",Absolutely one of the bes,Trilogy; 2166 sqft
1181396757,2BR Condo in La Quinta,https://bradschmett.com/listing-detail/1181396757/55312-Firestone-La-Quinta-CA,https://tamdrashtri.github.io/brad-schmett-remarketing/images/1181396757.jpg,"$488,000",La Quinta,Condo,For Sale,"55312 Firestone, La Quinta, CA 92253, CA",Located within the presti,Pga Palmer Private (31346); 1500 sqft
1181367629,3BR Single Family Home,https://bradschmett.com/listing-detail/1181367629/11-Whittier-CT-Rancho-Mirage-CA,https://wsrv.nl/?url=https%3A%2F%2Fcdn.photos.sparkplatform.com%2Fgps%2F20260429184311450456000000-o.jpg&w=1200&output=jpg&q=80,"$1,025,000",Rancho Mirage,Single Family Home,For Sale,"11 Whittier CT, Rancho Mirage, CA 92270, CA",*** Open House Saturday 5,The Springs Country Club; 2561 sqft
1181367630,4BR Single Family Home,https://bradschmett.com/listing-detail/1181367630/76267-Via-Volterra-Indian-Wells-CA,https://wsrv.nl/?url=https%3A%2F%2Fcdn.photos.sparkplatform.com%2Fgps%2F20260428215723870236000000-o.jpg&w=1200&output=jpg&q=80,"$2,995,000",Indian Wells,Single Family Home,For Sale,"76267 Via Volterra, Indian Wells, CA 92210, CA",Discover timeless eleganc,Toscana Country Club; 3260 sqft
1181364931,3BR Single Family Home,https://bradschmett.com/listing-detail/1181364931/74317-Millennia-WAY-Palm-Desert-CA,https://wsrv.nl/?url=https%3A%2F%2Fcdn.photos.sparkplatform.com%2Fgps%2F20260427232217670806000000-o.jpg&w=1200&output=jpg&q=80,"$650,000",Palm Desert,Single Family Home,For Sale,"74317 Millennia WAY, Palm Desert, CA 92211, CA",Beautiful home perfect fo,Genesis; 1652 sqft
1181393503,4BR Single Family Home,https://bradschmett.com/listing-detail/1181393503/2300-S-Calle-Palo-Fierro-Palm-Springs-CA,https://tamdrashtri.github.io/brad-schmett-remarketing/images/1181393503.jpg,"$2,850,000",Palm Springs,Single Family Home,For Sale,"2300 S Calle Palo Fierro, Palm Springs, CA 92264, CA",Positioned along the 6th ,Indian Canyons; 3349 sqft
1181363479,2BR Manufactured Home,https://bradschmett.com/listing-detail/1181363479/172-Larson-DR-Cathedral-City-CA,https://wsrv.nl/?url=https%3A%2F%2Fcdn.photos.sparkplatform.com%2Fgps%2F20260429175800434603000000-o.jpg&w=1200&output=jpg&q=80,"$145,000",Cathedral City,Manufactured Home,For Sale,"172 Larson DR, Cathedral City, CA 92234, CA",Act Fast--Rare Find in Th,The Canyon; 1056 sqft
1181363476,2BR Manufactured Home,https://bradschmett.com/listing-detail/1181363476/80000-Ave-48-163-Indio-CA,https://wsrv.nl/?url=https%3A%2F%2Fcdn.photos.sparkplatform.com%2Fgps%2F20260429182414674673000000-o.jpg&w=1200&output=jpg&q=80,"$159,995",Indio,Manufactured Home,For Sale,"80000 Ave 48 #163, Indio, CA 92201, CA",This is a very well taken,Las Palmas Del La Quinta; 1488 sqft
1181362184,2BR Condo in Palm Springs,https://bradschmett.com/listing-detail/1181362184/2014-Southridge-DR-Palm-Springs-CA,https://wsrv.nl/?url=https%3A%2F%2Fcdn.photos.sparkplatform.com%2Fgps%2F20260429181353220087000000-o.jpg&w=1200&output=jpg&q=80,"$449,000",Palm Springs,Condo,For Sale,"2014 Southridge DR, Palm Springs, CA 92264, CA",Priced To Sell! Great Mid,Rimcrest; 1600 sqft
1181359275,3BR Single Family Home,https://bradschmett.com/listing-detail/1181359275/51920-Avenida-Carranza-La-Quinta-CA,https://wsrv.nl/?url=https%3A%2F%2Fcdn.photos.sparkplatform.com%2Fgps%2F20260429173707881794000000-o.jpg&w=1200&output=jpg&q=80,"$489,900",La Quinta,Single Family Home,For Sale,"51920 Avenida Carranza, La Quinta, CA 92253, CA","Updated, Remodeled,Elegan",La Quinta Cove; 1528 sqft
1181356477,4BR Single Family Home,https://bradschmett.com/listing-detail/1181356477/2025-Nicola-RD-Palm-Springs-CA,https://wsrv.nl/?url=https%3A%2F%2Fcdn.photos.sparkplatform.com%2Fgps%2F20260430012421306395000000-o.jpg&w=1200&output=jpg&q=80,"$899,000",Palm Springs,Single Family Home,For Sale,"2025 Nicola RD, Palm Springs, CA 92262, CA",Resort property completel,Desert Park Estates; 1459 sqft
1181390946,3BR Single Family Home,https://bradschmett.com/listing-detail/1181390946/999-E-Via-Escuela-Palm-Springs-CA,https://tamdrashtri.github.io/brad-schmett-remarketing/images/1181390946.jpg,"$1,195,000",Palm Springs,Single Family Home,For Sale,"999 E Via Escuela, Palm Springs, CA 92262, CA",Private Oasis with Unobst,1452 sqft
1181355157,4BR Single Family Home,https://bradschmett.com/listing-detail/1181355157/601-Las-Palmas-Estates-DR-Palm-Springs-CA,https://wsrv.nl/?url=https%3A%2F%2Fcdn.photos.sparkplatform.com%2Fgps%2F20260428201821176602000000-o.jpg&w=1200&output=jpg&q=80,"$4,195,000",Palm Springs,Single Family Home,For Sale,"601 Las Palmas Estates DR, Palm Springs, CA 92262, CA",Final Phase Of One Las Pa,Old Las Palmas; 3226 sqft
1181388941,2BR Manufactured Home,https://bradschmett.com/listing-detail/1181388941/129-Pali-DR-Palm-Springs-CA,https://tamdrashtri.github.io/brad-schmett-remarketing/images/1181388941.jpg,"$335,000",Palm Springs,Manufactured Home,For Sale,"129 Pali DR, Palm Springs, CA 92264, CA",Owned Solar + Private Spa,Palm Canyon Mobile Club; 1060 sqft
1181349368,2BR Condo in Palm Springs,https://bradschmett.com/listing-detail/1181349368/1810-Sandcliff-RD-Palm-Springs-CA,https://wsrv.nl/?url=https%3A%2F%2Fcdn.photos.sparkplatform.com%2Fgps%2F20260428140723384766000000-o.jpg&w=1200&output=jpg&q=80,"$600,000",Palm Springs,Condo,For Sale,"1810 Sandcliff RD, Palm Springs, CA 92264, CA",Back on the market and at,Garden Villas East; 1943 sqft
1181344111,4BR Condo,https://bradschmett.com/listing-detail/1181344111/39-La-Costa-DR-Rancho-Mirage-CA,https://wsrv.nl/?url=https%3A%2F%2Fcdn.photos.sparkplatform.com%2Fgps%2F20260428231544031421000000-o.jpg&w=1200&output=jpg&q=80,"$1,249,000",Rancho Mirage,Condo,For Sale,"39 La Costa DR, Rancho Mirage, CA 92270, CA",Located behind the gates ,Mission Hills East/Deane Homes; 2736 sqft
1181344110,3BR Single Family Home,https://bradschmett.com/listing-detail/1181344110/79060-Lake-Club-DR-Bermuda-Dunes-CA,https://wsrv.nl/?url=https%3A%2F%2Fcdn.photos.sparkplatform.com%2Fgps%2F20260428222039771783000000-o.jpg&w=1200&output=jpg&q=80,"$679,000",Bermuda Dunes,Single Family Home,For Sale,"79060 Lake Club DR, Bermuda Dunes, CA 92203, CA",Beautifully upgraded and ,1983 sqft
1181376241,2BR Single Family Home,https://bradschmett.com/listing-detail/1181376241/78881-Edgebrook-Palm-Desert-CA,https://tamdrashtri.github.io/brad-schmett-remarketing/images/1181376241.jpg,"$424,000",Palm Desert,Single Family Home,For Sale,"78881 Edgebrook, Palm Desert, CA 92211, CA",Desert Retreat in Sun Cit,Sun City; 1300 sqft
1181373297,3BR Single Family Home,https://bradschmett.com/listing-detail/1181373297/78828-Sunrise-Canyon-Ave.-Palm-Desert-CA,https://tamdrashtri.github.io/brad-schmett-remarketing/images/1181373297.jpg,"$699,000",Palm Desert,Single Family Home,For Sale,"78828 Sunrise Canyon Ave., Palm Desert, CA 92211, CA",Welcome to resort-style l,Sun City; 2414 sqft
1181334761,3BR Single Family Home,https://bradschmett.com/listing-detail/1181334761/75451-Santa-Fe-TRL-Palm-Desert-CA,https://wsrv.nl/?url=https%3A%2F%2Fcdn.photos.sparkplatform.com%2Fgps%2F20260429102547116993000000-o.jpg&w=1200&output=jpg&q=80,"$569,990",Palm Desert,Single Family Home,For Sale,"75451 Santa Fe TRL, Palm Desert, CA 92211, CA",Single Family Home with P,Waring Place; 1674 sqft
1181368875,3BR Single Family Home,https://bradschmett.com/listing-detail/1181368875/12800-Miracle-Hill-RD-Desert-Hot-Springs-CA,https://tamdrashtri.github.io/brad-schmett-remarketing/images/1181368875.jpg,"$499,000",Desert Hot Springs,Single Family Home,For Sale,"12800 Miracle Hill RD, Desert Hot Springs, CA 92240, CA",Desert Living Meets Moder,Not In A Development; 1560 sqft
1181359084,1BR Condo in Palm Springs,https://bradschmett.com/listing-detail/1181359084/5300-E-Waverly-Dr.-M4115-Palm-Springs-CA,https://tamdrashtri.github.io/brad-schmett-remarketing/images/1181359084.jpg,"$269,000",Palm Springs,Condo,For Sale,"5300 E Waverly Dr. #M4115, Palm Springs, CA 92264, CA","Turn Key, Move In Ready!!",Palm Springs Golf & Tennis Community; 1048 sqft
1181356283,3BR Single Family Home,https://bradschmett.com/listing-detail/1181356283/783-Molokai-Thermal-CA,https://tamdrashtri.github.io/brad-schmett-remarketing/images/1181356283.jpg,"$275,000",Thermal,Single Family Home,For Sale,"783 Molokai, Thermal, CA 92274, CA",Welcome to this beautiful,Riviera Keys; 1467 sqft
1181349223,2BR Single Family Home,https://bradschmett.com/listing-detail/1181349223/50485-Via-Amante-La-Quinta-CA,https://tamdrashtri.github.io/brad-schmett-remarketing/images/1181349223.jpg,"$1,195,000",La Quinta,Single Family Home,For Sale,"50485 Via Amante, La Quinta, CA 92253, CA",Nestled within the presti,Desert Resort Management; 3278 sqft
1181349208,1BR Condo in Palm Springs,https://bradschmett.com/listing-detail/1181349208/2801-N-Los-Felices-E-104-Palm-Springs-CA,https://tamdrashtri.github.io/brad-schmett-remarketing/images/1181349208.jpg,"$194,500",Palm Springs,Condo,For Sale,"2801 N Los Felices E #104, Palm Springs, CA 92262, CA",Palm Springs Villas II De,Palm Springs Villas Ii (33114); 589 sqft
1181346252,Multi-Family in Coachella,https://bradschmett.com/listing-detail/1181346252/1423-2nd-Coachella-CA,https://tamdrashtri.github.io/brad-schmett-remarketing/images/1181346252.jpg,"$350,000",Coachella,Multi-Family,For Sale,"1423 2nd, Coachella, CA 92236, CA",This is a prime investmen,Pueblo Viejo
1181345099,3BR Condo in Palm Desert,https://bradschmett.com/listing-detail/1181345099/91-Camino-Arroyo-N-Palm-Desert-CA,https://tamdrashtri.github.io/brad-schmett-remarketing/images/1181345099.jpg,"$589,000",Palm Desert,Condo,For Sale,"91 Camino Arroyo N, Palm Desert, CA 92260, CA",Desert sanctuary awaits a,Chaparral C.C. (32233); 1821 sqft
1181324857,3BR Single Family Home,https://bradschmett.com/listing-detail/1181324857/17-Belmonte-DR-Palm-Desert-CA,https://wsrv.nl/?url=https%3A%2F%2Fcdn.photos.sparkplatform.com%2Fgps%2F20260415211947070092000000-o.jpg&w=1200&output=jpg&q=80,"$819,000",Palm Desert,Single Family Home,For Sale,"17 Belmonte DR, Palm Desert, CA 92211, CA",Welcome to this beautiful,Belmonte Estates; 2292 sqft
1181324856,4BR Single Family Home,https://bradschmett.com/listing-detail/1181324856/77729-Edinborough-ST-Palm-Desert-CA,https://wsrv.nl/?url=https%3A%2F%2Fcdn.photos.sparkplatform.com%2Fgps%2F20260408175220840280000000-o.jpg&w=1200&output=jpg&q=80,"$650,000",Palm Desert,Single Family Home,For Sale,"77729 Edinborough ST, Palm Desert, CA 92211, CA",Welcome to your desert dr,Palm Desert Country Club; 1525 sqft
1181324209,2BR Single Family Home,https://bradschmett.com/listing-detail/1181324209/1170-Harvard-AVE-Thermal-CA,https://wsrv.nl/?url=https%3A%2F%2Fcdn.photos.sparkplatform.com%2Fgps%2F20260429055103198150000000-o.jpg&w=1200&output=jpg&q=80,"$255,000",Thermal,Single Family Home,For Sale,"1170 Harvard AVE, Thermal, CA 92274, CA",Immaculate single story h,Thermal; 864 sqft
1181323944,1BR Condo in Palm Springs,https://bradschmett.com/listing-detail/1181323944/701-Los-Felices-CIR-W-114-Palm-Springs-CA,https://wsrv.nl/?url=https%3A%2F%2Fcdn.photos.sparkplatform.com%2Fgps%2F20260428051905989711000000-o.jpg&w=1200&output=jpg&q=80,"$185,000",Palm Springs,Condo,For Sale,"701 Los Felices CIR W #114, Palm Springs, CA 92262, CA",Welcome to your perfect d,Palm Springs Villas Ii; 589 sqft
1181335943,3BR Single Family Home,https://bradschmett.com/listing-detail/1181335943/830-N-Riverside-DR-Palm-Springs-CA,https://tamdrashtri.github.io/brad-schmett-remarketing/images/1181335943.jpg,"$1,499,000",Palm Springs,Single Family Home,For Sale,"830 N Riverside DR, Palm Springs, CA 92264, CA",This is exactly what you ,Tahquitz River Estates; 2382 sqft
1181323013,Vacant Land,https://bradschmett.com/listing-detail/1181323013/9288-Calle-De-Vecinos-Desert-Hot-Springs-CA,https://wsrv.nl/?url=https%3A%2F%2Fcdn.photos.sparkplatform.com%2Fgps%2F20260429041243363464000000-o.jpg&w=1200&output=jpg&q=80,"$109,000",Desert Hot Springs,Vacant Land,For Sale,"9288 Calle De Vecinos, Desert Hot Springs, CA 92240, CA",Stunning View Lot with Ar,
1181314326,2BR Condo in Palm Springs,https://bradschmett.com/listing-detail/1181314326/255-S-Avenida-Caballeros-111-Palm-Springs-CA,https://wsrv.nl/?url=https%3A%2F%2Fcdn.photos.sparkplatform.com%2Fgps%2F20260429004515773569000000-o.jpg&w=1200&output=jpg&q=80,"$295,000",Palm Springs,Condo,For Sale,"255 S Avenida Caballeros #111, Palm Springs, CA 92262, CA",Ground floor end unit in ,Villa Caballeros; 1096 sqft
1181325183,3BR Single Family Home,https://bradschmett.com/listing-detail/1181325183/406-E-Desert-Holly-CIR-Palm-Springs-CA,https://tamdrashtri.github.io/brad-schmett-remarketing/images/1181325183.jpg,"$1,075,000",Palm Springs,Single Family Home,For Sale,"406 E Desert Holly CIR, Palm Springs, CA 92262, CA","Welcome to ""Suave Agave"" ",Racquet Club East; 1225 sqft
1181312603,5BR Single Family Home,https://bradschmett.com/listing-detail/1181312603/25-Buckingham-WAY-Rancho-Mirage-CA,https://wsrv.nl/?url=https%3A%2F%2Fcdn.photos.sparkplatform.com%2Fgps%2F20260428223032850365000000-o.jpg&w=1200&output=jpg&q=80,"$1,295,000",Rancho Mirage,Single Family Home,For Sale,"25 Buckingham WAY, Rancho Mirage, CA 92270, CA",Welcome to 25 Buckingham ,Victoria Falls; 3332 sqft
1181324542,3BR Single Family Home,https://bradschmett.com/listing-detail/1181324542/44235-Yucca-DR-Indian-Wells-CA,https://tamdrashtri.github.io/brad-schmett-remarketing/images/1181324542.jpg,"$1,200,000",Indian Wells,Single Family Home,For Sale,"44235 Yucca DR, Indian Wells, CA 92210, CA",Located on a quiet cul-de,Indian Wells (32508); 2117 sqft
1181311134,4BR Single Family Home,https://bradschmett.com/listing-detail/1181311134/31125-Whispering-Palms-TRL-Cathedral-City-CA,https://wsrv.nl/?url=https%3A%2F%2Fcdn.photos.sparkplatform.com%2Fgps%2F20260428232305876500000000-o.jpg&w=1200&output=jpg&q=80,"$569,000",Cathedral City,Single Family Home,For Sale,"31125 Whispering Palms TRL, Cathedral City, CA 92234, CA",Welcome to 31125 Whisperi,Upper Outpost; 1755 sqft
1181310523,2BR Condo in Palm Desert,https://bradschmett.com/listing-detail/1181310523/72957-Arthur-Ashe-LN-Palm-Desert-CA,https://wsrv.nl/?url=https%3A%2F%2Fcdn.photos.sparkplatform.com%2Fgps%2F20260428212801469623000000-o.jpg&w=1200&output=jpg&q=80,"$329,000",Palm Desert,Condo,For Sale,"72957 Arthur Ashe LN, Palm Desert, CA 92260, CA",This property has served ,Deep Canyon Tennis Club; 1258 sqft
1181309791,5BR Single Family Home,https://bradschmett.com/listing-detail/1181309791/28131-Horizon-RD-Cathedral-City-CA,https://wsrv.nl/?url=https%3A%2F%2Fcdn.photos.sparkplatform.com%2Fgps%2F20260430220616292513000000-o.jpg&w=1200&output=jpg&q=80,"$749,999",Cathedral City,Single Family Home,For Sale,"28131 Horizon RD, Cathedral City, CA 92234, CA",Beautifully updated home ,Panorama; 2919 sqft
1181309059,2BR Condo in Palm Springs,https://bradschmett.com/listing-detail/1181309059/222-N-Calle-El-Segundo-502-Palm-Springs-CA,https://wsrv.nl/?url=https%3A%2F%2Fcdn.photos.sparkplatform.com%2Fgps%2F20260427174401317865000000-o.jpg&w=1200&output=jpg&q=80,"$385,000",Palm Springs,Condo,For Sale,"222 N Calle El Segundo #502, Palm Springs, CA 92262, CA",One of only a few single-,Plaza Villas; 1150 sqft
1181307605,Commercial in Indio,https://bradschmett.com/listing-detail/1181307605/80394-Avenue-48-99-Indio-CA,https://wsrv.nl/?url=https%3A%2F%2Fcdn.photos.sparkplatform.com%2Fgps%2F20260428220421694949000000-o.jpg&w=1200&output=jpg&q=80,"$47,000",Indio,Commercial,For Sale,"80394 Avenue 48 #99, Indio, CA 92201, CA",This beautiful luxury RV ,Outdoor Resorts Country Club
1181304896,2BR Condo in Palm Desert,https://bradschmett.com/listing-detail/1181304896/45451-Lupine-LN-21-Palm-Desert-CA,https://wsrv.nl/?url=https%3A%2F%2Fcdn.photos.sparkplatform.com%2Fgps%2F20260428202614034554000000-o.jpg&w=1200&output=jpg&q=80,"$595,000",Palm Desert,Condo,For Sale,"45451 Lupine LN #21, Palm Desert, CA 92260, CA",Located in the desirable ,Sandroc; 1250 sqft
1181300959,1BR Condo,https://bradschmett.com/listing-detail/1181300959/64281-Spyglass-AVE-42-Desert-Hot-Springs-CA,https://wsrv.nl/?url=https%3A%2F%2Fcdn.photos.sparkplatform.com%2Fgps%2F20260428201419755656000000-o.jpg&w=1200&output=jpg&q=80,"$89,999",Desert Hot Springs,Condo,For Sale,"64281 Spyglass AVE #42, Desert Hot Springs, CA 92240, CA",Experience true resort-st,Mission Lakes; 565 sqft
1181299838,3BR Condo,https://bradschmett.com/listing-detail/1181299838/33-Haig-DR-Rancho-Mirage-CA,https://wsrv.nl/?url=https%3A%2F%2Fcdn.photos.sparkplatform.com%2Fgps%2F20260428022030024558000000-o.jpg&w=1200&output=jpg&q=80,"$705,000",Rancho Mirage,Condo,For Sale,"33 Haig DR, Rancho Mirage, CA 92270, CA","Enjoy breathtaking, unobs",Sunrise Country Club; 1647 sqft
1181299837,2BR Manufactured Home,https://bradschmett.com/listing-detail/1181299837/74711-Dillon-Rd-Spc-323-Desert-Hot-Springs-CA,https://wsrv.nl/?url=https%3A%2F%2Fcdn.photos.sparkplatform.com%2Fgps%2F20260428204924841622000000-o.jpg&w=1200&output=jpg&q=80,"$53,000",Desert Hot Springs,Manufactured Home,For Sale,"74711 Dillon Rd Spc 323, Desert Hot Springs, CA 92241, CA","Seller Bonus: May, June J",720 sqft
1181298689,2BR Single Family Home,https://bradschmett.com/listing-detail/1181298689/70051-Cobb-RD-Rancho-Mirage-CA,https://wsrv.nl/?url=https%3A%2F%2Fcdn.photos.sparkplatform.com%2Fgps%2F20260427204749962828000000-o.jpg&w=1200&output=jpg&q=80,"$849,999",Rancho Mirage,Single Family Home,For Sale,"70051 Cobb RD, Rancho Mirage, CA 92270, CA",This is a movie star neig,Tamarisk Heights; 1706 sqft
1181297531,5BR Single Family Home,https://bradschmett.com/listing-detail/1181297531/65-San-Marino-CIR-Rancho-Mirage-CA,https://wsrv.nl/?url=https%3A%2F%2Fcdn.photos.sparkplatform.com%2Fgps%2F20260428192816198304000000-o.jpg&w=1200&output=jpg&q=80,"$825,000",Rancho Mirage,Single Family Home,For Sale,"65 San Marino CIR, Rancho Mirage, CA 92270, CA",Desert living at its best,San Marino; 2899 sqft
1181297532,5BR Single Family Home,https://bradschmett.com/listing-detail/1181297532/78682-Talking-Rock-Turn-La-Quinta-CA,https://wsrv.nl/?url=https%3A%2F%2Fcdn.photos.sparkplatform.com%2Fgps%2F20260427190257592171000000-o.jpg&w=1200&output=jpg&q=80,"$7,995,000",La Quinta,Single Family Home,For Sale,"78682 Talking Rock Turn, La Quinta, CA 92253, CA",Tucked behind the guarded,Tradition Golf Club; 7419 sqft
1181296055,Vacant Land in Thermal,https://bradschmett.com/listing-detail/1181296055/2092-Center-ST-Thermal-CA,https://wsrv.nl/?url=https%3A%2F%2Fcdn.photos.sparkplatform.com%2Fgps%2F20260428193556127496000000-o.jpg&w=1200&output=jpg&q=80,"$49,900",Thermal,Vacant Land,For Sale,"2092 Center ST, Thermal, CA 92274, CA",Prime Commercial Lot in H,Truckhaven
1181295998,4BR Single Family Home,https://bradschmett.com/listing-detail/1181295998/66778-Casa-Grande-DR-Desert-Hot-Springs-CA,https://wsrv.nl/?url=https%3A%2F%2Fcdn.photos.sparkplatform.com%2Fgps%2F20260428193823388016000000-o.jpg&w=1200&output=jpg&q=80,"$559,000",Desert Hot Springs,Single Family Home,For Sale,"66778 Casa Grande DR, Desert Hot Springs, CA 92240, CA",A stunning brand new home,1820 sqft
1181294711,3BR Condo in Palm Desert,https://bradschmett.com/listing-detail/1181294711/514-Desert-Falls-N-Palm-Desert-CA,https://wsrv.nl/?url=https%3A%2F%2Fcdn.photos.sparkplatform.com%2Fgps%2F20260428193251814337000000-o.jpg&w=1200&output=jpg&q=80,"$429,000",Palm Desert,Condo,For Sale,"514 Desert Falls N, Palm Desert, CA 92211, CA",Welcome to Desert Falls C,Desert Falls Country Club; 1814 sqft
1181293422,Vacant Land in Thermal,https://bradschmett.com/listing-detail/1181293422/1329-Bourbon-AVE-Thermal-CA,https://wsrv.nl/?url=https%3A%2F%2Fcdn.photos.sparkplatform.com%2Fgps%2F20260428191155293928000000-o.jpg&w=1200&output=jpg&q=80,"$17,500",Thermal,Vacant Land,For Sale,"1329 Bourbon AVE, Thermal, CA 92274, CA",Beautiful Residential Lot,Vista Del Mar
1181293420,Vacant Land in Thermal,https://bradschmett.com/listing-detail/1181293420/2142-Salton-Arena-ST-Thermal-CA,https://wsrv.nl/?url=https%3A%2F%2Fcdn.photos.sparkplatform.com%2Fgps%2F20260428191411942240000000-o.jpg&w=1200&output=jpg&q=80,"$18,000",Thermal,Vacant Land,For Sale,"2142 Salton Arena ST, Thermal, CA 92274, CA",Exceptional Commercial Lo,Truckhaven
1181293421,Vacant Land in Thermal,https://bradschmett.com/listing-detail/1181293421/2268-Palm-View-AVE-Thermal-CA,https://wsrv.nl/?url=https%3A%2F%2Fcdn.photos.sparkplatform.com%2Fgps%2F20260428190309531100000000-o.jpg&w=1200&output=jpg&q=80,"$14,900",Thermal,Vacant Land,For Sale,"2268 Palm View AVE, Thermal, CA 92274, CA",Oversized Residential Lot,Truckhaven
1181316800,2BR Single Family Home,https://bradschmett.com/listing-detail/1181316800/33721-Rancho-Vista-Cathedral-City-CA,https://tamdrashtri.github.io/brad-schmett-remarketing/images/1181316800.jpg,"$399,999",Cathedral City,Single Family Home,For Sale,"33721 Rancho Vista, Cathedral City, CA 92234, CA",Stunningly remodeled and ,Rancho Vista; 744 sqft
1181289474,3BR Single Family Home,https://bradschmett.com/listing-detail/1181289474/75-San-Marino-CIR-Rancho-Mirage-CA,https://wsrv.nl/?url=https%3A%2F%2Fcdn.photos.sparkplatform.com%2Fgps%2F20260428144732495755000000-o.jpg&w=1200&output=jpg&q=80,"$1,079,000",Rancho Mirage,Single Family Home,For Sale,"75 San Marino CIR, Rancho Mirage, CA 92270, CA",Beautifully reimagined de,San Marino; 2726 sqft
1181286964,4BR Single Family Home,https://bradschmett.com/listing-detail/1181286964/185-Pena-Lane-Palm-Springs-CA,https://wsrv.nl/?url=https%3A%2F%2Fcdn.photos.sparkplatform.com%2Fgps%2F20260427213913053648000000-o.jpg&w=1200&output=jpg&q=80,"$1,995,000",Palm Springs,Single Family Home,For Sale,"185 Pena Lane, Palm Springs, CA 92262, CA",Twelve At Old Las Palmas.,Old Las Palmas; 2345 sqft
1181286963,2BR Condo in Palm Desert,https://bradschmett.com/listing-detail/1181286963/73323-Boxthorn-LN-Palm-Desert-CA,https://wsrv.nl/?url=https%3A%2F%2Fcdn.photos.sparkplatform.com%2Fgps%2F20260428180112222207000000-o.jpg&w=1200&output=jpg&q=80,"$819,000",Palm Desert,Condo,For Sale,"73323 Boxthorn LN, Palm Desert, CA 92260, CA","* Ironwood, Prestigious L",Ironwood Country Club; 1451 sqft
1181315239,2BR Townhouse,https://bradschmett.com/listing-detail/1181315239/315-Tava-Lane-Palm-Desert-CA,https://tamdrashtri.github.io/brad-schmett-remarketing/images/1181315239.jpg,"$345,000",Palm Desert,Townhouse,For Sale,"315 Tava Lane, Palm Desert, CA 92211, CA",Prime location corner-uni,Mountain View Falls (32413); 991 sqft
1181285793,3BR Single Family Home,https://bradschmett.com/listing-detail/1181285793/469-White-Horse-TRL-Palm-Desert-CA,https://wsrv.nl/?url=https%3A%2F%2Fcdn.photos.sparkplatform.com%2Fgps%2F20260428171810576620000000-o.jpg&w=1200&output=jpg&q=80,"$1,549,000",Palm Desert,Single Family Home,For Sale,"469 White Horse TRL, Palm Desert, CA 92211, CA",Welcome to Beautiful Indi,Indian Ridge; 2712 sqft
1181313615,4BR Single Family Home,https://bradschmett.com/listing-detail/1181313615/84290-Tramonto-WAY-Indio-CA,https://tamdrashtri.github.io/brad-schmett-remarketing/images/1181313615.jpg,"$899,950",Indio,Single Family Home,For Sale,"84290 Tramonto WAY, Indio, CA 92203, CA",Wow... Lowest Priced Lake,Terra Lago (30924); 1926 sqft
1181280015,5BR Single Family Home,https://bradschmett.com/listing-detail/1181280015/48606-El-Castillo-RD-Coachella-CA,https://wsrv.nl/?url=https%3A%2F%2Fcdn.photos.sparkplatform.com%2Fgps%2F20260429163400932657000000-o.jpg&w=1200&output=jpg&q=80,"$999,999",Coachella,Single Family Home,For Sale,"48606 El Castillo RD, Coachella, CA 92236, CA","Fully automated,completel",2148 sqft
1181275378,3BR Single Family Home,https://bradschmett.com/listing-detail/1181275378/43157-Armonia-CT-Indio-CA,https://wsrv.nl/?url=https%3A%2F%2Fcdn.photos.sparkplatform.com%2Fgps%2F20260428160242783563000000-o.jpg&w=1200&output=jpg&q=80,"$965,000",Indio,Single Family Home,For Sale,"43157 Armonia CT, Indio, CA 92203, CA",Stunning Lakefront Retrea,Terra Lago; 2157 sqft
1181275377,3BR Single Family Home,https://bradschmett.com/listing-detail/1181275377/49528-Pacino-ST-Indio-CA,https://wsrv.nl/?url=https%3A%2F%2Fcdn.photos.sparkplatform.com%2Fgps%2F20260428160900060782000000-o.jpg&w=1200&output=jpg&q=80,"$499,000",Indio,Single Family Home,For Sale,"49528 Pacino ST, Indio, CA 92201, CA",Check out this beautiful ,Indian Palms; 1800 sqft
1181274133,1BR Condo in Palm Desert,https://bradschmett.com/listing-detail/1181274133/77673-Woodhaven-DR-S-Palm-Desert-CA,https://wsrv.nl/?url=https%3A%2F%2Fcdn.photos.sparkplatform.com%2Fgps%2F20260429215828521686000000-o.jpg&w=1200&output=jpg&q=80,"$385,000",Palm Desert,Condo,For Sale,"77673 Woodhaven DR S, Palm Desert, CA 92211, CA",Just the perfect vacation,Woodhaven Country Club; 1348 sqft
1181310451,3BR Manufactured Home,https://bradschmett.com/listing-detail/1181310451/520-Calle-Madrigal-Cathedral-City-CA,https://tamdrashtri.github.io/brad-schmett-remarketing/images/1181310451.jpg,"$130,000",Cathedral City,Manufactured Home,For Sale,"520 Calle Madrigal, Cathedral City, CA 92234, CA",Amazing corner lot home f,Date Palm Country Cl; 1880 sqft
1181273234,3BR Single Family Home,https://bradschmett.com/listing-detail/1181273234/82108-Vandenberg-DR-Indio-CA,https://wsrv.nl/?url=https%3A%2F%2Fcdn.photos.sparkplatform.com%2Fgps%2F20260428203908426081000000-o.jpg&w=1200&output=jpg&q=80,"$599,900",Indio,Single Family Home,For Sale,"82108 Vandenberg DR, Indio, CA 92201, CA",Nestled in the sought-aft,Indian Palms; 2964 sqft
1181308930,3BR Single Family Home,https://bradschmett.com/listing-detail/1181308930/83457-Ixtapa-Coachella-CA,https://tamdrashtri.github.io/brad-schmett-remarketing/images/1181308930.jpg,"$579,900",Coachella,Single Family Home,For Sale,"83457 Ixtapa, Coachella, CA 92236, CA",Nestled in the sought-aft,Tierra Del Sol (Coachella) (31521); 1693 sqft
1181271164,3BR Condo in La Quinta,https://bradschmett.com/listing-detail/1181271164/79970-Cedar-Crest-La-Quinta-CA,https://wsrv.nl/?url=https%3A%2F%2Fcdn.photos.sparkplatform.com%2Fgps%2F20260430225830493136000000-o.jpg&w=1200&output=jpg&q=80,"$1,200,000",La Quinta,Condo,For Sale,"79970 Cedar Crest, La Quinta, CA 92253, CA","Location, location, locat",Pga Nicklaus Private; 3031 sqft
1181270371,1BR Condo in La Quinta,https://bradschmett.com/listing-detail/1181270371/50630-Santa-Rosa-PLZ-8-La-Quinta-CA,https://wsrv.nl/?url=https%3A%2F%2Fcdn.photos.sparkplatform.com%2Fgps%2F20260428145153772506000000-o.jpg&w=1200&output=jpg&q=80,"$279,000",La Quinta,Condo,For Sale,"50630 Santa Rosa PLZ #8, La Quinta, CA 92253, CA",Use it  Rent it  Buy it. ,Casitas Las Rosas; 682 sqft
1181270372,3BR Manufactured Home,https://bradschmett.com/listing-detail/1181270372/74711-Dillon-Rd-309-Desert-Hot-Springs-CA,https://wsrv.nl/?url=https%3A%2F%2Fcdn.photos.sparkplatform.com%2Fgps%2F20260424144544058653000000-o.jpg&w=1200&output=jpg&q=80,"$184,900",Desert Hot Springs,Manufactured Home,For Sale,"74711 Dillon Rd #309, Desert Hot Springs, CA 92241, CA",: Welcome to Family Frien,1527 sqft
1181266266,1BR Single Family Home,https://bradschmett.com/listing-detail/1181266266/1272-N-Riverside-DR-Palm-Springs-CA,https://wsrv.nl/?url=https%3A%2F%2Fcdn.photos.sparkplatform.com%2Fgps%2F20260428134256937143000000-o.jpg&w=1200&output=jpg&q=80,"$1,099,000",Palm Springs,Single Family Home,For Sale,"1272 N Riverside DR, Palm Springs, CA 92264, CA",This interior is decorate,Tahquitz River Estates; 990 sqft
1181299681,3BR Single Family Home,https://bradschmett.com/listing-detail/1181299681/68125-Vista-Chino-Cathedral-City-CA,https://tamdrashtri.github.io/brad-schmett-remarketing/images/1181299681.jpg,"$449,000",Cathedral City,Single Family Home,For Sale,"68125 Vista Chino, Cathedral City, CA 92234, CA","Desert charm, space, and ",1705 sqft
1181298499,2BR Manufactured Home,https://bradschmett.com/listing-detail/1181298499/102-N-Paseo-Laredo-Cathedral-City-CA,https://tamdrashtri.github.io/brad-schmett-remarketing/images/1181298499.jpg,"$105,000",Cathedral City,Manufactured Home,For Sale,"102 N Paseo Laredo, Cathedral City, CA 92234, CA",One Of The Lowest-Priced ,Date Palm Country Cl; 1440 sqft
1181297401,3BR Single Family Home,https://bradschmett.com/listing-detail/1181297401/75100-La-Sierra-Palm-Desert-CA,https://tamdrashtri.github.io/brad-schmett-remarketing/images/1181297401.jpg,"$619,000",Palm Desert,Single Family Home,For Sale,"75100 La Sierra, Palm Desert, CA 92211, CA",This beautifully maintain,Waring Place Hoa; 1855 sqft
1181297422,4BR Single Family Home,https://bradschmett.com/listing-detail/1181297422/47230-Blazing-Star-Palm-Desert-CA,https://tamdrashtri.github.io/brad-schmett-remarketing/images/1181297422.jpg,"$1,399,000",Palm Desert,Single Family Home,For Sale,"47230 Blazing Star, Palm Desert, CA 92260, CA",Welcome to South Palm Des,2981 sqft
1181294530,2BR Single Family Home,https://bradschmett.com/listing-detail/1181294530/66870-Granada-AVE-Desert-Hot-Springs-CA,https://tamdrashtri.github.io/brad-schmett-remarketing/images/1181294530.jpg,"$265,000",Desert Hot Springs,Single Family Home,For Sale,"66870 Granada AVE, Desert Hot Springs, CA 92240, CA",This charming Mid-Century,Not In A Development; 768 sqft
1181293258,3BR Single Family Home,https://bradschmett.com/listing-detail/1181293258/81830-Via-Barranca-La-Quinta-CA,https://tamdrashtri.github.io/brad-schmett-remarketing/images/1181293258.jpg,"$730,226",La Quinta,Single Family Home,For Sale,"81830 Via Barranca, La Quinta, CA 92253, CA",New Construction - Single,Capistrano At La Quinta (31304); 2679 sqft
1181290805,3BR Condo in Palm Desert,https://bradschmett.com/listing-detail/1181290805/42705-Liolios-DR-Palm-Desert-CA,https://tamdrashtri.github.io/brad-schmett-remarketing/images/1181290805.jpg,"$440,000",Palm Desert,Condo,For Sale,"42705 Liolios DR, Palm Desert, CA 92211, CA",Enjoy resort-style living,Oasis Country Club (32414); 1585 sqft
1181286824,2BR Condo in Palm Springs,https://bradschmett.com/listing-detail/1181286824/1408-Avenida-Montana-Palm-Springs-CA,https://tamdrashtri.github.io/brad-schmett-remarketing/images/1181286824.jpg,"$529,000",Palm Springs,Condo,For Sale,"1408 Avenida Montana, Palm Springs, CA 92262, CA",Experience the quintessen,Terra Vita; 1375 sqft
1181281493,4BR Single Family Home,https://bradschmett.com/listing-detail/1181281493/78743-Avenida-Tujunga-La-Quinta-CA,https://tamdrashtri.github.io/brad-schmett-remarketing/images/1181281493.jpg,"$950,000",La Quinta,Single Family Home,For Sale,"78743 Avenida Tujunga, La Quinta, CA 92253, CA",South-facing sunshine and,Desert Club Estates; 2346 sqft
1181275156,4BR Single Family Home,https://bradschmett.com/listing-detail/1181275156/5155-E-Bobolink-Palm-Springs-CA,https://tamdrashtri.github.io/brad-schmett-remarketing/images/1181275156.jpg,"$1,495,000",Palm Springs,Single Family Home,For Sale,"5155 E Bobolink, Palm Springs, CA 92264, CA",Discover timeless mid-cen,Tahquitz Creek Golf Course (33508); 2281 sqft
1181262065,3BR Single Family Home,https://bradschmett.com/listing-detail/1181262065/55080-Autumn-Valley-CT-La-Quinta-CA,https://wsrv.nl/?url=https%3A%2F%2Fcdn.photos.sparkplatform.com%2Fgps%2F20260428072416597182000000-o.jpg&w=1200&output=jpg&q=80,"$1,475,000",La Quinta,Single Family Home,For Sale,"55080 Autumn Valley CT, La Quinta, CA 92253, CA",The Private Enclave of Mo,Pga West Monterra; 3179 sqft
1181261758,1BR Condo in Indian Wells,https://bradschmett.com/listing-detail/1181261758/46750-Mountain-Cove-DR-24-Indian-Wells-CA,https://wsrv.nl/?url=https%3A%2F%2Fcdn.photos.sparkplatform.com%2Fgps%2F20260428015416390590000000-o.jpg&w=1200&output=jpg&q=80,"$339,000",Indian Wells,Condo,For Sale,"46750 Mountain Cove DR #24, Indian Wells, CA 92210, CA","Location, Location, Vacat",Mountain Cove; 576 sqft
1181261759,4BR Single Family Home,https://bradschmett.com/listing-detail/1181261759/49653-Wayne-ST-Indio-CA,https://wsrv.nl/?url=https%3A%2F%2Fcdn.photos.sparkplatform.com%2Fgps%2F20260224141121402860000000-o.jpg&w=1200&output=jpg&q=80,"$750,000",Indio,Single Family Home,For Sale,"49653 Wayne ST, Indio, CA 92201, CA",Exceptional short-term re,Indian Palms; 2112 sqft
1181266134,2BR Condo in Palm Desert,https://bradschmett.com/listing-detail/1181266134/72-Old-Ranch-Palm-Desert-CA,https://tamdrashtri.github.io/brad-schmett-remarketing/images/1181266134.jpg,"$459,000",Palm Desert,Condo,For Sale,"72 Old Ranch, Palm Desert, CA 92211, CA",If it's all about the vie,The Lakes Country Club (32429); 1368 sqft
1181261412,3BR Single Family Home,https://bradschmett.com/listing-detail/1181261412/66-Victor-Hugo-RD-Rancho-Mirage-CA,https://wsrv.nl/?url=https%3A%2F%2Fcdn.photos.sparkplatform.com%2Fgps%2F20260428215129382814000000-o.jpg&w=1200&output=jpg&q=80,"$1,425,000",Rancho Mirage,Single Family Home,For Sale,"66 Victor Hugo RD, Rancho Mirage, CA 92270, CA",This impressive designer ,Versailles; 3789 sqft
1181265571,2BR Single Family Home,https://bradschmett.com/listing-detail/1181265571/659-Wilson-LN-Palm-Springs-CA,https://tamdrashtri.github.io/brad-schmett-remarketing/images/1181265571.jpg,"$979,000",Palm Springs,Single Family Home,For Sale,"659 Wilson LN, Palm Springs, CA 92262, CA",Experience Elevated Deser,Escena; 2029 sqft
1181264547,4BR Single Family Home,https://bradschmett.com/listing-detail/1181264547/81800-Villa-Reale-Indio-CA,https://tamdrashtri.github.io/brad-schmett-remarketing/images/1181264547.jpg,"$657,888",Indio,Single Family Home,For Sale,"81800 Villa Reale, Indio, CA 92203, CA",Welcome to this beautiful,Palazzo (30909); 2636 sqft
1181259434,4BR Single Family Home,https://bradschmett.com/listing-detail/1181259434/78907-Fountain-Hills-DR-Palm-Desert-CA,https://wsrv.nl/?url=https%3A%2F%2Fcdn.photos.sparkplatform.com%2Fgps%2F20260428032615392057000000-o.jpg&w=1200&output=jpg&q=80,"$579,500",Palm Desert,Single Family Home,For Sale,"78907 Fountain Hills DR, Palm Desert, CA 92211, CA",Rarely available Pave Mod,Sun City; 2304 sqft
1181250277,3BR Single Family Home,https://bradschmett.com/listing-detail/1181250277/2625-N-Cypress-RD-Palm-Springs-CA,https://wsrv.nl/?url=https%3A%2F%2Fcdn.photos.sparkplatform.com%2Fgps%2F20260427224430199615000000-o.jpg&w=1200&output=jpg&q=80,"$639,000",Palm Springs,Single Family Home,For Sale,"2625 N Cypress RD, Palm Springs, CA 92262, CA",Nestled in Desert Park Es,Desert Park Estates; 1862 sqft
1181249588,Vacant Land in Thermal,https://bradschmett.com/listing-detail/1181249588/1028-Verano-PL-Thermal-CA,https://wsrv.nl/?url=https%3A%2F%2Fcdn.photos.sparkplatform.com%2Fgps%2F20260427181822208642000000-o.jpg&w=1200&output=jpg&q=80,"$12,500",Thermal,Vacant Land,For Sale,"1028 Verano PL, Thermal, CA 92274, CA",End-of-cul-de-sac opportu,Salton City
1181249591,2BR Single Family Home,https://bradschmett.com/listing-detail/1181249591/66685-Granada-AVE-Desert-Hot-Springs-CA,https://wsrv.nl/?url=https%3A%2F%2Fcdn.photos.sparkplatform.com%2Fgps%2F20260427232101039475000000-o.jpg&w=1200&output=jpg&q=80,"$225,000",Desert Hot Springs,Single Family Home,For Sale,"66685 Granada AVE, Desert Hot Springs, CA 92240, CA",Major fixer opportunity w,1305 sqft
1181249589,Commercial in Palm Desert,https://bradschmett.com/listing-detail/1181249589/73338-Ca-111-Palm-Desert-CA,https://wsrv.nl/?url=https%3A%2F%2Fcdn.photos.sparkplatform.com%2Fgps%2F20260427222615480498000000-o.jpg&w=1200&output=jpg&q=80,"$2,995,000",Palm Desert,Commercial,For Sale,"73338 Ca-111, Palm Desert, CA 92260, CA",Position your business fo,3470 sqft
1181248793,2BR Single Family Home,https://bradschmett.com/listing-detail/1181248793/80385-Green-Hills-DR-Indio-CA,https://wsrv.nl/?url=https%3A%2F%2Fcdn.photos.sparkplatform.com%2Fgps%2F20260426062030741637000000-o.jpg&w=1200&output=jpg&q=80,"$525,000",Indio,Single Family Home,For Sale,"80385 Green Hills DR, Indio, CA 92201, CA",Welcome to the only 2-bed,Indian Springs; 1703 sqft
1181261327,2BR Manufactured Home,https://bradschmett.com/listing-detail/1181261327/309-Marble-LN-Palm-Springs-CA,https://tamdrashtri.github.io/brad-schmett-remarketing/images/1181261327.jpg,"$255,000",Palm Springs,Manufactured Home,For Sale,"309 Marble LN, Palm Springs, CA 92264, CA",Parkview is a classic Mid,
1181246701,4BR Single Family Home,https://bradschmett.com/listing-detail/1181246701/819-N-High-RD-Palm-Springs-CA,https://wsrv.nl/?url=https%3A%2F%2Fcdn.photos.sparkplatform.com%2Fgps%2F20260425214123007975000000-o.jpg&w=1200&output=jpg&q=80,"$2,950,000",Palm Springs,Single Family Home,For Sale,"819 N High RD, Palm Springs, CA 92262, CA",This beautifully updated ,Vista Las Palmas; 1828 sqft
1181260947,2BR Manufactured Home,https://bradschmett.com/listing-detail/1181260947/603-Cameo-Palm-Springs-CA,https://tamdrashtri.github.io/brad-schmett-remarketing/images/1181260947.jpg,"$305,000",Palm Springs,Manufactured Home,For Sale,"603 Cameo, Palm Springs, CA 92264, CA",Located in the desirable ,
1181260578,2BR Condo in Palm Desert,https://bradschmett.com/listing-detail/1181260578/40514-Bay-Hill-WAY-Palm-Desert-CA,https://tamdrashtri.github.io/brad-schmett-remarketing/images/1181260578.jpg,"$339,000",Palm Desert,Condo,For Sale,"40514 Bay Hill WAY, Palm Desert, CA 92211, CA",Priced to sell for the bu,Palm Desert Resort Cc (32418); 938 sqft
1181243113,1BR Manufactured Home,https://bradschmett.com/listing-detail/1181243113/70200-Dillon-RD-342-Desert-Hot-Springs-CA,https://wsrv.nl/?url=https%3A%2F%2Fcdn.photos.sparkplatform.com%2Fgps%2F20260427191721604309000000-o.jpg&w=1200&output=jpg&q=80,"$110,000",Desert Hot Springs,Manufactured Home,For Sale,"70200 Dillon RD #342, Desert Hot Springs, CA 92241, CA",This 2014 Cavco Park Mode,750 sqft
1181242131,2BR Condo in Palm Desert,https://bradschmett.com/listing-detail/1181242131/654-Vista-Lago-CIR-N-Palm-Desert-CA,https://wsrv.nl/?url=https%3A%2F%2Fcdn.photos.sparkplatform.com%2Fgps%2F20260427205742053610000000-o.jpg&w=1200&output=jpg&q=80,"$378,999",Palm Desert,Condo,For Sale,"654 Vista Lago CIR N, Palm Desert, CA 92211, CA",Experience the epitome of,Desert Falls Country Club; 1330 sqft
1181259370,3BR Condo in Palm Desert,https://bradschmett.com/listing-detail/1181259370/74231-Santa-Rosa-Palm-Desert-CA,https://tamdrashtri.github.io/brad-schmett-remarketing/images/1181259370.jpg,"$399,000",Palm Desert,Condo,For Sale,"74231 Santa Rosa, Palm Desert, CA 92260, CA",Welcome home to this beau,Portola Village (32267); 1547 sqft
1181238489,2BR Single Family Home,https://bradschmett.com/listing-detail/1181238489/78237-Willowrich-DR-Palm-Desert-CA,https://wsrv.nl/?url=https%3A%2F%2Fcdn.photos.sparkplatform.com%2Fgps%2F20260427194316134086000000-o.jpg&w=1200&output=jpg&q=80,"$495,000",Palm Desert,Single Family Home,For Sale,"78237 Willowrich DR, Palm Desert, CA 92211, CA",This Sun City Baccarat mo,Sun City; 1836 sqft
1181257396,3BR Single Family Home,https://bradschmett.com/listing-detail/1181257396/78635-Via-Sonata-La-Quinta-CA,https://tamdrashtri.github.io/brad-schmett-remarketing/images/1181257396.jpg,"$575,000",La Quinta,Single Family Home,For Sale,"78635 Via Sonata, La Quinta, CA 92253, CA",Big views and easy desert,Parc La Quinta; 1740 sqft
1181253867,3BR Single Family Home,https://bradschmett.com/listing-detail/1181253867/1155-Lucent-CT-Palm-Springs-CA,https://tamdrashtri.github.io/brad-schmett-remarketing/images/1181253867.jpg,"$1,360,000",Palm Springs,Single Family Home,For Sale,"1155 Lucent CT, Palm Springs, CA 92262, CA",Big views. Bold style. A ,Murano; 2188 sqft
1181224661,1BR Condo in Palm Desert,https://bradschmett.com/listing-detail/1181224661/2203-Via-Calderia-2203-Palm-Desert-CA,https://wsrv.nl/?url=https%3A%2F%2Fcdn.photos.sparkplatform.com%2Fgps%2F20260426041253597257000000-o.jpg&w=1200&output=jpg&q=80,"$319,500",Palm Desert,Condo,For Sale,"2203 Via Calderia #2203, Palm Desert, CA 92260, CA",Welcome to Via Portofino ,Villa Portofino; 1183 sqft
1181224662,3BR Condo in Palm Desert,https://bradschmett.com/listing-detail/1181224662/42240-Sari-CT-Palm-Desert-CA,https://wsrv.nl/?url=https%3A%2F%2Fcdn.photos.sparkplatform.com%2Fgps%2F20260427171004438873000000-o.jpg&w=1200&output=jpg&q=80,"$475,000",Palm Desert,Condo,For Sale,"42240 Sari CT, Palm Desert, CA 92211, CA",This charming Oasis CC ho,Oasis Country Club; 1787 sqft
1181224660,4BR Single Family Home,https://bradschmett.com/listing-detail/1181224660/49794-Solstice-PL-Palm-Desert-CA,https://wsrv.nl/?url=https%3A%2F%2Fcdn.photos.sparkplatform.com%2Fgps%2F20260427172924990696000000-o.jpg&w=1200&output=jpg&q=80,"$1,258,000",Palm Desert,Single Family Home,For Sale,"49794 Solstice PL, Palm Desert, CA 92211, CA",Nestled on a cul-de-sac i,Montage Palm Desert; 2638 sqft
1181253392,3BR Single Family Home,https://bradschmett.com/listing-detail/1181253392/31-Calle-Del-Norte-Rancho-Mirage-CA,https://tamdrashtri.github.io/brad-schmett-remarketing/images/1181253392.jpg,"$975,000",Rancho Mirage,Single Family Home,For Sale,"31 Calle Del Norte, Rancho Mirage, CA 92270, CA","Pool, fairway, and mounta",Mira Vista; 3423 sqft
1181222242,Commercial in Indio,https://bradschmett.com/listing-detail/1181222242/80394-Avenue-48-333-Indio-CA,https://wsrv.nl/?url=https%3A%2F%2Fcdn.photos.sparkplatform.com%2Fgps%2F20260427171534041645000000-o.jpg&w=1200&output=jpg&q=80,"$249,000",Indio,Commercial,For Sale,"80394 Avenue 48 #333, Indio, CA 92201, CA",This exceptional Class A ,Outdoor Resorts Country Club
1181252330,2BR Condo in Palm Desert,https://bradschmett.com/listing-detail/1181252330/283-Vista-Royale-CIR-Palm-Desert-CA,https://tamdrashtri.github.io/brad-schmett-remarketing/images/1181252330.jpg,"$455,000",Palm Desert,Condo,For Sale,"283 Vista Royale CIR, Palm Desert, CA 92211, CA",Positioned on the golf co,Desert Falls Country Club; 1330 sqft
1181221114,5BR Single Family Home,https://bradschmett.com/listing-detail/1181221114/48716-Sojourn-ST-Indio-CA,https://wsrv.nl/?url=https%3A%2F%2Fcdn.photos.sparkplatform.com%2Fgps%2F20260425004028936268000000-o.jpg&w=1200&output=jpg&q=80,"$1,790,000",Indio,Single Family Home,For Sale,"48716 Sojourn ST, Indio, CA 92201, CA",**Exceptional Investment ,Montage At Santa Rosa; 3560 sqft
1181220128,2BR Condo in Palm Desert,https://bradschmett.com/listing-detail/1181220128/72806-Fleetwood-CIR-Palm-Desert-CA,https://wsrv.nl/?url=https%3A%2F%2Fcdn.photos.sparkplatform.com%2Fgps%2F20260427165528534848000000-o.jpg&w=1200&output=jpg&q=80,"$525,000",Palm Desert,Condo,For Sale,"72806 Fleetwood CIR, Palm Desert, CA 92260, CA",Welcome to this beautiful,Monterey Sands; 1824 sqft
1181219599,3BR Manufactured Home,https://bradschmett.com/listing-detail/1181219599/35461-Mexico-WAY-Thousand-Palms-CA,https://wsrv.nl/?url=https%3A%2F%2Fcdn.photos.sparkplatform.com%2Fgps%2F20260427162327743065000000-o.jpg&w=1200&output=jpg&q=80,"$349,000",Thousand Palms,Manufactured Home,For Sale,"35461 Mexico WAY, Thousand Palms, CA 92276, CA",Welcome to resort-style l,Ivey Ranch; 1792 sqft
1181214671,2BR Condo in Palm Desert,https://bradschmett.com/listing-detail/1181214671/77009-Preston-TRL-Palm-Desert-CA,https://wsrv.nl/?url=https%3A%2F%2Fcdn.photos.sparkplatform.com%2Fgps%2F20260427153401570656000000-o.jpg&w=1200&output=jpg&q=80,"$375,000",Palm Desert,Condo,For Sale,"77009 Preston TRL, Palm Desert, CA 92211, CA",Welcome to the Palm Deser,Palm Desert Resort Country Club; 1177 sqft
1181248732,2BR Condo in Palm Desert,https://bradschmett.com/listing-detail/1181248732/133-Desert-Falls-CT-Palm-Desert-CA,https://tamdrashtri.github.io/brad-schmett-remarketing/images/1181248732.jpg,"$435,000",Palm Desert,Condo,For Sale,"133 Desert Falls CT, Palm Desert, CA 92211, CA",Behind the gates of Deser,Desert Falls Country Club; 1330 sqft
1181213647,4BR Single Family Home,https://bradschmett.com/listing-detail/1181213647/48701-Gibraltar-ST-Indio-CA,https://wsrv.nl/?url=https%3A%2F%2Fcdn.photos.sparkplatform.com%2Fgps%2F20260418193512734404000000-o.jpg&w=1200&output=jpg&q=80,"$745,000",Indio,Single Family Home,For Sale,"48701 Gibraltar ST, Indio, CA 92201, CA",Sold Turnkey Furnished --,Rincon; 2008 sqft
1181247345,2BR Manufactured Home,https://bradschmett.com/listing-detail/1181247345/15500-Bubbling-Wells-RD-133-Desert-Hot-Springs-CA,https://tamdrashtri.github.io/brad-schmett-remarketing/images/1181247345.jpg,"$65,000",Desert Hot Springs,Manufactured Home,For Sale,"15500 Bubbling Wells RD #133, Desert Hot Springs, CA 92240, CA",Come and enjoy the peace ,Hidden Springs; 1440 sqft
1181208570,2BR Manufactured Home,https://bradschmett.com/listing-detail/1181208570/73664-Desert-Greens-DR-N-Palm-Desert-CA,https://wsrv.nl/?url=https%3A%2F%2Fcdn.photos.sparkplatform.com%2Fgps%2F20260426224457584547000000-o.jpg&w=1200&output=jpg&q=80,"$270,000",Palm Desert,Manufactured Home,For Sale,"73664 Desert Greens DR N, Palm Desert, CA 92260, CA",Palm Desert Greens is a 5,Palm Desert Greens; 1440 sqft
1181207738,3BR Condo,https://bradschmett.com/listing-detail/1181207738/35526-Feliz-CT-Rancho-Mirage-CA,https://wsrv.nl/?url=https%3A%2F%2Fcdn.photos.sparkplatform.com%2Fgps%2F20251008031114390242000000-o.jpg&w=1200&output=jpg&q=80,"$399,999",Rancho Mirage,Condo,For Sale,"35526 Feliz CT, Rancho Mirage, CA 92270, CA",This charming condominium,Mountain View Villas; 1128 sqft
1181207058,2BR Condo in Palm Desert,https://bradschmett.com/listing-detail/1181207058/45421-Lupine-1-Palm-Desert-CA,https://wsrv.nl/?url=https%3A%2F%2Fcdn.photos.sparkplatform.com%2Fgps%2F20260417224957122033000000-o.jpg&w=1200&output=jpg&q=80,"$460,000",Palm Desert,Condo,For Sale,"45421 Lupine #1, Palm Desert, CA 92260, CA",Welcome to this beautiful,Sandroc; 1250 sqft
1181239525,3BR Manufactured Home,https://bradschmett.com/listing-detail/1181239525/17640-Corkill-RD-57-Desert-Hot-Springs-CA,https://tamdrashtri.github.io/brad-schmett-remarketing/images/1181239525.jpg,"$95,000",Desert Hot Springs,Manufactured Home,For Sale,"17640 Corkill RD #57, Desert Hot Springs, CA 92241, CA",Welcome home to the cozy ,Not In A Development; 1232 sqft
1181234835,1BR Condo,https://bradschmett.com/listing-detail/1181234835/42379-Rancho-Las-Palmas-DR-29-Rancho-Mirage-CA,https://tamdrashtri.github.io/brad-schmett-remarketing/images/1181234835.jpg,"$379,000",Rancho Mirage,Condo,For Sale,"42379 Rancho Las Palmas DR #29, Rancho Mirage, CA 92270, CA",Experience the quintessen,Chalet Palms; 915 sqft
1181231274,3BR Single Family Home,https://bradschmett.com/listing-detail/1181231274/2011-S-Tulare-Palm-Springs-CA,https://tamdrashtri.github.io/brad-schmett-remarketing/images/1181231274.jpg,"$1,950,000",Palm Springs,Single Family Home,For Sale,"2011 S Tulare, Palm Springs, CA 92264, CA",Nestled within the presti,Indian Canyon Villas (33456); 3155 sqft
1181224520,2BR Condo in Palm Springs,https://bradschmett.com/listing-detail/1181224520/2701-E-Mesquite-AVE-Q74-Palm-Springs-CA,https://tamdrashtri.github.io/brad-schmett-remarketing/images/1181224520.jpg,"$358,500",Palm Springs,Condo,For Sale,"2701 E Mesquite AVE #Q74, Palm Springs, CA 92264, CA",Welcome to your desert oa,Mesquite Country Clu; 1175 sqft
1181202987,4BR Single Family Home,https://bradschmett.com/listing-detail/1181202987/81699-Merv-Griffin-WAY-La-Quinta-CA,https://wsrv.nl/?url=https%3A%2F%2Fcdn.photos.sparkplatform.com%2Fgps%2F20260428045721591946000000-o.jpg&w=1200&output=jpg&q=80,"$2,975,000",La Quinta,Single Family Home,For Sale,"81699 Merv Griffin WAY, La Quinta, CA 92253, CA",A rare offering in the hi,Griffin Ranch; 4154 sqft
1181202630,3BR Condo in Palm Springs,https://bradschmett.com/listing-detail/1181202630/1575-Toledo-CIR-Palm-Springs-CA,https://wsrv.nl/?url=https%3A%2F%2Fcdn.photos.sparkplatform.com%2Fgps%2F20260426213218413335000000-o.jpg&w=1200&output=jpg&q=80,"$1,175,000",Palm Springs,Condo,For Sale,"1575 Toledo CIR, Palm Springs, CA 92264, CA",Serving chic mid-century ,Canyon Estates; 2600 sqft
1181202146,2BR Manufactured Home,https://bradschmett.com/listing-detail/1181202146/433-Butterfield-Cathedral-City-CA,https://wsrv.nl/?url=https%3A%2F%2Fcdn.photos.sparkplatform.com%2Fgps%2F20260424050138300959000000-o.jpg&w=1200&output=jpg&q=80,"$88,000",Cathedral City,Manufactured Home,For Sale,"433 Butterfield, Cathedral City, CA 92234, CA",This lovely home is very ,Royal Palms; 1200 sqft
1181202042,3BR Manufactured Home,https://bradschmett.com/listing-detail/1181202042/73290-20th-AVE-Desert-Hot-Springs-CA,https://wsrv.nl/?url=https%3A%2F%2Fcdn.photos.sparkplatform.com%2Fgps%2F20260427050905814874000000-o.jpg&w=1200&output=jpg&q=80,"$468,000",Desert Hot Springs,Manufactured Home,For Sale,"73290 20th AVE, Desert Hot Springs, CA 92241, CA",Prime investment and life,1740 sqft
1181201222,4BR Single Family Home,https://bradschmett.com/listing-detail/1181201222/71400-Gardess-RD-Rancho-Mirage-CA,https://wsrv.nl/?url=https%3A%2F%2Fcdn.photos.sparkplatform.com%2Fgps%2F20260427184138559919000000-o.jpg&w=1200&output=jpg&q=80,"$849,999",Rancho Mirage,Single Family Home,For Sale,"71400 Gardess RD, Rancho Mirage, CA 92270, CA","Built in 1967, this mid-c",Magnesia Falls Cove; 2018 sqft
1181200819,3BR Manufactured Home,https://bradschmett.com/listing-detail/1181200819/39049-Desert-Greens-DR-E-Palm-Desert-CA,https://wsrv.nl/?url=https%3A%2F%2Fcdn.photos.sparkplatform.com%2Fgps%2F20260426232415395187000000-o.jpg&w=1200&output=jpg&q=80,"$370,000",Palm Desert,Manufactured Home,For Sale,"39049 Desert Greens DR E, Palm Desert, CA 92260, CA",This rare split 3 bedroom,Palm Desert Greens; 1710 sqft
1181200818,1BR Manufactured Home,https://bradschmett.com/listing-detail/1181200818/80870-Us-Highway-111-119-Indio-CA,https://wsrv.nl/?url=https%3A%2F%2Fcdn.photos.sparkplatform.com%2Fgps%2F20260420213600626638000000-o.jpg&w=1200&output=jpg&q=80,"$55,000",Indio,Manufactured Home,For Sale,"80870 Us Highway 111 #119, Indio, CA 92201, CA",Welcome to Riverdale Esta,Bermuda Palms; 1012 sqft
1181200225,2BR Manufactured Home,https://bradschmett.com/listing-detail/1181200225/38890-Desert-Greens-DR-W-Palm-Desert-CA,https://wsrv.nl/?url=https%3A%2F%2Fcdn.photos.sparkplatform.com%2Fgps%2F20260424143516204885000000-o.jpg&w=1200&output=jpg&q=80,"$369,000",Palm Desert,Manufactured Home,For Sale,"38890 Desert Greens DR W, Palm Desert, CA 92260, CA",Attention Golf Lovers - U,Palm Desert Greens; 1440 sqft
1181198529,2BR Condo in Palm Desert,https://bradschmett.com/listing-detail/1181198529/73435-Foxtail-LN-Palm-Desert-CA,https://wsrv.nl/?url=https%3A%2F%2Fcdn.photos.sparkplatform.com%2Fgps%2F20260426185002033886000000-o.jpg&w=1200&output=jpg&q=80,"$589,000",Palm Desert,Condo,For Sale,"73435 Foxtail LN, Palm Desert, CA 92260, CA",Perfectly-positioned END ,Ironwood Country Club; 1426 sqft
1181198116,3BR Single Family Home,https://bradschmett.com/listing-detail/1181198116/43305-Arizona-ST-Palm-Desert-CA,https://wsrv.nl/?url=https%3A%2F%2Fcdn.photos.sparkplatform.com%2Fgps%2F20260502190954323998000000-o.jpg&w=1200&output=jpg&q=80,"$545,000",Palm Desert,Single Family Home,For Sale,"43305 Arizona ST, Palm Desert, CA 92211, CA",Welcome to one of the mos,Palm Desert Country Club; 1755 sqft
1181197900,3BR Single Family Home,https://bradschmett.com/listing-detail/1181197900/37682-Mojave-Sage-ST-Palm-Desert-CA,https://wsrv.nl/?url=https%3A%2F%2Fcdn.photos.sparkplatform.com%2Fgps%2F20260424234924543555000000-o.jpg&w=1200&output=jpg&q=80,"$699,000",Palm Desert,Single Family Home,For Sale,"37682 Mojave Sage ST, Palm Desert, CA 92211, CA",55+ Sun City Palm Desert-,Sun City; 2510 sqft
1181197901,3BR Single Family Home,https://bradschmett.com/listing-detail/1181197901/52820-Latrobe-LN-La-Quinta-CA,https://wsrv.nl/?url=https%3A%2F%2Fcdn.photos.sparkplatform.com%2Fgps%2F20260426191056717564000000-o.jpg&w=1200&output=jpg&q=80,"$3,995,000",La Quinta,Single Family Home,For Sale,"52820 Latrobe LN, La Quinta, CA 92253, CA",Designed by renowned arch,Tradition Golf Club; 4075 sqft
1181197724,3BR Single Family Home,https://bradschmett.com/listing-detail/1181197724/67373-Rio-Largo-RD-Cathedral-City-CA,https://wsrv.nl/?url=https%3A%2F%2Fcdn.photos.sparkplatform.com%2Fgps%2F20260426190655689720000000-o.jpg&w=1200&output=jpg&q=80,"$489,900",Cathedral City,Single Family Home,For Sale,"67373 Rio Largo RD, Cathedral City, CA 92234, CA",Welcome to this 3-bedroom,Verano; 1924 sqft
1181197395,1BR Condo in Palm Springs,https://bradschmett.com/listing-detail/1181197395/400-N-Sunrise-WAY-104-Palm-Springs-CA,https://wsrv.nl/?url=https%3A%2F%2Fcdn.photos.sparkplatform.com%2Fgps%2F20260426220534880034000000-o.jpg&w=1200&output=jpg&q=80,"$249,000",Palm Springs,Condo,For Sale,"400 N Sunrise WAY #104, Palm Springs, CA 92262, CA",Resort living for half th,Catalina Grove; 850 sqft
1181197226,Vacant Land,https://bradschmett.com/listing-detail/1181197226/29000-Sunnyslope-ST-Desert-Hot-Springs-CA,https://wsrv.nl/?url=https%3A%2F%2Fcdn.photos.sparkplatform.com%2Fgps%2F20260428012011323739000000-o.jpg&w=1200&output=jpg&q=80,"$299,000",Desert Hot Springs,Vacant Land,For Sale,"29000 Sunnyslope ST, Desert Hot Springs, CA 92241, CA",5 Acres with Stunning Vie,
1181202125,2BR Condo in Palm Springs,https://bradschmett.com/listing-detail/1181202125/334-W-Santa-Elena-Palm-Springs-CA,https://tamdrashtri.github.io/brad-schmett-remarketing/images/1181202125.jpg,"$395,000",Palm Springs,Condo,For Sale,"334 W Santa Elena, Palm Springs, CA 92262, CA",This condominium has been,Casa De Oro (33210); 1088 sqft
1181201998,4BR Single Family Home,https://bradschmett.com/listing-detail/1181201998/44748-Domaine-WAY-Indio-CA,https://tamdrashtri.github.io/brad-schmett-remarketing/images/1181201998.jpg,"$624,888",Indio,Single Family Home,For Sale,"44748 Domaine WAY, Indio, CA 92203, CA",Modern Elegance Awaits in,Monte Vina; 2520 sqft
1181196141,3BR Single Family Home,https://bradschmett.com/listing-detail/1181196141/29040-Avenida-La-VIS-Cathedral-City-CA,https://wsrv.nl/?url=https%3A%2F%2Fcdn.photos.sparkplatform.com%2Fgps%2F20260426184802143021000000-o.jpg&w=1200&output=jpg&q=80,"$499,900",Cathedral City,Single Family Home,For Sale,"29040 Avenida La VIS, Cathedral City, CA 92234, CA",Charming Cathedral City h,Panorama; 2100 sqft
1181195643,3BR Single Family Home,https://bradschmett.com/listing-detail/1181195643/2657-Maverick-LN-Palm-Springs-CA,https://wsrv.nl/?url=https%3A%2F%2Fcdn.photos.sparkplatform.com%2Fgps%2F20260426201415829062000000-o.jpg&w=1200&output=jpg&q=80,"$999,498",Palm Springs,Single Family Home,For Sale,"2657 Maverick LN, Palm Springs, CA 92264, CA",New Construction! Include,2597 sqft
1181195125,3BR Single Family Home,https://bradschmett.com/listing-detail/1181195125/13371-Cactus-DR-Desert-Hot-Springs-CA,https://wsrv.nl/?url=https%3A%2F%2Fcdn.photos.sparkplatform.com%2Fgps%2F20260426195545129756000000-o.jpg&w=1200&output=jpg&q=80,"$415,000",Desert Hot Springs,Single Family Home,For Sale,"13371 Cactus DR, Desert Hot Springs, CA 92240, CA",New Construction In Deser,1370 sqft
1181193487,Vacant Land,https://bradschmett.com/listing-detail/1181193487/48900-Paisano-RD-Palm-Desert-CA,https://wsrv.nl/?url=https%3A%2F%2Fcdn.photos.sparkplatform.com%2Fgps%2F20260425061456263161000000-o.jpg&w=1200&output=jpg&q=80,"$1,599,999",Palm Desert,Vacant Land,For Sale,"48900 Paisano RD, Palm Desert, CA 92260, CA",An extraordinary opportun,Cahuilla Hills
1181200760,3BR Single Family Home,https://bradschmett.com/listing-detail/1181200760/67535-San-Tomas-Desert-Hot-Springs-CA,https://tamdrashtri.github.io/brad-schmett-remarketing/images/1181200760.jpg,"$419,777",Desert Hot Springs,Single Family Home,For Sale,"67535 San Tomas, Desert Hot Springs, CA 92240, CA",Welcome to this unique op,1761 sqft
1181191632,2BR Condo in Palm Desert,https://bradschmett.com/listing-detail/1181191632/45632-Ocotillo-DR-Palm-Desert-CA,https://wsrv.nl/?url=https%3A%2F%2Fcdn.photos.sparkplatform.com%2Fgps%2F20260426010935541446000000-o.jpg&w=1200&output=jpg&q=80,"$489,000",Palm Desert,Condo,For Sale,"45632 Ocotillo DR, Palm Desert, CA 92260, CA",Stunning Total Remodel !!,Casa Mia; 1230 sqft
1181187852,2BR Single Family Home,https://bradschmett.com/listing-detail/1181187852/80265-Avenida-Linda-Vista-Indio-CA,https://wsrv.nl/?url=https%3A%2F%2Fcdn.photos.sparkplatform.com%2Fgps%2F20260425060129110928000000-o.jpg&w=1200&output=jpg&q=80,"$392,500",Indio,Single Family Home,For Sale,"80265 Avenida Linda Vista, Indio, CA 92203, CA",Welcome to resort-style l,Sun City Shadow Hills; 1463 sqft
1181185138,3BR Manufactured Home,https://bradschmett.com/listing-detail/1181185138/33710-Bell-RD-Thousand-Palms-CA,https://wsrv.nl/?url=https%3A%2F%2Fcdn.photos.sparkplatform.com%2Fgps%2F20260425221700606012000000-o.jpg&w=1200&output=jpg&q=80,"$299,900",Thousand Palms,Manufactured Home,For Sale,"33710 Bell RD, Thousand Palms, CA 92276, CA","Contemporary, updated gol",Tri-Palm Estates; 1800 sqft
1181181740,2BR Condo in Palm Desert,https://bradschmett.com/listing-detail/1181181740/293-Bouquet-Canyon-DR-Palm-Desert-CA,https://wsrv.nl/?url=https%3A%2F%2Fcdn.photos.sparkplatform.com%2Fgps%2F20260425073738644650000000-o.jpg&w=1200&output=jpg&q=80,"$519,000",Palm Desert,Condo,For Sale,"293 Bouquet Canyon DR, Palm Desert, CA 92211, CA",This popular El Paso floo,The Lakes Country Club; 1858 sqft
1181181126,3BR Condo in Palm Springs,https://bradschmett.com/listing-detail/1181181126/436-Tan-Oak-DR-Palm-Springs-CA,https://wsrv.nl/?url=https%3A%2F%2Fcdn.photos.sparkplatform.com%2Fgps%2F20260425211356605877000000-o.jpg&w=1200&output=jpg&q=80,"$829,000",Palm Springs,Condo,For Sale,"436 Tan Oak DR, Palm Springs, CA 92262, CA","A detached 3-bedroom, 3-b",Village Traditions; 2185 sqft
1181179667,3BR Single Family Home,https://bradschmett.com/listing-detail/1181179667/75065-Promontory-PL-Indian-Wells-CA,https://wsrv.nl/?url=https%3A%2F%2Fcdn.photos.sparkplatform.com%2Fgps%2F20260425194511136654000000-o.jpg&w=1200&output=jpg&q=80,"$2,100,000",Indian Wells,Single Family Home,For Sale,"75065 Promontory PL, Indian Wells, CA 92210, CA",Discover luxury desert li,The Province; 3657 sqft
1181178907,3BR Single Family Home,https://bradschmett.com/listing-detail/1181178907/9650-Troon-CT-Desert-Hot-Springs-CA,https://wsrv.nl/?url=https%3A%2F%2Fcdn.photos.sparkplatform.com%2Fgps%2F20260425194905026066000000-o.jpg&w=1200&output=jpg&q=80,"$250,000",Desert Hot Springs,Single Family Home,For Sale,"9650 Troon CT, Desert Hot Springs, CA 92240, CA",Experience the potential ,Mission Lakes; 1726 sqft
1181177770,3BR Single Family Home,https://bradschmett.com/listing-detail/1181177770/1444-N-Rodeo-RD-Palm-Springs-CA,https://wsrv.nl/?url=https%3A%2F%2Fcdn.photos.sparkplatform.com%2Fgps%2F20260425183256663536000000-o.jpg&w=1200&output=jpg&q=80,"$855,000",Palm Springs,Single Family Home,For Sale,"1444 N Rodeo RD, Palm Springs, CA 92262, CA",This charming mid-century,El Mirador; 1593 sqft
1181176901,2BR Manufactured Home,https://bradschmett.com/listing-detail/1181176901/73201-Highland-Springs-DR-Palm-Desert-CA,https://wsrv.nl/?url=https%3A%2F%2Fcdn.photos.sparkplatform.com%2Fgps%2F20260425175253819382000000-o.jpg&w=1200&output=jpg&q=80,"$200,000",Palm Desert,Manufactured Home,For Sale,"73201 Highland Springs DR, Palm Desert, CA 92260, CA",Great Buy for desert livi,Palm Desert Greens; 1344 sqft
1181185117,3BR Condo,https://bradschmett.com/listing-detail/1181185117/13-Tennis-Club-DR-Rancho-Mirage-CA,https://tamdrashtri.github.io/brad-schmett-remarketing/images/1181185117.jpg,"$765,000",Rancho Mirage,Condo,For Sale,"13 Tennis Club DR, Rancho Mirage, CA 92270, CA",Experience Lakeside Luxur,Rancho Mirage Racquet Club; 2079 sqft
1181174092,3BR Single Family Home,https://bradschmett.com/listing-detail/1181174092/70810-Ironwood-DR-Rancho-Mirage-CA,https://wsrv.nl/?url=https%3A%2F%2Fcdn.photos.sparkplatform.com%2Fgps%2F20260422190043465851000000-o.jpg&w=1200&output=jpg&q=80,"$1,065,000",Rancho Mirage,Single Family Home,For Sale,"70810 Ironwood DR, Rancho Mirage, CA 92270, CA",Newly Listed! Views Views,2283 sqft
1181171155,2BR Manufactured Home,https://bradschmett.com/listing-detail/1181171155/49305-Highway-74-186-Palm-Desert-CA,https://wsrv.nl/?url=https%3A%2F%2Fcdn.photos.sparkplatform.com%2Fgps%2F20260428231426675375000000-o.jpg&w=1200&output=jpg&q=80,"$285,000",Palm Desert,Manufactured Home,For Sale,"49305 Highway 74 #186, Palm Desert, CA 92260, CA",Rarely available Greenbel,Indian Springs Mobiles; 1440 sqft
1181182358,1BR Manufactured Home,https://bradschmett.com/listing-detail/1181182358/403-Ginger-DR-Palm-Springs-CA,https://tamdrashtri.github.io/brad-schmett-remarketing/images/1181182358.jpg,"$234,500",Palm Springs,Manufactured Home,For Sale,"403 Ginger DR, Palm Springs, CA 92264, CA",This contemporary move in,Palm Canyon Mobile Club; 630 sqft
1181180393,3BR Single Family Home,https://bradschmett.com/listing-detail/1181180393/69320-Cypress-RD-Cathedral-City-CA,https://tamdrashtri.github.io/brad-schmett-remarketing/images/1181180393.jpg,"$485,000",Cathedral City,Single Family Home,For Sale,"69320 Cypress RD, Cathedral City, CA 92234, CA",Welcome to this well-main,Century Park (33535); 1404 sqft
1181167466,Vacant Land,https://bradschmett.com/listing-detail/1181167466/67175-Ontina-RD-Cathedral-City-CA,https://wsrv.nl/?url=https%3A%2F%2Fcdn.photos.sparkplatform.com%2Fgps%2F20260425132428541541000000-o.jpg&w=1200&output=jpg&q=80,"$129,000",Cathedral City,Vacant Land,For Sale,"67175 Ontina RD, Cathedral City, CA 92234, CA",Welcome to your future oa,Rio Vista
1181178485,4BR Single Family Home,https://bradschmett.com/listing-detail/1181178485/68695-Panorama-Cathedral-City-CA,https://tamdrashtri.github.io/brad-schmett-remarketing/images/1181178485.jpg,"$589,900",Cathedral City,Single Family Home,For Sale,"68695 Panorama, Cathedral City, CA 92234, CA",Welcome to 68695 Panorama,Panorama (33545); 2336 sqft
1181177714,3BR Single Family Home,https://bradschmett.com/listing-detail/1181177714/41680-Jamaica-Sands-DR-Bermuda-Dunes-CA,https://tamdrashtri.github.io/brad-schmett-remarketing/images/1181177714.jpg,"$799,000",Bermuda Dunes,Single Family Home,For Sale,"41680 Jamaica Sands DR, Bermuda Dunes, CA 92203, CA",Welcome to 41680 Jamaica ,Not In A Development; 1947 sqft
1181175078,3BR Single Family Home,https://bradschmett.com/listing-detail/1181175078/35457-Core-DR-Palm-Desert-CA,https://tamdrashtri.github.io/brad-schmett-remarketing/images/1181175078.jpg,"$789,000",Palm Desert,Single Family Home,For Sale,"35457 Core DR, Palm Desert, CA 92211, CA",Discover refined desert l,Genesis; 2020 sqft
1181174002,1BR Condo in Palm Springs,https://bradschmett.com/listing-detail/1181174002/675-N-Los-Felices-CIR-J-202-Palm-Springs-CA,https://tamdrashtri.github.io/brad-schmett-remarketing/images/1181174002.jpg,"$258,000",Palm Springs,Condo,For Sale,"675 N Los Felices CIR #J-202, Palm Springs, CA 92262, CA",Chic Desert Living in thi,Palm Sp Villas Ii; 589 sqft
1181164668,4BR Single Family Home,https://bradschmett.com/listing-detail/1181164668/68975-Corral-RD-Cathedral-City-CA,https://wsrv.nl/?url=https%3A%2F%2Fcdn.photos.sparkplatform.com%2Fgps%2F20260425082223697882000000-o.jpg&w=1200&output=jpg&q=80,"$535,000",Cathedral City,Single Family Home,For Sale,"68975 Corral RD, Cathedral City, CA 92234, CA",Nestled in the heart of C,1827 sqft
1181164170,2BR Condo,https://bradschmett.com/listing-detail/1181164170/69850-Ca-111-23-Rancho-Mirage-CA,https://wsrv.nl/?url=https%3A%2F%2Fcdn.photos.sparkplatform.com%2Fgps%2F20260425161904206953000000-o.jpg&w=1200&output=jpg&q=80,"$282,500",Rancho Mirage,Condo,For Sale,"69850 Ca-111 #23, Rancho Mirage, CA 92270, CA",Welcome to Desert Braemar,Desert Braemar; 1378 sqft
1181163227,3BR Single Family Home,https://bradschmett.com/listing-detail/1181163227/79305-Desert-Crest-DR-La-Quinta-CA,https://wsrv.nl/?url=https%3A%2F%2Fcdn.photos.sparkplatform.com%2Fgps%2F20260425052251670628000000-o.jpg&w=1200&output=jpg&q=80,"$650,000",La Quinta,Single Family Home,For Sale,"79305 Desert Crest DR, La Quinta, CA 92253, CA",Highly sought-after gorge,Topaz; 1700 sqft
1181162315,3BR Single Family Home,https://bradschmett.com/listing-detail/1181162315/72328-Bajada-TRL-Palm-Desert-CA,https://wsrv.nl/?url=https%3A%2F%2Fcdn.photos.sparkplatform.com%2Fgps%2F20260425042531503165000000-o.jpg&w=1200&output=jpg&q=80,"$2,895,000",Palm Desert,Single Family Home,For Sale,"72328 Bajada TRL, Palm Desert, CA 92260, CA",First time on the market ,Stone Eagle; 2985 sqft
1181161216,4BR Single Family Home,https://bradschmett.com/listing-detail/1181161216/120-Tesori-DR-Palm-Desert-CA,https://wsrv.nl/?url=https%3A%2F%2Fcdn.photos.sparkplatform.com%2Fgps%2F20260425032608241234000000-o.jpg&w=1200&output=jpg&q=80,"$899,000",Palm Desert,Single Family Home,For Sale,"120 Tesori DR, Palm Desert, CA 92211, CA",Fantastic opportunity to ,Brenna At Capri; 2904 sqft
1181160430,2BR Condo in Palm Desert,https://bradschmett.com/listing-detail/1181160430/38689-Nasturtium-WAY-Palm-Desert-CA,https://wsrv.nl/?url=https%3A%2F%2Fcdn.photos.sparkplatform.com%2Fgps%2F20260425022842334052000000-o.jpg&w=1200&output=jpg&q=80,"$480,000",Palm Desert,Condo,For Sale,"38689 Nasturtium WAY, Palm Desert, CA 92211, CA",Located on the Challenge ,Palm Valley Country Club; 1330 sqft
1181164825,4BR Single Family Home,https://bradschmett.com/listing-detail/1181164825/62718-Rainbow-LN-Desert-Hot-Springs-CA,https://tamdrashtri.github.io/brad-schmett-remarketing/images/1181164825.jpg,"$445,240",Desert Hot Springs,Single Family Home,For Sale,"62718 Rainbow LN, Desert Hot Springs, CA 92440, CA",New Construction! This Ne,Skyborne (34020); 2084 sqft
1181158087,3BR Single Family Home,https://bradschmett.com/listing-detail/1181158087/1450-E-Mesquite-AVE-Palm-Springs-CA,https://wsrv.nl/?url=https%3A%2F%2Fcdn.photos.sparkplatform.com%2Fgps%2F20260430084418337844000000-o.jpg&w=1200&output=jpg&q=80,"$1,140,000",Palm Springs,Single Family Home,For Sale,"1450 E Mesquite AVE, Palm Springs, CA 92264, CA",Located in the heart of S,Tahquitz River Estates; 1816 sqft
1181158089,2BR Condo in Palm Desert,https://bradschmett.com/listing-detail/1181158089/41715-Woodhaven-DR-W-Palm-Desert-CA,https://wsrv.nl/?url=https%3A%2F%2Fcdn.photos.sparkplatform.com%2Fgps%2F20260425014227079847000000-o.jpg&w=1200&output=jpg&q=80,"$479,000",Palm Desert,Condo,For Sale,"41715 Woodhaven DR W, Palm Desert, CA 92211, CA",Welcome to a rare offerin,Woodhaven Country Club; 1808 sqft
1181158088,1BR Condo,https://bradschmett.com/listing-detail/1181158088/67440-S-Chimayo-DR-Cathedral-City-CA,https://wsrv.nl/?url=https%3A%2F%2Fcdn.photos.sparkplatform.com%2Fgps%2F20260425013730538005000000-o.jpg&w=1200&output=jpg&q=80,"$250,000",Cathedral City,Condo,For Sale,"67440 S Chimayo DR, Cathedral City, CA 92234, CA","A Show Stopper, This one ",Desert Princess; 851 sqft
1181157667,3BR Single Family Home,https://bradschmett.com/listing-detail/1181157667/20555-Mountain-View-RD-Desert-Hot-Springs-CA,https://wsrv.nl/?url=https%3A%2F%2Fcdn.photos.sparkplatform.com%2Fgps%2F20260422231029018390000000-o.jpg&w=1200&output=jpg&q=80,"$2,600,000",Desert Hot Springs,Single Family Home,For Sale,"20555 Mountain View RD, Desert Hot Springs, CA 92241, CA","Equestrians, ranching ent",1556 sqft
1181157666,2BR Single Family Home,https://bradschmett.com/listing-detail/1181157666/29631-E-Trancas-DR-Cathedral-City-CA,https://wsrv.nl/?url=https%3A%2F%2Fcdn.photos.sparkplatform.com%2Fgps%2F20260425011812773357000000-o.jpg&w=1200&output=jpg&q=80,"$410,000",Cathedral City,Single Family Home,For Sale,"29631 E Trancas DR, Cathedral City, CA 92234, CA",Stunning Western Mountain,Desert Princess; 1576 sqft
1181157262,2BR Single Family Home,https://bradschmett.com/listing-detail/1181157262/52295-Avenida-Alvarado-La-Quinta-CA,https://wsrv.nl/?url=https%3A%2F%2Fcdn.photos.sparkplatform.com%2Fgps%2F20260425010803834068000000-o.jpg&w=1200&output=jpg&q=80,"$330,000",La Quinta,Single Family Home,For Sale,"52295 Avenida Alvarado, La Quinta, CA 92253, CA",This is a Probate Sale to,La Quinta Cove; 1068 sqft
1181155923,3BR Manufactured Home,https://bradschmett.com/listing-detail/1181155923/39071-Cudy-CIR-Palm-Desert-CA,https://wsrv.nl/?url=https%3A%2F%2Fcdn.photos.sparkplatform.com%2Fgps%2F20260424235945740015000000-o.jpg&w=1200&output=jpg&q=80,"$495,000",Palm Desert,Manufactured Home,For Sale,"39071 Cudy CIR, Palm Desert, CA 92260, CA",This beautiful and spacio,Palm Desert Greens; 2088 sqft
1181154602,2BR Single Family Home,https://bradschmett.com/listing-detail/1181154602/78906-Edgebrook-LN-Palm-Desert-CA,https://wsrv.nl/?url=https%3A%2F%2Fcdn.photos.sparkplatform.com%2Fgps%2F20260424183557614380000000-o.jpg&w=1200&output=jpg&q=80,"$499,000",Palm Desert,Single Family Home,For Sale,"78906 Edgebrook LN, Palm Desert, CA 92211, CA",Located within the highly,Sun City; 1730 sqft
1181152517,3BR Single Family Home,https://bradschmett.com/listing-detail/1181152517/68570-J-ST-Cathedral-City-CA,https://wsrv.nl/?url=https%3A%2F%2Fcdn.photos.sparkplatform.com%2Fgps%2F20260423232143486860000000-o.jpg&w=1200&output=jpg&q=80,"$799,999",Cathedral City,Single Family Home,For Sale,"68570 J ST, Cathedral City, CA 92234, CA","Stunning 3-bedroom, 2.5-b",Cathedral City Cove; 1870 sqft
1181163622,3BR Single Family Home,https://bradschmett.com/listing-detail/1181163622/43535-Roebelenii-WAY-Indio-CA,https://tamdrashtri.github.io/brad-schmett-remarketing/images/1181163622.jpg,"$545,000",Indio,Single Family Home,For Sale,"43535 Roebelenii WAY, Indio, CA 92201, CA",Welcome to 43535 Roebelen,Waring Palms; 1653 sqft
1181150669,4BR Single Family Home,https://bradschmett.com/listing-detail/1181150669/66278-3rd-ST-Desert-Hot-Springs-CA,https://wsrv.nl/?url=https%3A%2F%2Fcdn.photos.sparkplatform.com%2Fgps%2F20260424224815785625000000-o.jpg&w=1200&output=jpg&q=80,"$399,000",Desert Hot Springs,Single Family Home,For Sale,"66278 3rd ST, Desert Hot Springs, CA 92240, CA",Welcome to this spacious ,1650 sqft
1181149771,3BR Condo in Palm Desert,https://bradschmett.com/listing-detail/1181149771/38659-Nasturtium-WAY-Palm-Desert-CA,https://wsrv.nl/?url=https%3A%2F%2Fcdn.photos.sparkplatform.com%2Fgps%2F20260424182323822456000000-o.jpg&w=1200&output=jpg&q=80,"$847,500",Palm Desert,Condo,For Sale,"38659 Nasturtium WAY, Palm Desert, CA 92211, CA",Updated Golf Course Condo,Palm Valley Country Club; 2125 sqft
1181149772,Vacant Land,https://bradschmett.com/listing-detail/1181149772/69411-Ramon-Rd-453-Cathedral-City-CA,https://wsrv.nl/?url=https%3A%2F%2Fcdn.photos.sparkplatform.com%2Fgps%2F20260422000200709862000000-o.jpg&w=1200&output=jpg&q=80,"$60,000",Cathedral City,Vacant Land,For Sale,"69411 Ramon Rd #453, Cathedral City, CA 92234, CA",Prime opportunity in Outd,Outdoor Resorts Palm Springs
1181147793,3BR Single Family Home,https://bradschmett.com/listing-detail/1181147793/20-VA-Condotti-Rancho-Mirage-CA,https://wsrv.nl/?url=https%3A%2F%2Fcdn.photos.sparkplatform.com%2Fgps%2F20260424215431317435000000-o.jpg&w=1200&output=jpg&q=80,"$1,700,000",Rancho Mirage,Single Family Home,For Sale,"20 VíA Condotti, Rancho Mirage, CA 92270, CA","Exceptional. Stunning, Dr",Veneto; 4658 sqft
1181147791,3BR Single Family Home,https://bradschmett.com/listing-detail/1181147791/9560-Ekwanok-DR-Desert-Hot-Springs-CA,https://wsrv.nl/?url=https%3A%2F%2Fcdn.photos.sparkplatform.com%2Fgps%2F20260424174236480960000000-o.jpg&w=1200&output=jpg&q=80,"$420,000",Desert Hot Springs,Single Family Home,For Sale,"9560 Ekwanok DR, Desert Hot Springs, CA 92240, CA",A Mission Lakes Country C,Mission Lakes; 1890 sqft
1181146488,1BR Manufactured Home,https://bradschmett.com/listing-detail/1181146488/84136-Avenue-44-114-Indio-CA,https://wsrv.nl/?url=https%3A%2F%2Fcdn.photos.sparkplatform.com%2Fgps%2F20260424215057178413000000-o.jpg&w=1200&output=jpg&q=80,"$129,000",Indio,Manufactured Home,For Sale,"84136 Avenue 44 #114, Indio, CA 92203, CA",Enjoy privacy and comfort,Rancho Casa Blanca; 400 sqft
1181146489,2BR Condo in Palm Springs,https://bradschmett.com/listing-detail/1181146489/87-Westlake-CIR-Palm-Springs-CA,https://wsrv.nl/?url=https%3A%2F%2Fcdn.photos.sparkplatform.com%2Fgps%2F20260424173922289795000000-o.jpg&w=1200&output=jpg&q=80,"$1,600,000",Palm Springs,Condo,For Sale,"87 Westlake CIR, Palm Springs, CA 92264, CA",There are homes and then ,Seven Lakes Country Club; 1965 sqft
1181162896,3BR Single Family Home,https://bradschmett.com/listing-detail/1181162896/98-Zinfandel-Rancho-Mirage-CA,https://tamdrashtri.github.io/brad-schmett-remarketing/images/1181162896.jpg,"$750,000",Rancho Mirage,Single Family Home,For Sale,"98 Zinfandel, Rancho Mirage, CA 92270, CA",Welcome to one of the mos,Del Webb Rm; 1770 sqft
1181144841,2BR Manufactured Home,https://bradschmett.com/listing-detail/1181144841/38521-Cactus-LN-Palm-Desert-CA,https://wsrv.nl/?url=https%3A%2F%2Fcdn.photos.sparkplatform.com%2Fgps%2F20260424211621326708000000-o.jpg&w=1200&output=jpg&q=80,"$332,000",Palm Desert,Manufactured Home,For Sale,"38521 Cactus LN, Palm Desert, CA 92260, CA",This home has a large flo,Palm Desert Greens; 1780 sqft
1181143622,1BR Manufactured Home,https://bradschmett.com/listing-detail/1181143622/84136-Avenue-44-786-Indio-CA,https://wsrv.nl/?url=https%3A%2F%2Fcdn.photos.sparkplatform.com%2Fgps%2F20260424212156378355000000-o.jpg&w=1200&output=jpg&q=80,"$165,000",Indio,Manufactured Home,For Sale,"84136 Avenue 44 #786, Indio, CA 92203, CA",This beautifully maintain,Rancho Casa Blanca; 400 sqft
1181161361,4BR Single Family Home,https://bradschmett.com/listing-detail/1181161361/64173-Silver-Star-Desert-Hot-Springs-CA,https://tamdrashtri.github.io/brad-schmett-remarketing/images/1181161361.jpg,"$449,000",Desert Hot Springs,Single Family Home,For Sale,"64173 Silver Star, Desert Hot Springs, CA 92240, CA",Welcome to your private d,Mountain View Country Estates (34014); 2517 sqft
1181133815,2BR Condo in Palm Springs,https://bradschmett.com/listing-detail/1181133815/402-Calle-Traditions-Palm-Springs-CA,https://wsrv.nl/?url=https%3A%2F%2Fcdn.photos.sparkplatform.com%2Fgps%2F20260424183436103978000000-o.jpg&w=1200&output=jpg&q=80,"$500,000",Palm Springs,Condo,For Sale,"402 Calle Traditions, Palm Springs, CA 92262, CA",,Village Traditions; 1471 sqft
1181132479,4BR Single Family Home,https://bradschmett.com/listing-detail/1181132479/54310-Riviera-La-Quinta-CA,https://wsrv.nl/?url=https%3A%2F%2Fcdn.photos.sparkplatform.com%2Fgps%2F20260424142334870278000000-o.jpg&w=1200&output=jpg&q=80,"$1,950,000",La Quinta,Single Family Home,For Sale,"54310 Riviera, La Quinta, CA 92253, CA",Enjoy some of the most ex,Pga Palmer Private; 3880 sqft
1181130767,1BR Single Family Home,https://bradschmett.com/listing-detail/1181130767/44451-Duckhorn-DR-Coachella-CA,https://wsrv.nl/?url=https%3A%2F%2Fcdn.photos.sparkplatform.com%2Fgps%2F20260424191207035035000000-o.jpg&w=1200&output=jpg&q=80,"$109,500",Coachella,Single Family Home,For Sale,"44451 Duckhorn DR, Coachella, CA 92236, CA","Experience easy, resort s",Vineyards Motor Coach; 528 sqft
1181128950,2BR Condo in Palm Desert,https://bradschmett.com/listing-detail/1181128950/2102-Via-Calderia-2102-Palm-Desert-CA,https://wsrv.nl/?url=https%3A%2F%2Fcdn.photos.sparkplatform.com%2Fgps%2F20260424181858749594000000-o.jpg&w=1200&output=jpg&q=80,"$439,000",Palm Desert,Condo,For Sale,"2102 Via Calderia #2102, Palm Desert, CA 92260, CA",Welcome to Villa Portofin,Villa Portofino; 1183 sqft
1181127108,4BR Condo in Palm Desert,https://bradschmett.com/listing-detail/1181127108/206-Paseo-Gusto-215-Palm-Desert-CA,https://wsrv.nl/?url=https%3A%2F%2Fcdn.photos.sparkplatform.com%2Fgps%2F20260424175623535363000000-o.jpg&w=1200&output=jpg&q=80,"$450,000",Palm Desert,Condo,For Sale,"206 Paseo Gusto #215, Palm Desert, CA 92211, CA",This impressive two-story,Spanish Walk; 1925 sqft
1181127106,2BR Single Family Home,https://bradschmett.com/listing-detail/1181127106/2577-Dalton-DR-Thermal-CA,https://wsrv.nl/?url=https%3A%2F%2Fcdn.photos.sparkplatform.com%2Fgps%2F20260424182837537399000000-o.jpg&w=1200&output=jpg&q=80,"$247,000",Thermal,Single Family Home,For Sale,"2577 Dalton DR, Thermal, CA 92274, CA",Escape to your dream vaca,Salton City; 1028 sqft
1181127107,3BR Condo in Indian Wells,https://bradschmett.com/listing-detail/1181127107/46330-Dove-RD-Indian-Wells-CA,https://wsrv.nl/?url=https%3A%2F%2Fcdn.photos.sparkplatform.com%2Fgps%2F20260424174840824408000000-o.jpg&w=1200&output=jpg&q=80,"$1,049,000",Indian Wells,Condo,For Sale,"46330 Dove RD, Indian Wells, CA 92210, CA",Golf Course Views! Mounta,Indian Wells Country Club; 2306 sqft
1181122523,2BR Single Family Home,https://bradschmett.com/listing-detail/1181122523/80785-Avenida-Santa-Carmen-Indio-CA,https://wsrv.nl/?url=https%3A%2F%2Fcdn.photos.sparkplatform.com%2Fgps%2F20260424174703163246000000-o.jpg&w=1200&output=jpg&q=80,"$463,000",Indio,Single Family Home,For Sale,"80785 Avenida Santa Carmen, Indio, CA 92203, CA",Beautiful popular San Ben,Sun City Shadow Hills; 2147 sqft
1181120677,1BR Manufactured Home,https://bradschmett.com/listing-detail/1181120677/70200-Dillon-RD-406-Desert-Hot-Springs-CA,https://wsrv.nl/?url=https%3A%2F%2Fcdn.photos.sparkplatform.com%2Fgps%2F20260423185057399664000000-o.jpg&w=1200&output=jpg&q=80,"$80,000",Desert Hot Springs,Manufactured Home,For Sale,"70200 Dillon RD #406, Desert Hot Springs, CA 92241, CA",The 2007 Laurel Creek Par,550 sqft
1181155095,4BR Single Family Home,https://bradschmett.com/listing-detail/1181155095/67346-Mission-CT-Cathedral-City-CA,https://tamdrashtri.github.io/brad-schmett-remarketing/images/1181155095.jpg,"$699,999",Cathedral City,Single Family Home,For Sale,"67346 Mission CT, Cathedral City, CA 92234, CA",Welcome to this beautiful,Upper Outpost (33553); 1768 sqft
1181156411,2BR Manufactured Home,https://bradschmett.com/listing-detail/1181156411/74711-Dillon-Road-411-Desert-Hot-Springs-CA,https://tamdrashtri.github.io/brad-schmett-remarketing/images/1181156411.jpg,"$139,000",Desert Hot Springs,Manufactured Home,For Sale,"74711 Dillon Road #411, Desert Hot Springs, CA 92241, CA",Owner financing available,1200 sqft
1181117841,3BR Single Family Home,https://bradschmett.com/listing-detail/1181117841/47254-Diane-ST-Indio-CA,https://wsrv.nl/?url=https%3A%2F%2Fcdn.photos.sparkplatform.com%2Fgps%2F20260424165504062279000000-o.jpg&w=1200&output=jpg&q=80,"$469,900",Indio,Single Family Home,For Sale,"47254 Diane ST, Indio, CA 92201, CA",Do Not Let Go!!!! 3 Bedro,Vista Horizons; 1276 sqft
1181117840,4BR Single Family Home,https://bradschmett.com/listing-detail/1181117840/81475-Thunder-Gulch-WAY-La-Quinta-CA,https://wsrv.nl/?url=https%3A%2F%2Fcdn.photos.sparkplatform.com%2Fgps%2F20260423173813239656000000-o.jpg&w=1200&output=jpg&q=80,"$2,395,000",La Quinta,Single Family Home,For Sale,"81475 Thunder Gulch WAY, La Quinta, CA 92253, CA","Gorgeous, picture perfect",Griffin Ranch; 3783 sqft
1181117838,2BR Manufactured Home,https://bradschmett.com/listing-detail/1181117838/55-Santa-Maria-ST-Palm-Springs-CA,https://wsrv.nl/?url=https%3A%2F%2Fcdn.photos.sparkplatform.com%2Fgps%2F20260424212225688366000000-o.jpg&w=1200&output=jpg&q=80,"$124,227",Palm Springs,Manufactured Home,For Sale,"55 Santa Maria ST, Palm Springs, CA 92264, CA",This is the home if you w,Safari Park; 920 sqft
1181155132,4BR Single Family Home,https://bradschmett.com/listing-detail/1181155132/74069-Velardo-DR-Palm-Desert-CA,https://tamdrashtri.github.io/brad-schmett-remarketing/images/1181155132.jpg,"$569,000",Palm Desert,Single Family Home,For Sale,"74069 Velardo DR, Palm Desert, CA 92260, CA",Mid century style. Modern,Not In A Development; 1456 sqft
1181116561,3BR Single Family Home,https://bradschmett.com/listing-detail/1181116561/80315-Via-Valerosa-La-Quinta-CA,https://wsrv.nl/?url=https%3A%2F%2Fcdn.photos.sparkplatform.com%2Fgps%2F20260424141520261097000000-o.jpg&w=1200&output=jpg&q=80,"$1,549,000",La Quinta,Single Family Home,For Sale,"80315 Via Valerosa, La Quinta, CA 92253, CA",Open House Sat 5/2 12-2 A,Mountain View Country Club; 3267 sqft
1181113479,3BR Single Family Home,https://bradschmett.com/listing-detail/1181113479/1443-N-Vaquero-RD-Palm-Springs-CA,https://wsrv.nl/?url=https%3A%2F%2Fcdn.photos.sparkplatform.com%2Fgps%2F20260424193443115814000000-o.jpg&w=1200&output=jpg&q=80,"$1,225,000",Palm Springs,Single Family Home,For Sale,"1443 N Vaquero RD, Palm Springs, CA 92262, CA",This mid-century modern g,El Mirador; 1790 sqft
1181113477,2BR Condo in Palm Desert,https://bradschmett.com/listing-detail/1181113477/337-Red-River-RD-Palm-Desert-CA,https://wsrv.nl/?url=https%3A%2F%2Fcdn.photos.sparkplatform.com%2Fgps%2F20260429180434023159000000-o.jpg&w=1200&output=jpg&q=80,"$739,000",Palm Desert,Condo,For Sale,"337 Red River RD, Palm Desert, CA 92211, CA",Set within The Lakes Coun,The Lakes Country Club; 1819 sqft
1181113478,Commercial in Indio,https://bradschmett.com/listing-detail/1181113478/80394-Avenue-48-94-Indio-CA,https://wsrv.nl/?url=https%3A%2F%2Fcdn.photos.sparkplatform.com%2Fgps%2F20260424162436546305000000-o.jpg&w=1200&output=jpg&q=80,"$135,000",Indio,Commercial,For Sale,"80394 Avenue 48 #94, Indio, CA 92201, CA",RV lot #94 offers a seren,Outdoor Resorts Country Club
1181151542,2BR Condo in Palm Desert,https://bradschmett.com/listing-detail/1181151542/48726-Sageflower-LN-Palm-Desert-CA,https://tamdrashtri.github.io/brad-schmett-remarketing/images/1181151542.jpg,"$815,000",Palm Desert,Condo,For Sale,"48726 Sageflower LN, Palm Desert, CA 92260, CA",The ONE to see at gated I,Indian Hill; 1548 sqft
1181109131,Vacant Land in Indio,https://bradschmett.com/listing-detail/1181109131/12345-Jackson-ST-Indio-CA,https://wsrv.nl/?url=https%3A%2F%2Fcdn.photos.sparkplatform.com%2Fgps%2F20260424154243413392000000-o.jpg&w=1200&output=jpg&q=80,"$699,900",Indio,Vacant Land,For Sale,"12345 Jackson ST, Indio, CA 92201, CA",A Rare 1 Acre Parcel Zone,North Indio Ranchos
1181109132,3BR Single Family Home,https://bradschmett.com/listing-detail/1181109132/67684-San-Tomas-ST-Desert-Hot-Springs-CA,https://wsrv.nl/?url=https%3A%2F%2Fcdn.photos.sparkplatform.com%2Fgps%2F20260423060642296437000000-o.jpg&w=1200&output=jpg&q=80,"$359,000",Desert Hot Springs,Single Family Home,For Sale,"67684 San Tomas ST, Desert Hot Springs, CA 92240, CA",**2 Properties For The Pr,1520 sqft
1181109133,3BR Single Family Home,https://bradschmett.com/listing-detail/1181109133/71121-Sunny-LN-Rancho-Mirage-CA,https://wsrv.nl/?url=https%3A%2F%2Fcdn.photos.sparkplatform.com%2Fgps%2F20260424144537728192000000-o.jpg&w=1200&output=jpg&q=80,"$1,795,000",Rancho Mirage,Single Family Home,For Sale,"71121 Sunny LN, Rancho Mirage, CA 92270, CA",Welcome to elevated deser,Tamarisk View Estates; 3088 sqft
1181146355,4BR Single Family Home,https://bradschmett.com/listing-detail/1181146355/4-Chandon-Ct.-Rancho-Mirage-CA,https://tamdrashtri.github.io/brad-schmett-remarketing/images/1181146355.jpg,"$1,300,000",Rancho Mirage,Single Family Home,For Sale,"4 Chandon Ct., Rancho Mirage, CA 92270, CA",Located in the gated Vers,Out Of Area; 3789 sqft
1181101075,3BR Manufactured Home,https://bradschmett.com/listing-detail/1181101075/74096-Angels-Camp-RD-Palm-Desert-CA,https://wsrv.nl/?url=https%3A%2F%2Fcdn.photos.sparkplatform.com%2Fgps%2F20260424140542798437000000-o.jpg&w=1200&output=jpg&q=80,"$365,000",Palm Desert,Manufactured Home,For Sale,"74096 Angels Camp RD, Palm Desert, CA 92260, CA",Located in the highly sou,Portola Country Club; 1920 sqft
1181099970,2BR Condo in Palm Desert,https://bradschmett.com/listing-detail/1181099970/211-Las-Lomas-Palm-Desert-CA,https://wsrv.nl/?url=https%3A%2F%2Fcdn.photos.sparkplatform.com%2Fgps%2F20260424012045545840000000-o.jpg&w=1200&output=jpg&q=80,"$824,000",Palm Desert,Condo,For Sale,"211 Las Lomas, Palm Desert, CA 92260, CA",Reimagined and beautifull,Monterey Country Club; 1670 sqft
1181142169,4BR Single Family Home,https://bradschmett.com/listing-detail/1181142169/2-Mozart-LN-Rancho-Mirage-CA,https://tamdrashtri.github.io/brad-schmett-remarketing/images/1181142169.jpg,"$3,995,000",Rancho Mirage,Single Family Home,For Sale,"2 Mozart LN, Rancho Mirage, CA 92270, CA",Set on a sprawling 1+ acr,The Renaissance; 5966 sqft
1181137878,2BR Single Family Home,https://bradschmett.com/listing-detail/1181137878/44100-LAKESIDE-DR-Indian-Wells-CA,https://tamdrashtri.github.io/brad-schmett-remarketing/images/1181137878.jpg,"$739,999",Indian Wells,Single Family Home,For Sale,"44100 LAKESIDE DR, Indian Wells, CA 92210, CA",Welcome to a new era in d,Desert Horizons; 2627 sqft
1181137903,Vacant Land,https://bradschmett.com/listing-detail/1181137903/0-0-Desert-Hot-Springs-CA,https://tamdrashtri.github.io/brad-schmett-remarketing/images/1181137903.jpg,"$55,000",Desert Hot Springs,Vacant Land,For Sale,"0 0, Desert Hot Springs, CA 92241, CA",Prime opportunity to own ,
1181136346,2BR Single Family Home,https://bradschmett.com/listing-detail/1181136346/530-N-Calle-Rolph-Palm-Springs-CA,https://tamdrashtri.github.io/brad-schmett-remarketing/images/1181136346.jpg,"$995,000",Palm Springs,Single Family Home,For Sale,"530 N Calle Rolph, Palm Springs, CA 92262, CA",Tucked behind private gat,Movie Colony East; 1269 sqft
1181132238,3BR Manufactured Home,https://bradschmett.com/listing-detail/1181132238/73364-Haystack-Mountain-DR-Palm-Desert-CA,https://tamdrashtri.github.io/brad-schmett-remarketing/images/1181132238.jpg,"$474,900",Palm Desert,Manufactured Home,For Sale,"73364 Haystack Mountain DR, Palm Desert, CA 92260, CA",Welcome to your dream hom,Palm Desert Greens; 1480 sqft
1181122338,2BR Condo in Palm Springs,https://bradschmett.com/listing-detail/1181122338/3060-E-Sunflower-CIR-Palm-Springs-CA,https://tamdrashtri.github.io/brad-schmett-remarketing/images/1181122338.jpg,"$275,000",Palm Springs,Condo,For Sale,"3060 E Sunflower CIR, Palm Springs, CA 92262, CA",Best Price In The Area Wi,Sunrise Palms; 659 sqft
1181119107,3BR Single Family Home,https://bradschmett.com/listing-detail/1181119107/2438-S-Caliente-DR-Palm-Springs-CA,https://tamdrashtri.github.io/brad-schmett-remarketing/images/1181119107.jpg,"$1,675,000",Palm Springs,Single Family Home,For Sale,"2438 S Caliente DR, Palm Springs, CA 92264, CA","Peaceful, easy living on ",Indian Canyons; 2745 sqft
1181117678,3BR Single Family Home,https://bradschmett.com/listing-detail/1181117678/67810-Marilyn-Cathedral-City-CA,https://tamdrashtri.github.io/brad-schmett-remarketing/images/1181117678.jpg,"$682,000",Cathedral City,Single Family Home,For Sale,"67810 Marilyn, Cathedral City, CA 92234, CA","Just remodeled 3-bedroom,",2510 sqft
1181117650,Multi-Family,https://bradschmett.com/listing-detail/1181117650/3760-El-Dorado-BLVD-Palm-Springs-CA,https://tamdrashtri.github.io/brad-schmett-remarketing/images/1181117650.jpg,"$1,590,000",Palm Springs,Multi-Family,For Sale,"3760 El Dorado BLVD, Palm Springs, CA 92262, CA",A stunning high-quality t,Gateway Highlands (33107)
1181116388,6BR Multi-Family,https://bradschmett.com/listing-detail/1181116388/3760-El-Dorado-BLVD-Palm-Springs-CA,https://tamdrashtri.github.io/brad-schmett-remarketing/images/1181116388.jpg,"$1,590,000",Palm Springs,Multi-Family,For Sale,"3760 El Dorado BLVD, Palm Springs, CA 92262, CA",A stunning high-quality t,Gateway Highlands (33107); 3351 sqft
1181107488,1BR Condo in Palm Springs,https://bradschmett.com/listing-detail/1181107488/1655-E-Palm-Canyon-DR-616-Palm-Springs-CA,https://tamdrashtri.github.io/brad-schmett-remarketing/images/1181107488.jpg,"$223,800",Palm Springs,Condo,For Sale,"1655 E Palm Canyon DR #616, Palm Springs, CA 92264, CA",Presenting a sought-after,Smoketree Racquet Club; 755 sqft
1181090507,2BR Condo in Palm Desert,https://bradschmett.com/listing-detail/1181090507/40271-Baltusrol-CIR-Palm-Desert-CA,https://wsrv.nl/?url=https%3A%2F%2Fcdn.photos.sparkplatform.com%2Fgps%2F20260423181535336561000000-o.jpg&w=1200&output=jpg&q=80,"$439,000",Palm Desert,Condo,For Sale,"40271 Baltusrol CIR, Palm Desert, CA 92211, CA",Located within the highly,Palm Desert Resort Country Club; 1303 sqft
1181090505,3BR Condo in Palm Desert,https://bradschmett.com/listing-detail/1181090505/74185-Catalina-WAY-Palm-Desert-CA,https://wsrv.nl/?url=https%3A%2F%2Fcdn.photos.sparkplatform.com%2Fgps%2F20260425020019323995000000-o.jpg&w=1200&output=jpg&q=80,"$450,000",Palm Desert,Condo,For Sale,"74185 Catalina WAY, Palm Desert, CA 92260, CA",Welcome to this beautiful,Portola Del Sol; 1344 sqft
1181090509,3BR Single Family Home,https://bradschmett.com/listing-detail/1181090509/81667-Avenida-Viesca-Indio-CA,https://wsrv.nl/?url=https%3A%2F%2Fcdn.photos.sparkplatform.com%2Fgps%2F20260424193450160114000000-o.jpg&w=1200&output=jpg&q=80,"$789,900",Indio,Single Family Home,For Sale,"81667 Avenida Viesca, Indio, CA 92203, CA",Welcome to resort-style l,Sun City Shadow Hills; 2331 sqft
1181089486,2BR Single Family Home,https://bradschmett.com/listing-detail/1181089486/60477-Desert-Shadows-DR-La-Quinta-CA,https://wsrv.nl/?url=https%3A%2F%2Fcdn.photos.sparkplatform.com%2Fgps%2F20260424042155480773000000-o.jpg&w=1200&output=jpg&q=80,"$560,000",La Quinta,Single Family Home,For Sale,"60477 Desert Shadows DR, La Quinta, CA 92253, CA","Bright, fresh and beautif",Trilogy; 1693 sqft
1181088689,1BR Manufactured Home,https://bradschmett.com/listing-detail/1181088689/84136-Avenue-44-599-Indio-CA,https://wsrv.nl/?url=https%3A%2F%2Fcdn.photos.sparkplatform.com%2Fgps%2F20260429230423699839000000-o.jpg&w=1200&output=jpg&q=80,"$137,000",Indio,Manufactured Home,For Sale,"84136 Avenue 44 #599, Indio, CA 92203, CA",Welcome to this charming ,Rancho Casa Blanca; 400 sqft
1181080237,2BR Condo,https://bradschmett.com/listing-detail/1181080237/67362-Toltec-CT-Cathedral-City-CA,https://wsrv.nl/?url=https%3A%2F%2Fcdn.photos.sparkplatform.com%2Fgps%2F20260424001638505993000000-o.jpg&w=1200&output=jpg&q=80,"$269,000",Cathedral City,Condo,For Sale,"67362 Toltec CT, Cathedral City, CA 92234, CA",Welcome to one of the bes,Desert Princess; 984 sqft
1181079511,Vacant Land in Thermal,https://bradschmett.com/listing-detail/1181079511/3982-Coolidge-Springs-RD-Thermal-CA,https://wsrv.nl/?url=https%3A%2F%2Fcdn.photos.sparkplatform.com%2Fgps%2F20260424001602235948000000-o.jpg&w=1200&output=jpg&q=80,"$750,000",Thermal,Vacant Land,For Sale,"3982 Coolidge Springs RD, Thermal, CA 92274, CA","Approx. 5,200 SF warehous",Thermal
1181077662,2BR Condo in Palm Springs,https://bradschmett.com/listing-detail/1181077662/280-South-Avenida-Caballeros-102-Palm-Springs-CA,https://wsrv.nl/?url=https%3A%2F%2Fcdn.photos.sparkplatform.com%2Fgps%2F20260423225201347574000000-o.jpg&w=1200&output=jpg&q=80,"$375,000",Palm Springs,Condo,For Sale,"280 South Avenida Caballeros #102, Palm Springs, CA 92262, CA",Tucked into the heart of ,Caballeros Estates; 996 sqft
1181076864,4BR Single Family Home,https://bradschmett.com/listing-detail/1181076864/1962-E-Baristo-RD-Palm-Springs-CA,https://wsrv.nl/?url=https%3A%2F%2Fcdn.photos.sparkplatform.com%2Fgps%2F20260424161235082735000000-o.jpg&w=1200&output=jpg&q=80,"$1,175,000",Palm Springs,Single Family Home,For Sale,"1962 E Baristo RD, Palm Springs, CA 92262, CA",Turnkey Airbnb...What a g,Sunrise Park; 1566 sqft
1181076863,2BR Single Family Home,https://bradschmett.com/listing-detail/1181076863/80443-Avenida-Linda-VIS-Indio-CA,https://wsrv.nl/?url=https%3A%2F%2Fcdn.photos.sparkplatform.com%2Fgps%2F20260423230739896902000000-o.jpg&w=1200&output=jpg&q=80,"$460,000",Indio,Single Family Home,For Sale,"80443 Avenida Linda VIS, Indio, CA 92203, CA",Welcome to this beautiful,Sun City Shadow Hills; 1463 sqft
1181074004,4BR Single Family Home,https://bradschmett.com/listing-detail/1181074004/72890-Homestead-RD-Palm-Desert-CA,https://wsrv.nl/?url=https%3A%2F%2Fcdn.photos.sparkplatform.com%2Fgps%2F20260423204401585836000000-o.jpg&w=1200&output=jpg&q=80,"$1,299,000",Palm Desert,Single Family Home,For Sale,"72890 Homestead RD, Palm Desert, CA 92260, CA",This mid-century home was,2856 sqft
1181072861,4BR Single Family Home,https://bradschmett.com/listing-detail/1181072861/79769-Dandelion-DR-La-Quinta-CA,https://wsrv.nl/?url=https%3A%2F%2Fcdn.photos.sparkplatform.com%2Fgps%2F20260429203907033611000000-o.jpg&w=1200&output=jpg&q=80,"$689,000",La Quinta,Single Family Home,For Sale,"79769 Dandelion DR, La Quinta, CA 92253, CA",Welcome to the highly sou,Monticello; 2591 sqft
1181072862,4BR Single Family Home,https://bradschmett.com/listing-detail/1181072862/80590-Plum-LN-Indio-CA,https://wsrv.nl/?url=https%3A%2F%2Fcdn.photos.sparkplatform.com%2Fgps%2F20260423211448142767000000-o.jpg&w=1200&output=jpg&q=80,"$910,000",Indio,Single Family Home,For Sale,"80590 Plum LN, Indio, CA 92201, CA",Set within the desirable ,The Orchard; 2766 sqft
1181088467,4BR Single Family Home,https://bradschmett.com/listing-detail/1181088467/78920-Skyward-WAY-La-Quinta-CA,https://tamdrashtri.github.io/brad-schmett-remarketing/images/1181088467.jpg,"$799,500",La Quinta,Single Family Home,For Sale,"78920 Skyward WAY, La Quinta, CA 92253, CA",Desert Oasis Meets Modern,Starlight Dunes; 2950 sqft
1181070089,2BR Condo in Palm Springs,https://bradschmett.com/listing-detail/1181070089/14-Lakeview-CIR-Palm-Springs-CA,https://wsrv.nl/?url=https%3A%2F%2Fcdn.photos.sparkplatform.com%2Fgps%2F20260421213457359261000000-o.jpg&w=1200&output=jpg&q=80,"$1,250,000",Palm Springs,Condo,For Sale,"14 Lakeview CIR, Palm Springs, CA 92264, CA",Set within the architectu,Seven Lakes Country Club; 1965 sqft
1181070085,3BR Single Family Home,https://bradschmett.com/listing-detail/1181070085/77663-Edinborough-ST-Palm-Desert-CA,https://wsrv.nl/?url=https%3A%2F%2Fcdn.photos.sparkplatform.com%2Fgps%2F20260423214526178740000000-o.jpg&w=1200&output=jpg&q=80,"$869,000",Palm Desert,Single Family Home,For Sale,"77663 Edinborough ST, Palm Desert, CA 92211, CA",Beautifully upgraded 3-be,Palm Desert Country Club; 1810 sqft
1181068913,5BR Single Family Home,https://bradschmett.com/listing-detail/1181068913/82639-Castleton-DR-Indio-CA,https://wsrv.nl/?url=https%3A%2F%2Fcdn.photos.sparkplatform.com%2Fgps%2F20260423205013129279000000-o.jpg&w=1200&output=jpg&q=80,"$665,000",Indio,Single Family Home,For Sale,"82639 Castleton DR, Indio, CA 92203, CA",Set behind the gates of S,Sonora Wells; 3517 sqft
1181064347,2BR Manufactured Home,https://bradschmett.com/listing-detail/1181064347/282-Saguaro-Dr.-DR-Palm-Springs-CA,https://wsrv.nl/?url=https%3A%2F%2Fcdn.photos.sparkplatform.com%2Fgps%2F20260423190103074753000000-o.jpg&w=1200&output=jpg&q=80,"$275,000",Palm Springs,Manufactured Home,For Sale,"282 Saguaro Dr. DR, Palm Springs, CA 92264, CA","El Dorado Palms, You Own ",El Dorado Palms Estates; 1440 sqft
1181064349,3BR Condo in La Quinta,https://bradschmett.com/listing-detail/1181064349/80563-Pebble-Beach-La-Quinta-CA,https://wsrv.nl/?url=https%3A%2F%2Fcdn.photos.sparkplatform.com%2Fgps%2F20260423204922155653000000-o.jpg&w=1200&output=jpg&q=80,"$979,000",La Quinta,Condo,For Sale,"80563 Pebble Beach, La Quinta, CA 92253, CA",Experience the very best ,Pga Stadium; 2596 sqft
1181062697,Vacant Land in Thermal,https://bradschmett.com/listing-detail/1181062697/2571-Dias-ST-Thermal-CA,https://wsrv.nl/?url=https%3A%2F%2Fcdn.photos.sparkplatform.com%2Fgps%2F20260423204051375743000000-o.jpg&w=1200&output=jpg&q=80,"$19,999",Thermal,Vacant Land,For Sale,"2571 Dias ST, Thermal, CA 92274, CA",Opportunity to own land i,
1181062696,Vacant Land in Thermal,https://bradschmett.com/listing-detail/1181062696/2579-Dias-ST-Thermal-CA,https://wsrv.nl/?url=https%3A%2F%2Fcdn.photos.sparkplatform.com%2Fgps%2F20260423204617383364000000-o.jpg&w=1200&output=jpg&q=80,"$19,999",Thermal,Vacant Land,For Sale,"2579 Dias ST, Thermal, CA 92274, CA",Opportunity to own land i,
1181061103,2BR Condo in La Quinta,https://bradschmett.com/listing-detail/1181061103/45245-Seeley-DR-17a-La-Quinta-CA,https://wsrv.nl/?url=https%3A%2F%2Fcdn.photos.sparkplatform.com%2Fgps%2F20260423202559096070000000-o.jpg&w=1200&output=jpg&q=80,"$305,000",La Quinta,Condo,For Sale,"45245 Seeley DR #17a, La Quinta, CA 92253, CA",Motivated Seller!!**Locat,La Quinta Desert Villas; 1200 sqft
1181057811,4BR Single Family Home,https://bradschmett.com/listing-detail/1181057811/40225-Sand-Dune-RD-Rancho-Mirage-CA,https://wsrv.nl/?url=https%3A%2F%2Fcdn.photos.sparkplatform.com%2Fgps%2F20260423195124244228000000-o.jpg&w=1200&output=jpg&q=80,"$3,450,000",Rancho Mirage,Single Family Home,For Sale,"40225 Sand Dune RD, Rancho Mirage, CA 92270, CA",***Open House Saturday 5/,Thunderbird Country Club; 3835 sqft
1181057810,4BR Single Family Home,https://bradschmett.com/listing-detail/1181057810/625-Via-Firenze-Cathedral-City-CA,https://wsrv.nl/?url=https%3A%2F%2Fcdn.photos.sparkplatform.com%2Fgps%2F20260423164914217042000000-o.jpg&w=1200&output=jpg&q=80,"$600,000",Cathedral City,Single Family Home,For Sale,"625 Via Firenze, Cathedral City, CA 92234, CA","Welcome to Campanile, a g",Campanile; 1975 sqft
1181056052,2BR Condo in La Quinta,https://bradschmett.com/listing-detail/1181056052/80128-Whisper-Rock-WAY-La-Quinta-CA,https://wsrv.nl/?url=https%3A%2F%2Fcdn.photos.sparkplatform.com%2Fgps%2F20260423200531083470000000-o.jpg&w=1200&output=jpg&q=80,"$615,000",La Quinta,Condo,For Sale,"80128 Whisper Rock WAY, La Quinta, CA 92253, CA",Charming Modern Retreat w,Pga West Signature; 1222 sqft
1181051623,4BR Single Family Home,https://bradschmett.com/listing-detail/1181051623/43055-Armonia-CT-Indio-CA,https://wsrv.nl/?url=https%3A%2F%2Fcdn.photos.sparkplatform.com%2Fgps%2F20260423185126317168000000-o.jpg&w=1200&output=jpg&q=80,"$899,900",Indio,Single Family Home,For Sale,"43055 Armonia CT, Indio, CA 92203, CA",Welcome to lakefront livi,Terra Lago; 2416 sqft
1181050075,2BR Manufactured Home,https://bradschmett.com/listing-detail/1181050075/73301-Broadmoor-DR-Thousand-Palms-CA,https://wsrv.nl/?url=https%3A%2F%2Fcdn.photos.sparkplatform.com%2Fgps%2F20260423184048928597000000-o.jpg&w=1200&output=jpg&q=80,"$239,000",Thousand Palms,Manufactured Home,For Sale,"73301 Broadmoor DR, Thousand Palms, CA 92276, CA",Life in the desert moves ,Tri-Palm Estates; 1980 sqft
1181048398,2BR Single Family Home,https://bradschmett.com/listing-detail/1181048398/2790-Camino-DR-Thermal-CA,https://wsrv.nl/?url=https%3A%2F%2Fcdn.photos.sparkplatform.com%2Fgps%2F20260422000810628127000000-o.jpg&w=1200&output=jpg&q=80,"$265,000",Thermal,Single Family Home,For Sale,"2790 Camino DR, Thermal, CA 92274, CA",Spacious manufactured hom,Vista Del Mar; 1440 sqft
1181082661,2BR Condo in La Quinta,https://bradschmett.com/listing-detail/1181082661/78493-Magenta-La-Quinta-CA,https://tamdrashtri.github.io/brad-schmett-remarketing/images/1181082661.jpg,"$450,000",La Quinta,Condo,For Sale,"78493 Magenta, La Quinta, CA 92253, CA",Welcome to the desert lif,Palm Royale (30815); 912 sqft
1181046814,2BR Single Family Home,https://bradschmett.com/listing-detail/1181046814/61285-Living-Stone-DR-La-Quinta-CA,https://wsrv.nl/?url=https%3A%2F%2Fcdn.photos.sparkplatform.com%2Fgps%2F20260423153412897931000000-o.jpg&w=1200&output=jpg&q=80,"$598,000",La Quinta,Single Family Home,For Sale,"61285 Living Stone DR, La Quinta, CA 92253, CA",Meticulously maintained a,Trilogy; 1775 sqft
1181045308,2BR Condo in Palm Desert,https://bradschmett.com/listing-detail/1181045308/271-Tolosa-CIR-Palm-Desert-CA,https://wsrv.nl/?url=https%3A%2F%2Fcdn.photos.sparkplatform.com%2Fgps%2F20260424000822299845000000-o.jpg&w=1200&output=jpg&q=80,"$559,900",Palm Desert,Condo,For Sale,"271 Tolosa CIR, Palm Desert, CA 92260, CA",Experience elevated deser,Monterey Country Club; 1303 sqft
1181043895,3BR Single Family Home,https://bradschmett.com/listing-detail/1181043895/74797-S-Cove-DR-Indian-Wells-CA,https://wsrv.nl/?url=https%3A%2F%2Fcdn.photos.sparkplatform.com%2Fgps%2F20260423173457512097000000-o.jpg&w=1200&output=jpg&q=80,"$2,000,000",Indian Wells,Single Family Home,For Sale,"74797 S Cove DR, Indian Wells, CA 92210, CA","Sun Sun Sun, South Facing",Cove At Indian Wells; 3128 sqft
1181042090,4BR Single Family Home,https://bradschmett.com/listing-detail/1181042090/75179-Santa-Fe-TRL-Palm-Desert-CA,https://wsrv.nl/?url=https%3A%2F%2Fcdn.photos.sparkplatform.com%2Fgps%2F20260423031522660265000000-o.jpg&w=1200&output=jpg&q=80,"$590,000",Palm Desert,Single Family Home,For Sale,"75179 Santa Fe TRL, Palm Desert, CA 92211, CA",More Home. More Lot. More,Waring Place; 2144 sqft
1181039152,5BR Single Family Home,https://bradschmett.com/listing-detail/1181039152/83805-Avenida-La-Luna-Coachella-CA,https://wsrv.nl/?url=https%3A%2F%2Fcdn.photos.sparkplatform.com%2Fgps%2F20260423164639479862000000-o.jpg&w=1200&output=jpg&q=80,"$750,000",Coachella,Single Family Home,For Sale,"83805 Avenida La Luna, Coachella, CA 92236, CA",**Welcome to La Morada** ,La Morada; 2976 sqft
1181079455,2BR Condo in Palm Springs,https://bradschmett.com/listing-detail/1181079455/248-Villorrio-DR-Palm-Springs-CA,https://tamdrashtri.github.io/brad-schmett-remarketing/images/1181079455.jpg,"$599,000",Palm Springs,Condo,For Sale,"248 Villorrio DR, Palm Springs, CA 92262, CA",Welcome to this spacious ,1516 sqft
1181035655,2BR Condo in Palm Springs,https://bradschmett.com/listing-detail/1181035655/200-E-Racquet-Club-63-Palm-Springs-CA,https://wsrv.nl/?url=https%3A%2F%2Fcdn.photos.sparkplatform.com%2Fgps%2F20260423151119650065000000-o.jpg&w=1200&output=jpg&q=80,"$459,000",Palm Springs,Condo,For Sale,"200 E Racquet Club #63, Palm Springs, CA 92262, CA",200 E Racquet Club Rd #63,Camino Del Sol; 1400 sqft
1181078259,Vacant Land in Thermal,https://bradschmett.com/listing-detail/1181078259/1015-Sea-Shore-AVE-Thermal-CA,https://tamdrashtri.github.io/brad-schmett-remarketing/images/1181078259.jpg,"$15,000",Thermal,Vacant Land,For Sale,"1015 Sea Shore AVE, Thermal, CA 92274, CA",Affordable Corner Lot in ,Vista Santa Rosa (31601)
1181077566,3BR Single Family Home,https://bradschmett.com/listing-detail/1181077566/1403-Celadon-ST-Palm-Springs-CA,https://tamdrashtri.github.io/brad-schmett-remarketing/images/1181077566.jpg,"$1,379,000",Palm Springs,Single Family Home,For Sale,"1403 Celadon ST, Palm Springs, CA 92262, CA",Welcome to NOLA at Escena,Escena (33274); 2277 sqft
1181077593,3BR Single Family Home,https://bradschmett.com/listing-detail/1181077593/1111-S-San-Joaquin-Palm-Springs-CA,https://tamdrashtri.github.io/brad-schmett-remarketing/images/1181077593.jpg,"$1,300,000",Palm Springs,Single Family Home,For Sale,"1111 S San Joaquin, Palm Springs, CA 92264, CA",Los Compadres Gem! This b,Los Compadres (33459); 1560 sqft
1181034183,4BR Single Family Home,https://bradschmett.com/listing-detail/1181034183/12074-Tamar-DR-Desert-Hot-Springs-CA,https://wsrv.nl/?url=https%3A%2F%2Fcdn.photos.sparkplatform.com%2Fgps%2F20260423150332643003000000-o.jpg&w=1200&output=jpg&q=80,"$450,000",Desert Hot Springs,Single Family Home,For Sale,"12074 Tamar DR, Desert Hot Springs, CA 92240, CA",Elevated high above the d,1651 sqft
1181076794,2BR Condo in Palm Springs,https://bradschmett.com/listing-detail/1181076794/3020-Calle-Loreto-Palm-Springs-CA,https://tamdrashtri.github.io/brad-schmett-remarketing/images/1181076794.jpg,"$482,000",Palm Springs,Condo,For Sale,"3020 Calle Loreto, Palm Springs, CA 92264, CA",Fabulous setting! Strong ,Cathedral Canyon Country Club; 1828 sqft
1181032739,Commercial,https://bradschmett.com/listing-detail/1181032739/34820-Date-Palm-DR-Cathedral-City-CA,https://wsrv.nl/?url=https%3A%2F%2Fcdn.photos.sparkplatform.com%2Fgps%2F20260423155557906859000000-o.jpg&w=1200&output=jpg&q=80,"$900,000",Cathedral City,Commercial,For Sale,"34820 Date Palm DR, Cathedral City, CA 92234, CA","3,006 SF Commercial Build",3006 sqft
1181074962,2BR Manufactured Home,https://bradschmett.com/listing-detail/1181074962/70200-Dillon-Road-571-Desert-Hot-Springs-CA,https://tamdrashtri.github.io/brad-schmett-remarketing/images/1181074962.jpg,"$99,000",Desert Hot Springs,Manufactured Home,For Sale,"70200 Dillon Road #571, Desert Hot Springs, CA 92241, CA",Owner financing available,620 sqft
1181073919,2BR Condo in Palm Desert,https://bradschmett.com/listing-detail/1181073919/696-Vista-Lago-CIR-Palm-Desert-CA,https://tamdrashtri.github.io/brad-schmett-remarketing/images/1181073919.jpg,"$484,000",Palm Desert,Condo,For Sale,"696 Vista Lago CIR, Palm Desert, CA 92211, CA",Welcome to your next inve,Desert Falls Country Club; 1330 sqft
1181072722,Vacant Land in Thermal,https://bradschmett.com/listing-detail/1181072722/2983-New-Bedford-AVE-Thermal-CA,https://tamdrashtri.github.io/brad-schmett-remarketing/images/1181072722.jpg,"$12,000",Thermal,Vacant Land,For Sale,"2983 New Bedford AVE, Thermal, CA 92274, CA",Opportunity awaits near t,Salton Sea
1181022100,3BR Single Family Home,https://bradschmett.com/listing-detail/1181022100/446-Via-De-La-Paz-Palm-Desert-CA,https://wsrv.nl/?url=https%3A%2F%2Fcdn.photos.sparkplatform.com%2Fgps%2F20260423133601656240000000-o.jpg&w=1200&output=jpg&q=80,"$429,900",Palm Desert,Single Family Home,For Sale,"446 Via De La Paz, Palm Desert, CA 92211, CA",Beautiful Home in Highly ,Spanish Walk; 1624 sqft
1181020873,Vacant Land in Thermal,https://bradschmett.com/listing-detail/1181020873/1947-Bartle-PL-Thermal-CA,https://wsrv.nl/?url=https%3A%2F%2Fcdn.photos.sparkplatform.com%2Fgps%2F20260423135710559874000000-o.jpg&w=1200&output=jpg&q=80,"$10,750",Thermal,Vacant Land,For Sale,"1947 Bartle PL, Thermal, CA 92274, CA",Great opportunity to own ,
1181054296,2BR Manufactured Home,https://bradschmett.com/listing-detail/1181054296/69652-Parkside-DR-Desert-Hot-Springs-CA,https://tamdrashtri.github.io/brad-schmett-remarketing/images/1181054296.jpg,"$189,000",Desert Hot Springs,Manufactured Home,For Sale,"69652 Parkside DR, Desert Hot Springs, CA 92241, CA",Settled within the very l,Desert Crest Country Club; 960 sqft
1181054300,2BR Manufactured Home,https://bradschmett.com/listing-detail/1181054300/69563-Midpark-DR-Desert-Hot-Springs-CA,https://tamdrashtri.github.io/brad-schmett-remarketing/images/1181054300.jpg,"$189,000",Desert Hot Springs,Manufactured Home,For Sale,"69563 Midpark DR, Desert Hot Springs, CA 92241, CA",Settled within the very l,Desert Crest Country Club; 1344 sqft
1181054269,2BR Single Family Home,https://bradschmett.com/listing-detail/1181054269/73770-Palm-Paradise-DR-Palm-Desert-CA,https://tamdrashtri.github.io/brad-schmett-remarketing/images/1181054269.jpg,"$534,990",Palm Desert,Single Family Home,For Sale,"73770 Palm Paradise DR, Palm Desert, CA 92211, CA",Designed for elevated liv,Del Webb Explore Palm Desert Community Association; 1324 sqft
1181048168,3BR Single Family Home,https://bradschmett.com/listing-detail/1181048168/20-ViA-Condotti-Rancho-Mirage-CA,https://tamdrashtri.github.io/brad-schmett-remarketing/images/1181048168.jpg,"$1,700,000",Rancho Mirage,Single Family Home,For Sale,"20 ViA Condotti, Rancho Mirage, CA 92270, CA","Exceptional. Stunning, Dr",Veneto; 4658 sqft
1181048160,2BR Manufactured Home,https://bradschmett.com/listing-detail/1181048160/74711-Dillon-Road-1025-Desert-Hot-Springs-CA,https://tamdrashtri.github.io/brad-schmett-remarketing/images/1181048160.jpg,"$99,000",Desert Hot Springs,Manufactured Home,For Sale,"74711 Dillon Road #1025, Desert Hot Springs, CA 92441, CA",Owner financing available,520 sqft
1181046602,2BR Manufactured Home,https://bradschmett.com/listing-detail/1181046602/324-Wigwam-Palm-Springs-CA,https://tamdrashtri.github.io/brad-schmett-remarketing/images/1181046602.jpg,"$224,900",Palm Springs,Manufactured Home,For Sale,"324 Wigwam, Palm Springs, CA 92264, CA",Location! Location! Locat,Ramon Mobile Park; 1056 sqft
1181043651,1BR Condo in Palm Springs,https://bradschmett.com/listing-detail/1181043651/2290-S-Palm-Canyon-DR-114-Palm-Springs-CA,https://tamdrashtri.github.io/brad-schmett-remarketing/images/1181043651.jpg,"$230,000",Palm Springs,Condo,For Sale,"2290 S Palm Canyon DR #114, Palm Springs, CA 92264, CA",Nestled in a prime south-,Desert Skies; 552 sqft
1181041816,3BR Single Family Home,https://bradschmett.com/listing-detail/1181041816/15-Cromwell-CT-Rancho-Mirage-CA,https://tamdrashtri.github.io/brad-schmett-remarketing/images/1181041816.jpg,"$2,100,000",Rancho Mirage,Single Family Home,For Sale,"15 Cromwell CT, Rancho Mirage, CA 92270, CA",Perfectly positioned on a,Morningside Country; 3389 sqft
1181040394,1BR Condo in Palm Springs,https://bradschmett.com/listing-detail/1181040394/1291-S-Sunflower-CIR-Palm-Springs-CA,https://tamdrashtri.github.io/brad-schmett-remarketing/images/1181040394.jpg,"$219,000",Palm Springs,Condo,For Sale,"1291 S Sunflower CIR, Palm Springs, CA 92262, CA",Step into the perfect ble,Sunrise Palms; 583 sqft
1181011768,2BR Single Family Home,https://bradschmett.com/listing-detail/1181011768/43781-Asti-CT-Indio-CA,https://wsrv.nl/?url=https%3A%2F%2Fcdn.photos.sparkplatform.com%2Fgps%2F20260422194414635369000000-o.jpg&w=1200&output=jpg&q=80,"$634,900",Indio,Single Family Home,For Sale,"43781 Asti CT, Indio, CA 92203, CA",Welcome to resort living ,Four Seasons At Terra Lago; 2018 sqft
1181011770,3BR Single Family Home,https://bradschmett.com/listing-detail/1181011770/48221-Calle-Florista-La-Quinta-CA,https://wsrv.nl/?url=https%3A%2F%2Fcdn.photos.sparkplatform.com%2Fgps%2F20260422182046459495000000-o.jpg&w=1200&output=jpg&q=80,"$925,000",La Quinta,Single Family Home,For Sale,"48221 Calle Florista, La Quinta, CA 92253, CA",First Open House Weeken: ,Laguna De La Paz; 1852 sqft
1181011767,3BR Single Family Home,https://bradschmett.com/listing-detail/1181011767/51685-Avenida-Herrera-La-Quinta-CA,https://wsrv.nl/?url=https%3A%2F%2Fcdn.photos.sparkplatform.com%2Fgps%2F20260422225048379535000000-o.jpg&w=1200&output=jpg&q=80,"$459,999",La Quinta,Single Family Home,For Sale,"51685 Avenida Herrera, La Quinta, CA 92253, CA",*Open House- Come Get You,La Quinta Cove; 1320 sqft
1181011771,4BR Single Family Home,https://bradschmett.com/listing-detail/1181011771/82372-Padova-DR-Indio-CA,https://wsrv.nl/?url=https%3A%2F%2Fcdn.photos.sparkplatform.com%2Fgps%2F20260418181009621022000000-o.jpg&w=1200&output=jpg&q=80,"$645,000",Indio,Single Family Home,For Sale,"82372 Padova DR, Indio, CA 92203, CA",Experience the ease of a ,Paradiso; 2097 sqft
1181021897,3BR Single Family Home,https://bradschmett.com/listing-detail/1181021897/484-Fountain-Palm-Springs-CA,https://tamdrashtri.github.io/brad-schmett-remarketing/images/1181021897.jpg,"$825,000",Palm Springs,Single Family Home,For Sale,"484 Fountain, Palm Springs, CA 92262, CA",Beautifully upgraded cont,Miralon; 1894 sqft
1181021893,1BR Condo in Palm Springs,https://bradschmett.com/listing-detail/1181021893/5300-E-Waverly-DR-M4104-Palm-Springs-CA,https://tamdrashtri.github.io/brad-schmett-remarketing/images/1181021893.jpg,"$279,000",Palm Springs,Condo,For Sale,"5300 E Waverly DR #M4104, Palm Springs, CA 92264, CA",Beautifully renovated gro,Palm Springs Golf And Tennis (33475); 522 sqft
1181009695,3BR Single Family Home,https://bradschmett.com/listing-detail/1181009695/75160-Citadel-PL-Indian-Wells-CA,https://wsrv.nl/?url=https%3A%2F%2Fcdn.photos.sparkplatform.com%2Fgps%2F20260423050241957603000000-o.jpg&w=1200&output=jpg&q=80,"$2,185,000",Indian Wells,Single Family Home,For Sale,"75160 Citadel PL, Indian Wells, CA 92210, CA",**Welcome to The Province,The Province; 3159 sqft
1181009184,3BR Single Family Home,https://bradschmett.com/listing-detail/1181009184/39080-Kilimanjaro-CT-Palm-Desert-CA,https://wsrv.nl/?url=https%3A%2F%2Fcdn.photos.sparkplatform.com%2Fgps%2F20260422180040881498000000-o.jpg&w=1200&output=jpg&q=80,"$1,300,000",Palm Desert,Single Family Home,For Sale,"39080 Kilimanjaro CT, Palm Desert, CA 92211, CA",The story starts with thi,Avondale Country Club; 3028 sqft
1181002899,2BR Manufactured Home,https://bradschmett.com/listing-detail/1181002899/35453-Canteen-Thousand-Palms-CA,https://wsrv.nl/?url=https%3A%2F%2Fcdn.photos.sparkplatform.com%2Fgps%2F20260423005941924208000000-o.jpg&w=1200&output=jpg&q=80,"$364,900",Thousand Palms,Manufactured Home,For Sale,"35453 Canteen, Thousand Palms, CA 92276, CA",Beautifully Renovated Hom,Ivey Ranch; 1852 sqft
1181011058,5BR Single Family Home,https://bradschmett.com/listing-detail/1181011058/77665-Marlowe-CT-Palm-Desert-CA,https://tamdrashtri.github.io/brad-schmett-remarketing/images/1181011058.jpg,"$799,000",Palm Desert,Single Family Home,For Sale,"77665 Marlowe CT, Palm Desert, CA 92211, CA",Welcome to 77665 Marlowe ,Whitehawk (32434); 2900 sqft
1180996977,2BR Single Family Home,https://bradschmett.com/listing-detail/1180996977/45750-King-ST-Indio-CA,https://wsrv.nl/?url=https%3A%2F%2Fcdn.photos.sparkplatform.com%2Fgps%2F20260422231638272953000000-o.jpg&w=1200&output=jpg&q=80,"$410,000",Indio,Single Family Home,For Sale,"45750 King ST, Indio, CA 92201, CA",This property offers a ra,Gillette Park; 1068 sqft
1180994572,3BR Condo in Palm Springs,https://bradschmett.com/listing-detail/1180994572/2700-Dancing-Sands-DR-Palm-Springs-CA,https://wsrv.nl/?url=https%3A%2F%2Fcdn.photos.sparkplatform.com%2Fgps%2F20260422221706534881000000-o.jpg&w=1200&output=jpg&q=80,"$1,249,990",Palm Springs,Condo,For Sale,"2700 Dancing Sands DR, Palm Springs, CA 92262, CA",Sky Loft Modern 3-bedroom,Vibe; 1940 sqft
1180994573,3BR Single Family Home,https://bradschmett.com/listing-detail/1180994573/81185-Kingston-Heath-La-Quinta-CA,https://wsrv.nl/?url=https%3A%2F%2Fcdn.photos.sparkplatform.com%2Fgps%2F20260422180042582174000000-o.jpg&w=1200&output=jpg&q=80,"$1,999,000",La Quinta,Single Family Home,For Sale,"81185 Kingston Heath, La Quinta, CA 92253, CA",A Rare Triple Fairway Pan,Pga Greg Norman; 4057 sqft
1180993780,3BR Single Family Home,https://bradschmett.com/listing-detail/1180993780/37-Stonecrest-CIR-Rancho-Mirage-CA,https://wsrv.nl/?url=https%3A%2F%2Fcdn.photos.sparkplatform.com%2Fgps%2F20260417201038734253000000-o.jpg&w=1200&output=jpg&q=80,"$1,050,000",Rancho Mirage,Single Family Home,For Sale,"37 Stonecrest CIR, Rancho Mirage, CA 92270, CA",This 10+ stunning home ha,Ridgeview Estates; 2539 sqft
1180992745,4BR Single Family Home,https://bradschmett.com/listing-detail/1180992745/74580-Daylily-CIR-Palm-Desert-CA,https://wsrv.nl/?url=https%3A%2F%2Fcdn.photos.sparkplatform.com%2Fgps%2F20260422213541883521000000-o.jpg&w=1200&output=jpg&q=80,"$995,000",Palm Desert,Single Family Home,For Sale,"74580 Daylily CIR, Palm Desert, CA 92260, CA","Location, location, locat",Palm Gate; 3232 sqft
1180987694,3BR Single Family Home,https://bradschmett.com/listing-detail/1180987694/45542-Banff-Springs-ST-Indio-CA,https://wsrv.nl/?url=https%3A%2F%2Fcdn.photos.sparkplatform.com%2Fgps%2F20260422191431800411000000-o.jpg&w=1200&output=jpg&q=80,"$1,095,000",Indio,Single Family Home,For Sale,"45542 Banff Springs ST, Indio, CA 92201, CA",Another one of the BEST C,Indian Springs; 2612 sqft
1181009153,2BR Manufactured Home,https://bradschmett.com/listing-detail/1181009153/14777-Palm-122-Desert-Hot-Springs-CA,https://tamdrashtri.github.io/brad-schmett-remarketing/images/1181009153.jpg,"$75,000",Desert Hot Springs,Manufactured Home,For Sale,"14777 Palm #122, Desert Hot Springs, CA 92240, CA","Welcome to Skys Haven, a ",Skys Haven Hoa; 600 sqft
1181008675,2BR Condo in Palm Springs,https://bradschmett.com/listing-detail/1181008675/1149-Via-Tenis-Palm-Springs-CA,https://tamdrashtri.github.io/brad-schmett-remarketing/images/1181008675.jpg,"$440,000",Palm Springs,Condo,For Sale,"1149 Via Tenis, Palm Springs, CA 92262, CA",Welcome to 1149 Via Tenis,Sunrise Racquet Club Hoa; 1252 sqft
1180984939,3BR Single Family Home,https://bradschmett.com/listing-detail/1180984939/85170-Avenida-Yucateco-Coachella-CA,https://wsrv.nl/?url=https%3A%2F%2Fcdn.photos.sparkplatform.com%2Fgps%2F20260420214001856348000000-o.jpg&w=1200&output=jpg&q=80,"$450,000",Coachella,Single Family Home,For Sale,"85170 Avenida Yucateco, Coachella, CA 92236, CA",Welcome to your spacious ,1367 sqft
1181008687,5BR Single Family Home,https://bradschmett.com/listing-detail/1181008687/77559-Marlowe-CT-Palm-Desert-CA,https://tamdrashtri.github.io/brad-schmett-remarketing/images/1181008687.jpg,"$799,000",Palm Desert,Single Family Home,For Sale,"77559 Marlowe CT, Palm Desert, CA 92211, CA",Welcome to 77559 Marlowe ,Whitehawk (32434); 2900 sqft
1180983807,3BR Condo in Palm Desert,https://bradschmett.com/listing-detail/1180983807/65-Camino-Arroyo-N-Palm-Desert-CA,https://wsrv.nl/?url=https%3A%2F%2Fcdn.photos.sparkplatform.com%2Fgps%2F20260422202316629558000000-o.jpg&w=1200&output=jpg&q=80,"$710,000",Palm Desert,Condo,For Sale,"65 Camino Arroyo N, Palm Desert, CA 92260, CA","Furnished, Remodeled, Rea",Chaparral Country Club; 2051 sqft
1180982636,2BR Single Family Home,https://bradschmett.com/listing-detail/1180982636/50320-Havasu-Falls-DR-Indio-CA,https://wsrv.nl/?url=https%3A%2F%2Fcdn.photos.sparkplatform.com%2Fgps%2F20260422163248172129000000-o.jpg&w=1200&output=jpg&q=80,"$575,000",Indio,Single Family Home,For Sale,"50320 Havasu Falls DR, Indio, CA 92201, CA",Highly desirable Affirm f,Trilogy Polo Club; 1622 sqft
1180981359,3BR Single Family Home,https://bradschmett.com/listing-detail/1180981359/9527-Oakmount-Desert-Hot-Springs-CA,https://wsrv.nl/?url=https%3A%2F%2Fcdn.photos.sparkplatform.com%2Fgps%2F20260422202505287874000000-o.jpg&w=1200&output=jpg&q=80,"$449,000",Desert Hot Springs,Single Family Home,For Sale,"9527 Oakmount, Desert Hot Springs, CA 92240, CA",Very nice three bedroom t,Mission Lakes; 1749 sqft
1181006552,3BR Multi-Family,https://bradschmett.com/listing-detail/1181006552/83-Panorama-Thermal-CA,https://tamdrashtri.github.io/brad-schmett-remarketing/images/1181006552.jpg,"$350,000",Thermal,Multi-Family,For Sale,"83 Panorama, Thermal, CA 92274, CA",Rare Multi-Property Inves,Vista Santa Rosa (31601); 3000 sqft
1180974216,Vacant Land,https://bradschmett.com/listing-detail/1180974216/0-Ocotillo-RD-Desert-Hot-Springs-CA,https://wsrv.nl/?url=https%3A%2F%2Fcdn.photos.sparkplatform.com%2Fgps%2F20260422190957512596000000-o.jpg&w=1200&output=jpg&q=80,"$66,000",Desert Hot Springs,Vacant Land,For Sale,"0 Ocotillo RD, Desert Hot Springs, CA 92240, CA",Prime Commercial Lot in D,
1181005670,6BR Multi-Family,https://bradschmett.com/listing-detail/1181005670/81-Panorama-Thermal-CA,https://tamdrashtri.github.io/brad-schmett-remarketing/images/1181005670.jpg,"$350,000",Thermal,Multi-Family,For Sale,"81 Panorama, Thermal, CA 92274, CA",Rare Multi-Property Inves,6038 sqft
1180968337,3BR Single Family Home,https://bradschmett.com/listing-detail/1180968337/40142-Calle-Santa-Juana-Indio-CA,https://wsrv.nl/?url=https%3A%2F%2Fcdn.photos.sparkplatform.com%2Fgps%2F20260419193439971591000000-o.jpg&w=1200&output=jpg&q=80,"$829,000",Indio,Single Family Home,For Sale,"40142 Calle Santa Juana, Indio, CA 92203, CA",Architecturally reimagine,Sun City Shadow Hills; 2376 sqft
1180965446,2BR Condo in Palm Springs,https://bradschmett.com/listing-detail/1180965446/2545-S-Gene-Autry-TRL-E-Palm-Springs-CA,https://wsrv.nl/?url=https%3A%2F%2Fcdn.photos.sparkplatform.com%2Fgps%2F20260422172928859455000000-o.jpg&w=1200&output=jpg&q=80,"$570,000",Palm Springs,Condo,For Sale,"2545 S Gene Autry TRL #E, Palm Springs, CA 92264, CA",Absolutely Flawless Condo,Canyon Sands; 1155 sqft
1180960543,Vacant Land in Thermal,https://bradschmett.com/listing-detail/1180960543/1955-Bartle-PL-Thermal-CA,https://wsrv.nl/?url=https%3A%2F%2Fcdn.photos.sparkplatform.com%2Fgps%2F20260422162443224769000000-o.jpg&w=1200&output=jpg&q=80,"$10,000",Thermal,Vacant Land,For Sale,"1955 Bartle PL, Thermal, CA 92274, CA",Discover the perfect oppo,Truckhaven
1180958925,4BR Single Family Home,https://bradschmett.com/listing-detail/1180958925/47818-Phoenix-ST-Indio-CA,https://wsrv.nl/?url=https%3A%2F%2Fcdn.photos.sparkplatform.com%2Fgps%2F20260422163901199745000000-o.jpg&w=1200&output=jpg&q=80,"$487,900",Indio,Single Family Home,For Sale,"47818 Phoenix ST, Indio, CA 92201, CA",Welcome to this beautiful,1940 sqft
1180957593,2BR Single Family Home,https://bradschmett.com/listing-detail/1180957593/68045-Vista-Chino-Cathedral-City-CA,https://wsrv.nl/?url=https%3A%2F%2Fcdn.photos.sparkplatform.com%2Fgps%2F20260422161945411557000000-o.jpg&w=1200&output=jpg&q=80,"$489,999",Cathedral City,Single Family Home,For Sale,"68045 Vista Chino, Cathedral City, CA 92234, CA",A beautifully remodeled h,Panorama; 1399 sqft
1180998814,2BR Single Family Home,https://bradschmett.com/listing-detail/1180998814/69302-Serenity-RD-Cathedral-City-CA,https://tamdrashtri.github.io/brad-schmett-remarketing/images/1180998814.jpg,"$695,000",Cathedral City,Single Family Home,For Sale,"69302 Serenity RD, Cathedral City, CA 92234, CA",Welcome to your dream hom,Serenity Cove; 2518 sqft
1180956248,3BR Condo in Palm Desert,https://bradschmett.com/listing-detail/1180956248/76216-Sweet-Pea-WAY-Palm-Desert-CA,https://wsrv.nl/?url=https%3A%2F%2Fcdn.photos.sparkplatform.com%2Fgps%2F20260421220808170416000000-o.jpg&w=1200&output=jpg&q=80,"$809,000",Palm Desert,Condo,For Sale,"76216 Sweet Pea WAY, Palm Desert, CA 92211, CA",Don'T Miss This Opportuni,Palm Valley Country Club; 1627 sqft
1180996892,3BR Single Family Home,https://bradschmett.com/listing-detail/1180996892/2489-Tuscany-Heights-Drive-DR-Palm-Springs-CA,https://tamdrashtri.github.io/brad-schmett-remarketing/images/1180996892.jpg,"$2,950,000",Palm Springs,Single Family Home,For Sale,"2489 Tuscany Heights Drive DR, Palm Springs, CA 92262, CA",Welcome to 2489 Tuscany H,Tuscany Heights; 4055 sqft
1180996910,5BR Single Family Home,https://bradschmett.com/listing-detail/1180996910/42545-Tango-CT-Indio-CA,https://tamdrashtri.github.io/brad-schmett-remarketing/images/1180996910.jpg,"$699,000",Indio,Single Family Home,For Sale,"42545 Tango CT, Indio, CA 92203, CA",Discover this stunning po,Haciendas (30906); 2892 sqft
1180995279,Vacant Land,https://bradschmett.com/listing-detail/1180995279/0-E-Jolly-DR-Cathedral-City-CA,https://tamdrashtri.github.io/brad-schmett-remarketing/images/1180995279.jpg,"$5,500,000",Cathedral City,Vacant Land,For Sale,"0 E Jolly DR, Cathedral City, CA 92234, CA",ositioned in the rapidly ,New Development
1180994519,4BR Single Family Home,https://bradschmett.com/listing-detail/1180994519/45355-Taos-Indian-Wells-CA,https://tamdrashtri.github.io/brad-schmett-remarketing/images/1180994519.jpg,"$2,395,000",Indian Wells,Single Family Home,For Sale,"45355 Taos, Indian Wells, CA 92210, CA",Completely Reimagined Lux,Cove At Indian Wells (32504); 3927 sqft
1180995276,3BR Condo in Palm Desert,https://bradschmett.com/listing-detail/1180995276/642-Vista-Lago-CIR-N-Palm-Desert-CA,https://tamdrashtri.github.io/brad-schmett-remarketing/images/1180995276.jpg,"$499,000",Palm Desert,Condo,For Sale,"642 Vista Lago CIR N, Palm Desert, CA 92211, CA",Welcome to resort-style l,Desert Falls Hoa; 1814 sqft
1180993677,2BR Manufactured Home,https://bradschmett.com/listing-detail/1180993677/69530-Dillion-RD-A18-Desert-Hot-Springs-CA,https://tamdrashtri.github.io/brad-schmett-remarketing/images/1180993677.jpg,"$68,500",Desert Hot Springs,Manufactured Home,For Sale,"69530 Dillion RD #A18, Desert Hot Springs, CA 92240, CA",Afforable living at best ,
1180991771,2BR Single Family Home,https://bradschmett.com/listing-detail/1180991771/1420-Celadon-ST-Palm-Springs-CA,https://tamdrashtri.github.io/brad-schmett-remarketing/images/1180991771.jpg,"$1,299,000",Palm Springs,Single Family Home,For Sale,"1420 Celadon ST, Palm Springs, CA 92262, CA",Welcome to NOLA at Escena,Escena (33274); 2279 sqft
1180985953,Vacant Land in Thermal,https://bradschmett.com/listing-detail/1180985953/0-Perth-Amboy-Thermal-CA,https://tamdrashtri.github.io/brad-schmett-remarketing/images/1180985953.jpg,"$14,500",Thermal,Vacant Land,For Sale,"0 Perth Amboy, Thermal, CA 92274, CA",Premium quarter acre lot ,Vista Santa Rosa (31601)
1180983689,Vacant Land in Thermal,https://bradschmett.com/listing-detail/1180983689/2705-Elsinore-AVE-Thermal-CA,https://tamdrashtri.github.io/brad-schmett-remarketing/images/1180983689.jpg,"$24,900",Thermal,Vacant Land,For Sale,"2705 Elsinore AVE, Thermal, CA 92274, CA","Flat, buildable 0.47-acre",Vista Santa Rosa (31601)
1180983711,Vacant Land in Thermal,https://bradschmett.com/listing-detail/1180983711/2013-Bell-CT-Thermal-CA,https://tamdrashtri.github.io/brad-schmett-remarketing/images/1180983711.jpg,"$14,000",Thermal,Vacant Land,For Sale,"2013 Bell CT, Thermal, CA 92274, CA",Premium quarter acre lot ,Vista Santa Rosa (31601)
1180983696,Vacant Land in Thermal,https://bradschmett.com/listing-detail/1180983696/2711-Twin-Lakes-AVE-Thermal-CA,https://tamdrashtri.github.io/brad-schmett-remarketing/images/1180983696.jpg,"$15,900",Thermal,Vacant Land,For Sale,"2711 Twin Lakes AVE, Thermal, CA 92274, CA",Spacious 0.41-Acre Lot in,Vista Santa Rosa (31601)
1180982480,Vacant Land,https://bradschmett.com/listing-detail/1180982480/0-8th-Desert-Hot-Springs-CA,https://tamdrashtri.github.io/brad-schmett-remarketing/images/1180982480.jpg,"$39,000",Desert Hot Springs,Vacant Land,For Sale,"0 8th, Desert Hot Springs, CA 92240, CA",Prime northwest corner lo,
1180981188,4BR Single Family Home,https://bradschmett.com/listing-detail/1180981188/29-Brilliance-AVE-Lot-214-Rancho-Mirage-CA,https://tamdrashtri.github.io/brad-schmett-remarketing/images/1180981188.jpg,"$4,599,999",Rancho Mirage,Single Family Home,For Sale,"29 Brilliance AVE #Lot #214, Rancho Mirage, CA 92270, CA","Welcome to Cotino, a Stor",Cotino; 4485 sqft
1180978452,2BR Condo in Palm Desert,https://bradschmett.com/listing-detail/1180978452/2507-Via-Calderia-Palm-Desert-CA,https://tamdrashtri.github.io/brad-schmett-remarketing/images/1180978452.jpg,"$392,500",Palm Desert,Condo,For Sale,"2507 Via Calderia, Palm Desert, CA 92260, CA",**Owned Solar** This Ligh,Villa Portofino; 1278 sqft
1180975349,2BR Condo in Palm Springs,https://bradschmett.com/listing-detail/1180975349/1050-E-Ramon-RD-120-Palm-Springs-CA,https://tamdrashtri.github.io/brad-schmett-remarketing/images/1180975349.jpg,"$270,000",Palm Springs,Condo,For Sale,"1050 E Ramon RD #120, Palm Springs, CA 92264, CA",Welcome to 1050 Ramon Roa,Ramon Estados; 1152 sqft
1180975374,Vacant Land,https://bradschmett.com/listing-detail/1180975374/0-Oasis-DR-Desert-Hot-Springs-CA,https://tamdrashtri.github.io/brad-schmett-remarketing/images/1180975374.jpg,"$885,000",Desert Hot Springs,Vacant Land,For Sale,"0 Oasis DR, Desert Hot Springs, CA 92240, CA","In total, these six parce",Not Apply
1180972768,3BR Condo,https://bradschmett.com/listing-detail/1180972768/6-Whittier-Ct-Rancho-Mirage-CA,https://tamdrashtri.github.io/brad-schmett-remarketing/images/1180972768.jpg,"$1,385,000",Rancho Mirage,Condo,For Sale,"6 Whittier Ct, Rancho Mirage, CA 92270, CA","Location, luxury, and lif",The Springs C.C. (32198); 2517 sqft
1180971133,3BR Single Family Home,https://bradschmett.com/listing-detail/1180971133/1126-Lucent-CT-Palm-Springs-CA,https://tamdrashtri.github.io/brad-schmett-remarketing/images/1180971133.jpg,"$1,325,000",Palm Springs,Single Family Home,For Sale,"1126 Lucent CT, Palm Springs, CA 92262, CA",Nestled in Palm Springs' ,Murano (33111); 2231 sqft
1180966845,3BR Single Family Home,https://bradschmett.com/listing-detail/1180966845/79699-Via-San-Mateo-La-Quinta-CA,https://tamdrashtri.github.io/brad-schmett-remarketing/images/1180966845.jpg,"$864,900",La Quinta,Single Family Home,For Sale,"79699 Via San Mateo, La Quinta, CA 92253, CA",Welcome to this highly so,Floresta; 2302 sqft
1180965273,3BR Single Family Home,https://bradschmett.com/listing-detail/1180965273/39-Via-Bella-Rancho-Mirage-CA,https://tamdrashtri.github.io/brad-schmett-remarketing/images/1180965273.jpg,"$1,099,000",Rancho Mirage,Single Family Home,For Sale,"39 Via Bella, Rancho Mirage, CA 92270, CA",Set on one of the largest,Mira Vista; 2724 sqft
1180964018,Vacant Land,https://bradschmett.com/listing-detail/1180964018/11111-San-Lorenzo-Desert-Hot-Springs-CA,https://tamdrashtri.github.io/brad-schmett-remarketing/images/1180964018.jpg,"$450,000",Desert Hot Springs,Vacant Land,For Sale,"11111 San Lorenzo, Desert Hot Springs, CA 92240, CA",Exceptional development o,
1180961799,3BR Condo in La Quinta,https://bradschmett.com/listing-detail/1180961799/80250-Via-Tesoro-La-Quinta-CA,https://tamdrashtri.github.io/brad-schmett-remarketing/images/1180961799.jpg,"$779,900",La Quinta,Condo,For Sale,"80250 Via Tesoro, La Quinta, CA 92253, CA",Enjoy elevated desert liv,Mountain View Cc (31337); 2447 sqft
1180961793,3BR Single Family Home,https://bradschmett.com/listing-detail/1180961793/72771-Bel-Air-Rd-Palm-Desert-CA,https://tamdrashtri.github.io/brad-schmett-remarketing/images/1180961793.jpg,"$1,320,000",Palm Desert,Single Family Home,For Sale,"72771 Bel Air Rd, Palm Desert, CA 92260, CA",Welcome to the prestigiou,3047 sqft
1180956101,Vacant Land in Thermal,https://bradschmett.com/listing-detail/1180956101/1109-Seaview-AVE-Thermal-CA,https://tamdrashtri.github.io/brad-schmett-remarketing/images/1180956101.jpg,"$30,000",Thermal,Vacant Land,For Sale,"1109 Seaview AVE, Thermal, CA 92274, CA",This parcel offers a rare,Unknown
1180937681,4BR Single Family Home,https://bradschmett.com/listing-detail/1180937681/82812-Longfellow-CT-Indio-CA,https://wsrv.nl/?url=https%3A%2F%2Fcdn.photos.sparkplatform.com%2Fgps%2F20260419014901217427000000-o.jpg&w=1200&output=jpg&q=80,"$675,000",Indio,Single Family Home,For Sale,"82812 Longfellow CT, Indio, CA 92201, CA",Welcome to this exception,Whittier Ranch; 2253 sqft
1180936366,3BR Condo in Palm Desert,https://bradschmett.com/listing-detail/1180936366/72203-El-Paseo-1702-Palm-Desert-CA,https://wsrv.nl/?url=https%3A%2F%2Fcdn.photos.sparkplatform.com%2Fgps%2F20260421185305993984000000-o.jpg&w=1200&output=jpg&q=80,"$1,075,000",Palm Desert,Condo,For Sale,"72203 El Paseo, #1702, Palm Desert, CA 92260, CA",Discover this well-positi,Sandpiper Palm Desert; 2372 sqft
1180934723,2BR Single Family Home,https://bradschmett.com/listing-detail/1180934723/76891-Turendot-ST-Palm-Desert-CA,https://wsrv.nl/?url=https%3A%2F%2Fcdn.photos.sparkplatform.com%2Fgps%2F20260422023123070685000000-o.jpg&w=1200&output=jpg&q=80,"$415,000",Palm Desert,Single Family Home,For Sale,"76891 Turendot ST, Palm Desert, CA 92211, CA",Unobstructed golf course ,Oasis Country Club; 1576 sqft
1180933666,Vacant Land,https://bradschmett.com/listing-detail/1180933666/104-Little-Morongo-RD-Desert-Hot-Springs-CA,https://wsrv.nl/?url=https%3A%2F%2Fcdn.photos.sparkplatform.com%2Fgps%2F20260421171053011671000000-o.jpg&w=1200&output=jpg&q=80,"$95,000",Desert Hot Springs,Vacant Land,For Sale,"104 Little Morongo RD, Desert Hot Springs, CA 92240, CA",1.04-acre parcel with mou,
1180931743,3BR Single Family Home,https://bradschmett.com/listing-detail/1180931743/68596-D-ST-Cathedral-City-CA,https://wsrv.nl/?url=https%3A%2F%2Fcdn.photos.sparkplatform.com%2Fgps%2F20260422013317937225000000-o.jpg&w=1200&output=jpg&q=80,"$425,000",Cathedral City,Single Family Home,For Sale,"68596 D ST, Cathedral City, CA 92234, CA",Welcome to this charming ,Cathedral City Cove; 1516 sqft
1180930135,2BR Single Family Home,https://bradschmett.com/listing-detail/1180930135/42811-Edessa-ST-Palm-Desert-CA,https://wsrv.nl/?url=https%3A%2F%2Fcdn.photos.sparkplatform.com%2Fgps%2F20260421233428249094000000-o.jpg&w=1200&output=jpg&q=80,"$595,000",Palm Desert,Single Family Home,For Sale,"42811 Edessa ST, Palm Desert, CA 92211, CA",Spectacular Fairway Livin,Oasis Country Club; 1384 sqft
1180927081,3BR Single Family Home,https://bradschmett.com/listing-detail/1180927081/17-Lincoln-PL-Rancho-Mirage-CA,https://wsrv.nl/?url=https%3A%2F%2Fcdn.photos.sparkplatform.com%2Fgps%2F20260421213440261884000000-o.jpg&w=1200&output=jpg&q=80,"$1,599,000",Rancho Mirage,Single Family Home,For Sale,"17 Lincoln PL, Rancho Mirage, CA 92270, CA",Modern Luxury Meets Resor,Presidential Estates; 2540 sqft
1180926364,5BR Single Family Home,https://bradschmett.com/listing-detail/1180926364/83763-Calle-Trejo-Coachella-CA,https://wsrv.nl/?url=https%3A%2F%2Fcdn.photos.sparkplatform.com%2Fgps%2F20260421231939271420000000-o.jpg&w=1200&output=jpg&q=80,"$644,880",Coachella,Single Family Home,For Sale,"83763 Calle Trejo, Coachella, CA 92236, CA",Discover the Visionary at,2824 sqft
1180925745,3BR Single Family Home,https://bradschmett.com/listing-detail/1180925745/50607-Paseo-Cisneros-Coachella-CA,https://wsrv.nl/?url=https%3A%2F%2Fcdn.photos.sparkplatform.com%2Fgps%2F20260421230936191033000000-o.jpg&w=1200&output=jpg&q=80,"$638,093",Coachella,Single Family Home,For Sale,"50607 Paseo Cisneros, Coachella, CA 92236, CA",Spacious single-story flo,2824 sqft
1180925746,3BR Single Family Home,https://bradschmett.com/listing-detail/1180925746/69911-Northhampton-AVE-Cathedral-City-CA,https://wsrv.nl/?url=https%3A%2F%2Fcdn.photos.sparkplatform.com%2Fgps%2F20260421230600423974000000-o.jpg&w=1200&output=jpg&q=80,"$539,900",Cathedral City,Single Family Home,For Sale,"69911 Northhampton AVE, Cathedral City, CA 92234, CA","An absolutely Bright, spa",Century Park; 1600 sqft
1180925136,3BR Manufactured Home,https://bradschmett.com/listing-detail/1180925136/10-VA-Valverde-Cathedral-City-CA,https://wsrv.nl/?url=https%3A%2F%2Fcdn.photos.sparkplatform.com%2Fgps%2F20260421224840749732000000-o.jpg&w=1200&output=jpg&q=80,"$87,500",Cathedral City,Manufactured Home,For Sale,"10 VíA Valverde, Cathedral City, CA 92234, CA",Welcome to Date Palm Coun,Date Palm Country Club; 1340 sqft
1180925135,3BR Single Family Home,https://bradschmett.com/listing-detail/1180925135/50517-Paseo-Cisneros-Coachella-CA,https://wsrv.nl/?url=https%3A%2F%2Fcdn.photos.sparkplatform.com%2Fgps%2F20260421225701565092000000-o.jpg&w=1200&output=jpg&q=80,"$567,930",Coachella,Single Family Home,For Sale,"50517 Paseo Cisneros, Coachella, CA 92236, CA",Spacious single-story flo,1959 sqft
1180921282,3BR Single Family Home,https://bradschmett.com/listing-detail/1180921282/48640-Vienna-CT-Indio-CA,https://wsrv.nl/?url=https%3A%2F%2Fcdn.photos.sparkplatform.com%2Fgps%2F20260421173356080628000000-o.jpg&w=1200&output=jpg&q=80,"$719,000",Indio,Single Family Home,For Sale,"48640 Vienna CT, Indio, CA 92201, CA",Welcome to Estacio! Excep,Estacio; 1992 sqft
1180918939,2BR Condo in Palm Springs,https://bradschmett.com/listing-detail/1180918939/2601-S-Broadmoor-24-Palm-Springs-CA,https://wsrv.nl/?url=https%3A%2F%2Fcdn.photos.sparkplatform.com%2Fgps%2F20260421211550179516000000-o.jpg&w=1200&output=jpg&q=80,"$385,000",Palm Springs,Condo,For Sale,"2601 S Broadmoor #24, Palm Springs, CA 92264, CA",Beautifully updated and s,Summerset Springs; 1178 sqft
1180935828,3BR Single Family Home,https://bradschmett.com/listing-detail/1180935828/69580-Valley-View-Desert-Hot-Springs-CA,https://tamdrashtri.github.io/brad-schmett-remarketing/images/1180935828.jpg,"$319,000",Desert Hot Springs,Single Family Home,For Sale,"69580 Valley View, Desert Hot Springs, CA 92241, CA",Welcome to Desert Crest C,Desert Crest Country Club; 1448 sqft
1180916606,4BR Single Family Home,https://bradschmett.com/listing-detail/1180916606/82902-Generations-DR-Indio-CA,https://wsrv.nl/?url=https%3A%2F%2Fcdn.photos.sparkplatform.com%2Fgps%2F20260420233226467641000000-o.jpg&w=1200&output=jpg&q=80,"$585,000",Indio,Single Family Home,For Sale,"82902 Generations DR, Indio, CA 92203, CA","Welcome to Generations, a",Generations; 2439 sqft
1180911464,Vacant Land,https://bradschmett.com/listing-detail/1180911464/73451-Colonial-DR-Thousand-Palms-CA,https://wsrv.nl/?url=https%3A%2F%2Fcdn.photos.sparkplatform.com%2Fgps%2F20260421200108360014000000-o.jpg&w=1200&output=jpg&q=80,"$39,900",Thousand Palms,Vacant Land,For Sale,"73451 Colonial DR, Thousand Palms, CA 92276, CA",You wont want to miss thi,Tri-Palm Estates
1180933948,Vacant Land,https://bradschmett.com/listing-detail/1180933948/1-Little-Morongo-RD-Desert-Hot-Springs-CA,https://tamdrashtri.github.io/brad-schmett-remarketing/images/1180933948.jpg,"$95,000",Desert Hot Springs,Vacant Land,For Sale,"1 Little Morongo RD, Desert Hot Springs, CA 92240, CA",1.04-acre parcel with mou,Not Applicable-1
1180932451,1BR Manufactured Home,https://bradschmett.com/listing-detail/1180932451/74711-Dillon-69-Desert-Hot-Springs-CA,https://tamdrashtri.github.io/brad-schmett-remarketing/images/1180932451.jpg,"$99,000",Desert Hot Springs,Manufactured Home,For Sale,"74711 Dillon #69, Desert Hot Springs, CA 92241, CA",Owner financing available,399 sqft
1180905358,8BR Single Family Home,https://bradschmett.com/listing-detail/1180905358/78190-Calle-Cadiz-La-Quinta-CA,https://wsrv.nl/?url=https%3A%2F%2Fcdn.photos.sparkplatform.com%2Fgps%2F20260421185531777044000000-o.jpg&w=1200&output=jpg&q=80,"$3,750,000",La Quinta,Single Family Home,For Sale,"78190 Calle Cadiz, La Quinta, CA 92253, CA","Location, Location, Locat",Desert Club Estates; 5184 sqft
1180904332,1BR Condo in Palm Springs,https://bradschmett.com/listing-detail/1180904332/5301-E-Waverly-DR-199-Palm-Springs-CA,https://wsrv.nl/?url=https%3A%2F%2Fcdn.photos.sparkplatform.com%2Fgps%2F20260421181525791398000000-o.jpg&w=1200&output=jpg&q=80,"$249,000",Palm Springs,Condo,For Sale,"5301 E Waverly DR #199, Palm Springs, CA 92264, CA",Welcome to resort-style l,Palm Canyon Villas; 887 sqft
1180903061,3BR Single Family Home,https://bradschmett.com/listing-detail/1180903061/711-W-Via-Olivera-Palm-Springs-CA,https://wsrv.nl/?url=https%3A%2F%2Fcdn.photos.sparkplatform.com%2Fgps%2F20260421163643977491000000-o.jpg&w=1200&output=jpg&q=80,"$1,195,000",Palm Springs,Single Family Home,For Sale,"711 W Via Olivera, Palm Springs, CA 92262, CA","High above Palm Springs, ",Chino Canyon; 2076 sqft
1180897994,3BR Single Family Home,https://bradschmett.com/listing-detail/1180897994/2155-E-Nicola-RD-Palm-Springs-CA,https://wsrv.nl/?url=https%3A%2F%2Fcdn.photos.sparkplatform.com%2Fgps%2F20260421144751269154000000-o.jpg&w=1200&output=jpg&q=80,"$999,500",Palm Springs,Single Family Home,For Sale,"2155 E Nicola RD, Palm Springs, CA 92262, CA","Welcome to Goldfinger, a ",Desert Park Estates; 2108 sqft
1180897995,5BR Single Family Home,https://bradschmett.com/listing-detail/1180897995/50700-Calle-Paloma-La-Quinta-CA,https://wsrv.nl/?url=https%3A%2F%2Fcdn.photos.sparkplatform.com%2Fgps%2F20260419153909692540000000-o.jpg&w=1200&output=jpg&q=80,"$1,799,950",La Quinta,Single Family Home,For Sale,"50700 Calle Paloma, La Quinta, CA 92253, CA",This custom pool home in ,Desert Club Estates; 3280 sqft
1180927005,5BR Single Family Home,https://bradschmett.com/listing-detail/1180927005/83-Calle-Trejo-Coachella-CA,https://tamdrashtri.github.io/brad-schmett-remarketing/images/1180927005.jpg,"$644,880",Coachella,Single Family Home,For Sale,"83 Calle Trejo, Coachella, CA 92236, CA",Discover the Visionary at,Not Applicable-1; 2824 sqft
1180891723,Vacant Land,https://bradschmett.com/listing-detail/1180891723/0-Camino-Zangari-Desert-Hot-Springs-CA,https://wsrv.nl/?url=https%3A%2F%2Fcdn.photos.sparkplatform.com%2Fgps%2F20260423163728442911000000-o.jpg&w=1200&output=jpg&q=80,"$75,000",Desert Hot Springs,Vacant Land,For Sale,"0 Camino Zangari, Desert Hot Springs, CA 92240, CA",Discover the potential of,
1180926260,3BR Single Family Home,https://bradschmett.com/listing-detail/1180926260/50-Paseo-Cisneros-Coachella-CA,https://tamdrashtri.github.io/brad-schmett-remarketing/images/1180926260.jpg,"$638,093",Coachella,Single Family Home,For Sale,"50 Paseo Cisneros, Coachella, CA 92236, CA",Spacious single-story flo,Not Applicable-1; 2824 sqft
1180925673,3BR Single Family Home,https://bradschmett.com/listing-detail/1180925673/50-Paseo-Cisneros-Coachella-CA,https://tamdrashtri.github.io/brad-schmett-remarketing/images/1180925673.jpg,"$567,930",Coachella,Single Family Home,For Sale,"50 Paseo Cisneros, Coachella, CA 92236, CA",Spacious single-story flo,Not Applicable-1; 1959 sqft
1180925686,3BR Manufactured Home,https://bradschmett.com/listing-detail/1180925686/10-ViA-Valverde-Cathedral-City-CA,https://tamdrashtri.github.io/brad-schmett-remarketing/images/1180925686.jpg,"$87,500",Cathedral City,Manufactured Home,For Sale,"10 ViA Valverde, Cathedral City, CA 92234, CA",Welcome to Date Palm Coun,1340 sqft
1180925076,7BR Single Family Home,https://bradschmett.com/listing-detail/1180925076/294-W-Crestview-DR-Palm-Springs-CA,https://tamdrashtri.github.io/brad-schmett-remarketing/images/1180925076.jpg,"$8,050,000",Palm Springs,Single Family Home,For Sale,"294 W Crestview DR, Palm Springs, CA 92264, CA",The legendary Bono Estate,The Mesa (33463); 8989 sqft
1180921213,3BR Single Family Home,https://bradschmett.com/listing-detail/1180921213/1415-N-Camino-Centro-Palm-Springs-CA,https://tamdrashtri.github.io/brad-schmett-remarketing/images/1180921213.jpg,"$3,600,000",Palm Springs,Single Family Home,For Sale,"1415 N Camino Centro, Palm Springs, CA 92262, CA",Located in Palm Springs' ,Old Las Palmas; 2792 sqft
1180882446,4BR Single Family Home,https://bradschmett.com/listing-detail/1180882446/73198-Loma-Vista-LN-Palm-Desert-CA,https://wsrv.nl/?url=https%3A%2F%2Fcdn.photos.sparkplatform.com%2Fgps%2F20260414174154312594000000-o.jpg&w=1200&output=jpg&q=80,"$1,649,000",Palm Desert,Single Family Home,For Sale,"73198 Loma Vista LN, Palm Desert, CA 92260, CA","Privacy, views and quiet ",3054 sqft
1180918741,2BR Condo in Palm Springs,https://bradschmett.com/listing-detail/1180918741/2262-S-Linden-WAY-E-Palm-Springs-CA,https://tamdrashtri.github.io/brad-schmett-remarketing/images/1180918741.jpg,"$410,000",Palm Springs,Condo,For Sale,"2262 S Linden WAY #E, Palm Springs, CA 92264, CA",Nestled in the heart of S,Canyon Sands; 1241 sqft
1180915141,2BR Condo in Palm Desert,https://bradschmett.com/listing-detail/1180915141/42173-Omar-PL-Palm-Desert-CA,https://tamdrashtri.github.io/brad-schmett-remarketing/images/1180915141.jpg,"$417,000",Palm Desert,Condo,For Sale,"42173 Omar PL, Palm Desert, CA 92211, CA",This beautifully position,The Oasis Country Club; 1189 sqft
1180873371,2BR Manufactured Home,https://bradschmett.com/listing-detail/1180873371/46618-Madison-ST-64-Indio-CA,https://wsrv.nl/?url=https%3A%2F%2Fcdn.photos.sparkplatform.com%2Fgps%2F20260415001120874250000000-o.jpg&w=1200&output=jpg&q=80,"$245,000",Indio,Manufactured Home,For Sale,"46618 Madison ST #64, Indio, CA 92201, CA",Beautifully updated 2-bed,Rancho Casitas; 1440 sqft
1180873214,2BR Manufactured Home,https://bradschmett.com/listing-detail/1180873214/246-Laredo-DR-Palm-Springs-CA,https://wsrv.nl/?url=https%3A%2F%2Fcdn.photos.sparkplatform.com%2Fgps%2F20260421061706237366000000-o.jpg&w=1200&output=jpg&q=80,"$250,000",Palm Springs,Manufactured Home,For Sale,"246 Laredo DR, Palm Springs, CA 92264, CA","''You Own the Land,'' El ",El Dorado Palms Estates; 1440 sqft
1180872446,3BR Single Family Home,https://bradschmett.com/listing-detail/1180872446/84553-Las-Lunas-AVE-Coachella-CA,https://wsrv.nl/?url=https%3A%2F%2Fcdn.photos.sparkplatform.com%2Fgps%2F20260421060209729721000000-o.jpg&w=1200&output=jpg&q=80,"$415,000",Coachella,Single Family Home,For Sale,"84553 Las Lunas AVE, Coachella, CA 92236, CA",Great Opportunity with To,1199 sqft
1180872338,2BR Single Family Home,https://bradschmett.com/listing-detail/1180872338/44719-Alexandria-Vale-Indio-CA,https://wsrv.nl/?url=https%3A%2F%2Fcdn.photos.sparkplatform.com%2Fgps%2F20260421044226411354000000-o.jpg&w=1200&output=jpg&q=80,"$449,000",Indio,Single Family Home,For Sale,"44719 Alexandria Vale, Indio, CA 92201, CA",This beautifully maintain,Heritage Palms Country Club; 1764 sqft
1180866397,4BR Single Family Home,https://bradschmett.com/listing-detail/1180866397/40160-Padova-DR-Indio-CA,https://wsrv.nl/?url=https%3A%2F%2Fcdn.photos.sparkplatform.com%2Fgps%2F20260421012056760451000000-o.jpg&w=1200&output=jpg&q=80,"$599,000",Indio,Single Family Home,For Sale,"40160 Padova DR, Indio, CA 92203, CA",Located in the gated Para,Paradiso; 2099 sqft
1180864962,3BR Single Family Home,https://bradschmett.com/listing-detail/1180864962/2-Sussex-CT-Rancho-Mirage-CA,https://wsrv.nl/?url=https%3A%2F%2Fcdn.photos.sparkplatform.com%2Fgps%2F20260420175416515020000000-o.jpg&w=1200&output=jpg&q=80,"$1,830,000",Rancho Mirage,Single Family Home,For Sale,"2 Sussex CT, Rancho Mirage, CA 92270, CA",This beautifully reimagin,Morningside Country; 3229 sqft
1180863206,1BR Manufactured Home,https://bradschmett.com/listing-detail/1180863206/22-Roosevelt-22-Roo-Cathedral-City-CA,https://wsrv.nl/?url=https%3A%2F%2Fcdn.photos.sparkplatform.com%2Fgps%2F20260420233522003884000000-o.jpg&w=1200&output=jpg&q=80,"$62,500",Cathedral City,Manufactured Home,For Sale,"22 Roosevelt #22 Roo, Cathedral City, CA 92234, CA",This brand new Fleetwood ,Tramview Mobile Park; 612 sqft
1180863207,3BR Condo in Palm Springs,https://bradschmett.com/listing-detail/1180863207/2612-Canyon-South-DR-Palm-Springs-CA,https://wsrv.nl/?url=https%3A%2F%2Fcdn.photos.sparkplatform.com%2Fgps%2F20260417223704773566000000-o.jpg&w=1200&output=jpg&q=80,"$1,795,000",Palm Springs,Condo,For Sale,"2612 Canyon South DR, Palm Springs, CA 92264, CA",CHIC and sophisticated co,Canyon South 4; 2861 sqft
1180873163,Vacant Land,https://bradschmett.com/listing-detail/1180873163/73707-Armand-Way-Thousand-Palms-CA,https://tamdrashtri.github.io/brad-schmett-remarketing/images/1180873163.jpg,"$85,000",Thousand Palms,Vacant Land,For Sale,"73707 Armand Way, Thousand Palms, CA 92276, CA",Conveniently located in T,
1180860518,1BR Manufactured Home,https://bradschmett.com/listing-detail/1180860518/74711-Dillon-Rd-Spc-81-Desert-Hot-Springs-CA,https://wsrv.nl/?url=https%3A%2F%2Fcdn.photos.sparkplatform.com%2Fgps%2F20260420235938459282000000-o.jpg&w=1200&output=jpg&q=80,"$78,000",Desert Hot Springs,Manufactured Home,For Sale,"74711 Dillon Rd Spc 81, Desert Hot Springs, CA 92241, CA",Reduced Price And Seller ,750 sqft
1180860441,3BR Single Family Home,https://bradschmett.com/listing-detail/1180860441/68574-F-ST-Cathedral-City-CA,https://wsrv.nl/?url=https%3A%2F%2Fcdn.photos.sparkplatform.com%2Fgps%2F20260419012841966187000000-o.jpg&w=1200&output=jpg&q=80,"$625,000",Cathedral City,Single Family Home,For Sale,"68574 F ST, Cathedral City, CA 92234, CA",This unique home is locat,Cathedral City Cove; 1548 sqft
1180859515,4BR Single Family Home,https://bradschmett.com/listing-detail/1180859515/84645-Litorale-CT-Indio-CA,https://wsrv.nl/?url=https%3A%2F%2Fcdn.photos.sparkplatform.com%2Fgps%2F20260420223246077823000000-o.jpg&w=1200&output=jpg&q=80,"$999,000",Indio,Single Family Home,For Sale,"84645 Litorale CT, Indio, CA 92203, CA",Nestled on a premium lake,Terra Lago; 2416 sqft
1180857208,3BR Single Family Home,https://bradschmett.com/listing-detail/1180857208/43954-Via-Granada-Palm-Desert-CA,https://wsrv.nl/?url=https%3A%2F%2Fcdn.photos.sparkplatform.com%2Fgps%2F20260420215248331593000000-o.jpg&w=1200&output=jpg&q=80,"$485,000",Palm Desert,Single Family Home,For Sale,"43954 Via Granada, Palm Desert, CA 92211, CA",Welcome to this beautiful,Desert Breezes; 1612 sqft
1180856293,1BR Condo in Palm Springs,https://bradschmett.com/listing-detail/1180856293/820-E-Palm-Canyon-DR-206-Palm-Springs-CA,https://wsrv.nl/?url=https%3A%2F%2Fcdn.photos.sparkplatform.com%2Fgps%2F20260419222054449233000000-o.jpg&w=1200&output=jpg&q=80,"$475,000",Palm Springs,Condo,For Sale,"820 E Palm Canyon DR #206, Palm Springs, CA 92264, CA",Located in one of the mos,Biltmore Colony; 898 sqft
1180854789,3BR Single Family Home,https://bradschmett.com/listing-detail/1180854789/71305-Kempton-AVE-Rancho-Mirage-CA,https://wsrv.nl/?url=https%3A%2F%2Fcdn.photos.sparkplatform.com%2Fgps%2F20260417210646661511000000-o.jpg&w=1200&output=jpg&q=80,"$1,195,000",Rancho Mirage,Single Family Home,For Sale,"71305 Kempton AVE, Rancho Mirage, CA 92270, CA",Welcome to 71305 Kempton ,Desert Ranch Estates; 1654 sqft
1180846392,2BR Manufactured Home,https://bradschmett.com/listing-detail/1180846392/15300-Palm-DR-114-Desert-Hot-Springs-CA,https://wsrv.nl/?url=https%3A%2F%2Fcdn.photos.sparkplatform.com%2Fgps%2F20260420194511801444000000-o.jpg&w=1200&output=jpg&q=80,"$189,900",Desert Hot Springs,Manufactured Home,For Sale,"15300 Palm DR #114, Desert Hot Springs, CA 92240, CA",This 1988 Skyline manufac,Vista Montana; 1248 sqft
1180843400,4BR Single Family Home,https://bradschmett.com/listing-detail/1180843400/83203-Broadmoor-DR-Indio-CA,https://wsrv.nl/?url=https%3A%2F%2Fcdn.photos.sparkplatform.com%2Fgps%2F20260420023112871569000000-o.jpg&w=1200&output=jpg&q=80,"$650,000",Indio,Single Family Home,For Sale,"83203 Broadmoor DR, Indio, CA 92203, CA",Welcome to Shadow Hills. ,Shadow Hills; 2107 sqft
1180839388,4BR Single Family Home,https://bradschmett.com/listing-detail/1180839388/44260-Villeta-DR-La-Quinta-CA,https://wsrv.nl/?url=https%3A%2F%2Fcdn.photos.sparkplatform.com%2Fgps%2F20260420020127624969000000-o.jpg&w=1200&output=jpg&q=80,"$629,000",La Quinta,Single Family Home,For Sale,"44260 Villeta DR, La Quinta, CA 92253, CA",Welcome to this chic dese,La Quinta Vistas; 2046 sqft
1180837635,2BR Condo in Palm Desert,https://bradschmett.com/listing-detail/1180837635/76785-Daffodil-DR-Palm-Desert-CA,https://wsrv.nl/?url=https%3A%2F%2Fcdn.photos.sparkplatform.com%2Fgps%2F20260417163741611059000000-o.jpg&w=1200&output=jpg&q=80,"$500,000",Palm Desert,Condo,For Sale,"76785 Daffodil DR, Palm Desert, CA 92211, CA",Welcome to Palm Valley Co,Palm Valley Country Club; 1330 sqft
1180835026,3BR Condo in Palm Desert,https://bradschmett.com/listing-detail/1180835026/13-Camisa-LN-Palm-Desert-CA,https://wsrv.nl/?url=https%3A%2F%2Fcdn.photos.sparkplatform.com%2Fgps%2F20260420165757140549000000-o.jpg&w=1200&output=jpg&q=80,"$725,000",Palm Desert,Condo,For Sale,"13 Camisa LN, Palm Desert, CA 92260, CA",Step into a rare opportun,Chaparral Country Club; 2011 sqft
1180835025,4BR Single Family Home,https://bradschmett.com/listing-detail/1180835025/3-Columbia-DR-Rancho-Mirage-CA,https://wsrv.nl/?url=https%3A%2F%2Fcdn.photos.sparkplatform.com%2Fgps%2F20260430181740408461000000-o.jpg&w=1200&output=jpg&q=80,"$2,250,000",Rancho Mirage,Single Family Home,For Sale,"3 Columbia DR, Rancho Mirage, CA 92270, CA",Rarely does a residence u,The Springs Country Club; 2797 sqft
1180835024,1BR Manufactured Home,https://bradschmett.com/listing-detail/1180835024/70200-Dillon-RD-518-Desert-Hot-Springs-CA,https://wsrv.nl/?url=https%3A%2F%2Fcdn.photos.sparkplatform.com%2Fgps%2F20260420164257125714000000-o.jpg&w=1200&output=jpg&q=80,"$67,500",Desert Hot Springs,Manufactured Home,For Sale,"70200 Dillon RD #518, Desert Hot Springs, CA 92241, CA",Caliente Springs Resort i,550 sqft
1180830928,3BR Condo in Palm Desert,https://bradschmett.com/listing-detail/1180830928/618-Vista-Lago-CIR-N-Palm-Desert-CA,https://wsrv.nl/?url=https%3A%2F%2Fcdn.photos.sparkplatform.com%2Fgps%2F20260420161046644598000000-o.jpg&w=1200&output=jpg&q=80,"$490,000",Palm Desert,Condo,For Sale,"618 Vista Lago CIR N, Palm Desert, CA 92211, CA",Beautifully remodeled dow,Desert Falls Country Club; 1814 sqft
1180829739,3BR Single Family Home,https://bradschmett.com/listing-detail/1180829739/77181-Calle-Flora-La-Quinta-CA,https://wsrv.nl/?url=https%3A%2F%2Fcdn.photos.sparkplatform.com%2Fgps%2F20260419210937534519000000-o.jpg&w=1200&output=jpg&q=80,"$2,095,000",La Quinta,Single Family Home,For Sale,"77181 Calle Flora, La Quinta, CA 92253, CA",You will be enchanted by ,The Enclave; 3860 sqft
1180863782,2BR Condo in Palm Springs,https://bradschmett.com/listing-detail/1180863782/815-E-Arenas-RD-Palm-Springs-CA,https://tamdrashtri.github.io/brad-schmett-remarketing/images/1180863782.jpg,"$425,000",Palm Springs,Condo,For Sale,"815 E Arenas RD, Palm Springs, CA 92262, CA",Fee Land. No Land Lease. ,Casitas Arenas; 1176 sqft
1180828537,2BR Single Family Home,https://bradschmett.com/listing-detail/1180828537/37631-Festival-DR-Palm-Desert-CA,https://wsrv.nl/?url=https%3A%2F%2Fcdn.photos.sparkplatform.com%2Fgps%2F20260420160030093236000000-o.jpg&w=1200&output=jpg&q=80,"$480,000",Palm Desert,Single Family Home,For Sale,"37631 Festival DR, Palm Desert, CA 92211, CA",A beautifully updated Two,Sun City; 1527 sqft
1180828538,2BR Condo,https://bradschmett.com/listing-detail/1180828538/68725-Calle-Tolosa-Cathedral-City-CA,https://wsrv.nl/?url=https%3A%2F%2Fcdn.photos.sparkplatform.com%2Fgps%2F20260419152930050381000000-o.jpg&w=1200&output=jpg&q=80,"$375,000",Cathedral City,Condo,For Sale,"68725 Calle Tolosa, Cathedral City, CA 92234, CA",Welcome to Cathedral Cany,Cathedral Canyon Country Club; 1452 sqft
1180820250,Condo in Palm Desert,https://bradschmett.com/listing-detail/1180820250/73850-Fairway-DR-296-Palm-Desert-CA,https://wsrv.nl/?url=https%3A%2F%2Fcdn.photos.sparkplatform.com%2Fgps%2F20260417040249833855000000-o.jpg&w=1200&output=jpg&q=80,"$265,000",Palm Desert,Condo,For Sale,"73850 Fairway DR #296, Palm Desert, CA 92260, CA",A rare creekside desert r,Shadow Mountain Resort; 640 sqft
1180856074,3BR Condo in Palm Desert,https://bradschmett.com/listing-detail/1180856074/47159-El-Menara-Palm-Desert-CA,https://tamdrashtri.github.io/brad-schmett-remarketing/images/1180856074.jpg,"$1,295,000",Palm Desert,Condo,For Sale,"47159 El Menara, Palm Desert, CA 92260, CA",Set within the iconic Mar,Marrakesh Country Club (32322); 2120 sqft
1180856066,Vacant Land in La Quinta,https://bradschmett.com/listing-detail/1180856066/0-Hummingbird-LN-La-Quinta-CA,https://tamdrashtri.github.io/brad-schmett-remarketing/images/1180856066.jpg,"$199,995",La Quinta,Vacant Land,For Sale,"0 Hummingbird LN, La Quinta, CA 92253, CA",Experience the perfect bl,
1180856077,4BR Single Family Home,https://bradschmett.com/listing-detail/1180856077/68051-Valley-Vista-DR-Cathedral-City-CA,https://tamdrashtri.github.io/brad-schmett-remarketing/images/1180856077.jpg,"$595,000",Cathedral City,Single Family Home,For Sale,"68051 Valley Vista DR, Cathedral City, CA 92234, CA",Spectacular mountain view,Cathedral City Cove (33611); 1648 sqft
1180818450,2BR Condo in Palm Desert,https://bradschmett.com/listing-detail/1180818450/40345-Bay-Hill-WAY-Palm-Desert-CA,https://wsrv.nl/?url=https%3A%2F%2Fcdn.photos.sparkplatform.com%2Fgps%2F20260419003405049649000000-o.jpg&w=1200&output=jpg&q=80,"$399,000",Palm Desert,Condo,For Sale,"40345 Bay Hill WAY, Palm Desert, CA 92211, CA",Highly upgraded Vintage m,Palm Desert Resort Country Club; 1177 sqft
1180854708,2BR Manufactured Home,https://bradschmett.com/listing-detail/1180854708/74671-Azurite-CIR-E-Palm-Desert-CA,https://tamdrashtri.github.io/brad-schmett-remarketing/images/1180854708.jpg,"$180,000",Palm Desert,Manufactured Home,For Sale,"74671 Azurite CIR #E, Palm Desert, CA 92260, CA",Live the Dream in Portola,Portola Country Club; 1559 sqft
1180851401,2BR Condo in Palm Springs,https://bradschmett.com/listing-detail/1180851401/1281-E-Amado-RD-Palm-Springs-CA,https://tamdrashtri.github.io/brad-schmett-remarketing/images/1180851401.jpg,"$679,000",Palm Springs,Condo,For Sale,"1281 E Amado RD, Palm Springs, CA 92262, CA",Here it is! This stunning,Palm Regency; 1839 sqft
1180846228,4BR Single Family Home,https://bradschmett.com/listing-detail/1180846228/1320-Woodward-WAY-Palm-Springs-CA,https://tamdrashtri.github.io/brad-schmett-remarketing/images/1180846228.jpg,"$1,590,000",Palm Springs,Single Family Home,For Sale,"1320 Woodward WAY, Palm Springs, CA 92262, CA",Welcome to 1320 Woodward ,2693 sqft
1180814016,2BR Townhouse,https://bradschmett.com/listing-detail/1180814016/310-Villaggio-E-Palm-Springs-CA,https://wsrv.nl/?url=https%3A%2F%2Fcdn.photos.sparkplatform.com%2Fgps%2F20260420015142935807000000-o.jpg&w=1200&output=jpg&q=80,"$1,175,000",Palm Springs,Townhouse,For Sale,"310 Villaggio E, Palm Springs, CA 92262, CA",The Villas In Old Palm Sp,The Villas In Old Palm Springs; 1813 sqft
1180812907,2BR Manufactured Home,https://bradschmett.com/listing-detail/1180812907/32261-Merion-DR-Thousand-Palms-CA,https://wsrv.nl/?url=https%3A%2F%2Fcdn.photos.sparkplatform.com%2Fgps%2F20260419194403912608000000-o.jpg&w=1200&output=jpg&q=80,"$169,000",Thousand Palms,Manufactured Home,For Sale,"32261 Merion DR, Thousand Palms, CA 92276, CA","Cozy, updated and afforda",Tri-Palm Estates; 960 sqft
1180828381,1BR Condo in Palm Springs,https://bradschmett.com/listing-detail/1180828381/413-E-Via-Escuela-611-Palm-Springs-CA,https://tamdrashtri.github.io/brad-schmett-remarketing/images/1180828381.jpg,"$270,000",Palm Springs,Condo,For Sale,"413 E Via Escuela #611, Palm Springs, CA 92262, CA",Welcome to this charming ,Riviera Gardens; 651 sqft
1180823357,3BR Single Family Home,https://bradschmett.com/listing-detail/1180823357/49568-Minelli-Indio-CA,https://tamdrashtri.github.io/brad-schmett-remarketing/images/1180823357.jpg,"$475,000",Indio,Single Family Home,For Sale,"49568 Minelli, Indio, CA 92201, CA",Welcome to 49568 Minelli ,Indian Plams Master Association; 1943 sqft
1180823418,1BR Single Family Home,https://bradschmett.com/listing-detail/1180823418/31652-Arbol-Real-Thousand-Palms-CA,https://tamdrashtri.github.io/brad-schmett-remarketing/images/1180823418.jpg,"$270,000",Thousand Palms,Single Family Home,For Sale,"31652 Arbol Real, Thousand Palms, CA 92276, CA",More pictures coming soon,556 sqft
1180812283,2BR Condo in Palm Springs,https://bradschmett.com/listing-detail/1180812283/2389-E-Miramonte-CIR-B-Palm-Springs-CA,https://wsrv.nl/?url=https%3A%2F%2Fcdn.photos.sparkplatform.com%2Fgps%2F20260421204428525547000000-o.jpg&w=1200&output=jpg&q=80,"$489,000",Palm Springs,Condo,For Sale,"2389 E Miramonte CIR #B, Palm Springs, CA 92264, CA",Private Palm Springs Bung,Canyon Sands; 1155 sqft
1180812284,4BR Single Family Home,https://bradschmett.com/listing-detail/1180812284/83050-Singing-Hills-DR-Indio-CA,https://wsrv.nl/?url=https%3A%2F%2Fcdn.photos.sparkplatform.com%2Fgps%2F20260411020928896294000000-o.jpg&w=1200&output=jpg&q=80,"$749,000",Indio,Single Family Home,For Sale,"83050 Singing Hills DR, Indio, CA 92203, CA",Welcome to this beautiful,Shadow Hills; 2763 sqft
1180810023,3BR Manufactured Home,https://bradschmett.com/listing-detail/1180810023/73450-Country-Club-DR-87-Palm-Desert-CA,https://wsrv.nl/?url=https%3A%2F%2Fcdn.photos.sparkplatform.com%2Fgps%2F20260420023807726480000000-o.jpg&w=1200&output=jpg&q=80,"$234,900",Palm Desert,Manufactured Home,For Sale,"73450 Country Club DR #87, Palm Desert, CA 92260, CA",Beautifully Remodeled Hom,Suncrest Country Club; 1636 sqft
1180809000,4BR Single Family Home,https://bradschmett.com/listing-detail/1180809000/60179-Honeysuckle-ST-La-Quinta-CA,https://wsrv.nl/?url=https%3A%2F%2Fcdn.photos.sparkplatform.com%2Fgps%2F20260420005433569145000000-o.jpg&w=1200&output=jpg&q=80,"$699,000",La Quinta,Single Family Home,For Sale,"60179 Honeysuckle ST, La Quinta, CA 92253, CA",Beautifully upgraded and ,Trilogy; 1939 sqft
1180808446,3BR Single Family Home,https://bradschmett.com/listing-detail/1180808446/45542-Banff-Springs-ST-Indio-CA,https://wsrv.nl/?url=https%3A%2F%2Fcdn.photos.sparkplatform.com%2Fgps%2F20260420002417708233000000-o.jpg&w=1200&output=jpg&q=80,"$1,175,000",Indio,Single Family Home,For Sale,"45542 Banff Springs ST, Indio, CA 92201, CA",Another one of the BEST C,Indian Springs; 2612 sqft
1180812530,Vacant Land in Thermal,https://bradschmett.com/listing-detail/1180812530/1178-Bering-AVE-Thermal-CA,https://tamdrashtri.github.io/brad-schmett-remarketing/images/1180812530.jpg,"$14,999",Thermal,Vacant Land,For Sale,"1178 Bering AVE, Thermal, CA 92274, CA",Incredible opportunity in,Salton Sea
1180812450,Vacant Land in Thermal,https://bradschmett.com/listing-detail/1180812450/1097-Huron-AVE-Thermal-CA,https://tamdrashtri.github.io/brad-schmett-remarketing/images/1180812450.jpg,"$14,999",Thermal,Vacant Land,For Sale,"1097 Huron AVE, Thermal, CA 92274, CA",,Salton Sea
1180812175,Vacant Land in Thermal,https://bradschmett.com/listing-detail/1180812175/798-Crystal-AVE-Thermal-CA,https://tamdrashtri.github.io/brad-schmett-remarketing/images/1180812175.jpg,"$14,999",Thermal,Vacant Land,For Sale,"798 Crystal AVE, Thermal, CA 92274, CA",Large lot opportunity in ,Salton Sea
1180812116,3BR Single Family Home,https://bradschmett.com/listing-detail/1180812116/766-Flamingo-WAY-Palm-Springs-CA,https://tamdrashtri.github.io/brad-schmett-remarketing/images/1180812116.jpg,"$757,428",Palm Springs,Single Family Home,For Sale,"766 Flamingo WAY, Palm Springs, CA 92262, CA",Model Home! Includes Desi,Miralon; 1846 sqft
1180806205,2BR Manufactured Home,https://bradschmett.com/listing-detail/1180806205/73450-Country-Club-DR-18-Palm-Desert-CA,https://wsrv.nl/?url=https%3A%2F%2Fcdn.photos.sparkplatform.com%2Fgps%2F20260419205220150494000000-o.jpg&w=1200&output=jpg&q=80,"$234,900",Palm Desert,Manufactured Home,For Sale,"73450 Country Club DR #18, Palm Desert, CA 92260, CA",Suncrest Country Club (af,Suncrest Country Club; 1536 sqft
1180811458,3BR Single Family Home,https://bradschmett.com/listing-detail/1180811458/9524-Santa-Cruz-RD-Desert-Hot-Springs-CA,https://tamdrashtri.github.io/brad-schmett-remarketing/images/1180811458.jpg,"$490,000",Desert Hot Springs,Single Family Home,For Sale,"9524 Santa Cruz RD, Desert Hot Springs, CA 92240, CA",Experience desert living ,Vista Del Valle; 1353 sqft
1180805920,2BR Manufactured Home,https://bradschmett.com/listing-detail/1180805920/51555-Monroe-ST-75-Indio-CA,https://wsrv.nl/?url=https%3A%2F%2Fcdn.photos.sparkplatform.com%2Fgps%2F20260419210521587049000000-o.jpg&w=1200&output=jpg&q=80,"$118,900",Indio,Manufactured Home,For Sale,"51555 Monroe ST #75, Indio, CA 92201, CA","Discover comfort, space, ",La Quinta Ridge; 1500 sqft
1180805921,3BR Single Family Home,https://bradschmett.com/listing-detail/1180805921/71467-Country-Club-DR-Rancho-Mirage-CA,https://wsrv.nl/?url=https%3A%2F%2Fcdn.photos.sparkplatform.com%2Fgps%2F20260420010313439797000000-o.jpg&w=1200&output=jpg&q=80,"$2,195,000",Rancho Mirage,Single Family Home,For Sale,"71467 Country Club DR, Rancho Mirage, CA 92270, CA",A rare opportunity to own,Thunderbird Country Club; 3036 sqft
1180804001,Vacant Land,https://bradschmett.com/listing-detail/1180804001/44833-San-Jacinto-AVE-Palm-Desert-CA,https://wsrv.nl/?url=https%3A%2F%2Fcdn.photos.sparkplatform.com%2Fgps%2F20260424235900522869000000-o.jpg&w=1200&output=jpg&q=80,"$450,000",Palm Desert,Vacant Land,For Sale,"44833 San Jacinto AVE, Palm Desert, CA 92260, CA",The property is nearly re,
1180810455,Vacant Land in Thermal,https://bradschmett.com/listing-detail/1180810455/755-Nihau-Thermal-CA,https://tamdrashtri.github.io/brad-schmett-remarketing/images/1180810455.jpg,"$9,999",Thermal,Vacant Land,For Sale,"755 Nihau, Thermal, CA 92274, CA",Great opportunity in Ther,Salton Sea
1180810476,Vacant Land in Thermal,https://bradschmett.com/listing-detail/1180810476/754-Kure-Thermal-CA,https://tamdrashtri.github.io/brad-schmett-remarketing/images/1180810476.jpg,"$9,999",Thermal,Vacant Land,For Sale,"754 Kure, Thermal, CA 92274, CA",Prime opportunity in Ther,Salton Sea
1180802271,3BR Single Family Home,https://bradschmett.com/listing-detail/1180802271/81150-Calle-Orfila-Indio-CA,https://wsrv.nl/?url=https%3A%2F%2Fcdn.photos.sparkplatform.com%2Fgps%2F20260410225822223130000000-o.jpg&w=1200&output=jpg&q=80,"$550,000",Indio,Single Family Home,For Sale,"81150 Calle Orfila, Indio, CA 92203, CA",Located in the highly des,Sun City Shadow Hills; 1756 sqft
1180800643,1BR Condo,https://bradschmett.com/listing-detail/1180800643/353-Forest-Hills-DR-Rancho-Mirage-CA,https://wsrv.nl/?url=https%3A%2F%2Fcdn.photos.sparkplatform.com%2Fgps%2F20260417230408851551000000-o.jpg&w=1200&output=jpg&q=80,"$315,000",Rancho Mirage,Condo,For Sale,"353 Forest Hills DR, Rancho Mirage, CA 92270, CA",Beautiful 1BD/1.5BA condo,Mission Hills Country Club; 1049 sqft
1180807786,2BR Condo in Indian Wells,https://bradschmett.com/listing-detail/1180807786/74687-Arroyo-DR-Indian-Wells-CA,https://tamdrashtri.github.io/brad-schmett-remarketing/images/1180807786.jpg,"$2,595,000",Indian Wells,Condo,For Sale,"74687 Arroyo DR, Indian Wells, CA 92210, CA",Located within The Vintag,Vintage Country Club; 2283 sqft
1180799455,2BR Condo in Palm Desert,https://bradschmett.com/listing-detail/1180799455/41103-Woodhaven-DR-N-Palm-Desert-CA,https://wsrv.nl/?url=https%3A%2F%2Fcdn.photos.sparkplatform.com%2Fgps%2F20260416225842033685000000-o.jpg&w=1200&output=jpg&q=80,"$379,000",Palm Desert,Condo,For Sale,"41103 Woodhaven DR N, Palm Desert, CA 92211, CA",Welcome to Woodhaven Coun,Woodhaven Country Club; 1392 sqft
1180807592,4BR Single Family Home,https://bradschmett.com/listing-detail/1180807592/66231-3rd-Desert-Hot-Springs-CA,https://tamdrashtri.github.io/brad-schmett-remarketing/images/1180807592.jpg,"$399,000",Desert Hot Springs,Single Family Home,For Sale,"66231 3rd, Desert Hot Springs, CA 92240, CA",Featuring 4 bedrooms and ,3 Rd St; 1653 sqft
1180803400,1BR Condo,https://bradschmett.com/listing-detail/1180803400/32505-Candlewood-DR-12-Cathedral-City-CA,https://tamdrashtri.github.io/brad-schmett-remarketing/images/1180803400.jpg,"$199,999",Cathedral City,Condo,For Sale,"32505 Candlewood DR #12, Cathedral City, CA 92234, CA",Priced to reflect conditi,Candlewood Villas I; 772 sqft
1180801200,1BR Condo,https://bradschmett.com/listing-detail/1180801200/9641-Spyglass-Ave-62-Desert-Hot-Springs-CA,https://tamdrashtri.github.io/brad-schmett-remarketing/images/1180801200.jpg,"$55,000",Desert Hot Springs,Condo,For Sale,"9641 Spyglass Ave #62, Desert Hot Springs, CA 92240, CA",Unbelievable Price Reduct,Mission Lakes (34101); 565 sqft
1180800308,2BR Manufactured Home,https://bradschmett.com/listing-detail/1180800308/345-San-Domingo-DR-Palm-Springs-CA,https://tamdrashtri.github.io/brad-schmett-remarketing/images/1180800308.jpg,"$275,000",Palm Springs,Manufactured Home,For Sale,"345 San Domingo DR, Palm Springs, CA 92264, CA",Priced for a fast sale. T,El Dorado Palm Springs; 1536 sqft
1180792357,4BR Single Family Home,https://bradschmett.com/listing-detail/1180792357/42410-Canneto-WAY-Indio-CA,https://wsrv.nl/?url=https%3A%2F%2Fcdn.photos.sparkplatform.com%2Fgps%2F20260419001307079821000000-o.jpg&w=1200&output=jpg&q=80,"$629,990",Indio,Single Family Home,For Sale,"42410 Canneto WAY, Indio, CA 92203, CA",Located in the gated comm,Terra Lago; 2553 sqft
1180791924,4BR Single Family Home,https://bradschmett.com/listing-detail/1180791924/47760-Via-Montana-La-Quinta-CA,https://wsrv.nl/?url=https%3A%2F%2Fcdn.photos.sparkplatform.com%2Fgps%2F20260418230454875891000000-o.jpg&w=1200&output=jpg&q=80,"$1,295,000",La Quinta,Single Family Home,For Sale,"47760 Via Montana, La Quinta, CA 92253, CA",Discover the Much sought ,Lake La Quinta; 3074 sqft
1180791062,3BR Single Family Home,https://bradschmett.com/listing-detail/1180791062/71467-Country-Club-DR-Rancho-Mirage-CA,https://wsrv.nl/?url=https%3A%2F%2Fcdn.photos.sparkplatform.com%2Fgps%2F20260418221539681999000000-o.jpg&w=1200&output=jpg&q=80,"$1,999,900",Rancho Mirage,Single Family Home,For Sale,"71467 Country Club DR, Rancho Mirage, CA 92270, CA",A rare opportunity to own,Thunderbird Country Club; 3036 sqft
1180795724,3BR Single Family Home,https://bradschmett.com/listing-detail/1180795724/30770-San-Gabriel-E-Cathedral-City-CA,https://tamdrashtri.github.io/brad-schmett-remarketing/images/1180795724.jpg,"$425,000",Cathedral City,Single Family Home,For Sale,"30770 San Gabriel E, Cathedral City, CA 92234, CA",This home qualify for Dow,1266 sqft
1180788529,4BR Single Family Home,https://bradschmett.com/listing-detail/1180788529/1677-Hillview-CV-Palm-Springs-CA,https://wsrv.nl/?url=https%3A%2F%2Fcdn.photos.sparkplatform.com%2Fgps%2F20260418024506098588000000-o.jpg&w=1200&output=jpg&q=80,"$3,998,000",Palm Springs,Single Family Home,For Sale,"1677 Hillview CV, Palm Springs, CA 92264, CA",Affectionately named Vill,Andreas Hills; 5838 sqft
1180794824,3BR Single Family Home,https://bradschmett.com/listing-detail/1180794824/2627-N-Cerritos-Palm-Springs-CA,https://tamdrashtri.github.io/brad-schmett-remarketing/images/1180794824.jpg,"$819,000",Palm Springs,Single Family Home,For Sale,"2627 N Cerritos, Palm Springs, CA 92262, CA",Welcome to this amazing b,1424 sqft
1180787092,2BR Condo in Palm Desert,https://bradschmett.com/listing-detail/1180787092/73426-Dalea-LN-Palm-Desert-CA,https://wsrv.nl/?url=https%3A%2F%2Fcdn.photos.sparkplatform.com%2Fgps%2F20260417190924582033000000-o.jpg&w=1200&output=jpg&q=80,"$618,000",Palm Desert,Condo,For Sale,"73426 Dalea LN, Palm Desert, CA 92260, CA","This two bedroom, two bat",Ironwood Country Club; 1620 sqft
1180794840,2BR Condo in Palm Desert,https://bradschmett.com/listing-detail/1180794840/40900-Breezy-Pass-D-Palm-Desert-CA,https://tamdrashtri.github.io/brad-schmett-remarketing/images/1180794840.jpg,"$295,000",Palm Desert,Condo,For Sale,"40900 Breezy Pass #D, Palm Desert, CA 92211, CA",Wonderful opportunity to ,Royal Palms Condos (32425); 925 sqft
1180794831,"Single Family Home, Condo",https://bradschmett.com/listing-detail/1180794831/40900-Breezy-Pass-D-Palm-Desert-CA,https://tamdrashtri.github.io/brad-schmett-remarketing/images/1180794831.jpg,"$295,000",Palm Desert,"Single Family Home, Condo",For Sale,"40900 Breezy Pass #D, Palm Desert, CA 92211, CA",***Attention Investors **,Royal Palms Condos (32425)
1180794286,5BR Single Family Home,https://bradschmett.com/listing-detail/1180794286/670-N-Rose-AVE-Palm-Springs-CA,https://tamdrashtri.github.io/brad-schmett-remarketing/images/1180794286.jpg,"$3,750,000",Palm Springs,Single Family Home,For Sale,"670 N Rose AVE, Palm Springs, CA 92262, CA",Set in the iconic Vista L,Vista Las Palmas; 3757 sqft
1180785950,2BR Single Family Home,https://bradschmett.com/listing-detail/1180785950/44085-Royal-Troon-DR-Indio-CA,https://wsrv.nl/?url=https%3A%2F%2Fcdn.photos.sparkplatform.com%2Fgps%2F20260417171100932728000000-o.jpg&w=1200&output=jpg&q=80,"$549,000",Indio,Single Family Home,For Sale,"44085 Royal Troon DR, Indio, CA 92201, CA",Welcome to Heritage Palms,Heritage Palms Country Club; 2195 sqft
1180785516,4BR Single Family Home,https://bradschmett.com/listing-detail/1180785516/102-Calle-Los-Hibiscos-Rancho-Mirage-CA,https://wsrv.nl/?url=https%3A%2F%2Fcdn.photos.sparkplatform.com%2Fgps%2F20260415133608369601000000-o.jpg&w=1200&output=jpg&q=80,"$1,375,000",Rancho Mirage,Single Family Home,For Sale,"102 Calle Los Hibiscos, Rancho Mirage, CA 92270, CA",Large 4 bed/4.5 bath fami,La Terraza Palacio; 3172 sqft
1180781179,3BR Condo,https://bradschmett.com/listing-detail/1180781179/59-Oak-Tree-DR-Rancho-Mirage-CA,https://wsrv.nl/?url=https%3A%2F%2Fcdn.photos.sparkplatform.com%2Fgps%2F20260422192346544740000000-o.jpg&w=1200&output=jpg&q=80,"$725,000",Rancho Mirage,Condo,For Sale,"59 Oak Tree DR, Rancho Mirage, CA 92270, CA",Newly Remodeled 3 bedroom,Mission Hills East/Deane Homes; 2259 sqft
1180779809,2BR Condo in Palm Desert,https://bradschmett.com/listing-detail/1180779809/45451-Lupine-LN-29-Palm-Desert-CA,https://wsrv.nl/?url=https%3A%2F%2Fcdn.photos.sparkplatform.com%2Fgps%2F20260418160823815233000000-o.jpg&w=1200&output=jpg&q=80,"$415,000",Palm Desert,Condo,For Sale,"45451 Lupine LN #29, Palm Desert, CA 92260, CA",Enter to an open and ligh,Sandroc; 1250 sqft
1180791859,Vacant Land in Thermal,https://bradschmett.com/listing-detail/1180791859/0-Perth-Amboy-Thermal-CA,https://tamdrashtri.github.io/brad-schmett-remarketing/images/1180791859.jpg,"$15,900",Thermal,Vacant Land,For Sale,"0 Perth Amboy, Thermal, CA 92274, CA",Spacious 0.41-Acre Lot in,Vista Santa Rosa (31601)
1180791860,Vacant Land in Thermal,https://bradschmett.com/listing-detail/1180791860/2710-Henshaw-AVE-Thermal-CA,https://tamdrashtri.github.io/brad-schmett-remarketing/images/1180791860.jpg,"$16,500",Thermal,Vacant Land,For Sale,"2710 Henshaw AVE, Thermal, CA 92274, CA",Prime Corner Lot in Therm,Vista Santa Rosa (31601)
1180791872,3BR Manufactured Home,https://bradschmett.com/listing-detail/1180791872/15500-Bubbling-Wells-Desert-Hot-Springs-CA,https://tamdrashtri.github.io/brad-schmett-remarketing/images/1180791872.jpg,"$65,000",Desert Hot Springs,Manufactured Home,For Sale,"15500 Bubbling Wells, Desert Hot Springs, CA 92240, CA","Super clean, open floor p",1464 sqft
1180777254,2BR Condo in Palm Desert,https://bradschmett.com/listing-detail/1180777254/136-Don-Miguel-CIR-Palm-Desert-CA,https://wsrv.nl/?url=https%3A%2F%2Fcdn.photos.sparkplatform.com%2Fgps%2F20260418144846091124000000-o.jpg&w=1200&output=jpg&q=80,"$533,900",Palm Desert,Condo,For Sale,"136 Don Miguel CIR, Palm Desert, CA 92260, CA",Warm & Inviting Golf Cour,Monterey Country Club; 1347 sqft
1180790212,2BR Condo in Palm Springs,https://bradschmett.com/listing-detail/1180790212/588-E-San-Lorenzo-RD-104-Palm-Springs-CA,https://tamdrashtri.github.io/brad-schmett-remarketing/images/1180790212.jpg,"$599,000",Palm Springs,Condo,For Sale,"588 E San Lorenzo RD #104, Palm Springs, CA 92264, CA",Unit 104 at Querencia Pal,Tahquitz River Estates; 1200 sqft
1180790222,3BR Single Family Home,https://bradschmett.com/listing-detail/1180790222/32780-Cielo-Vista-Cathedral-City-CA,https://tamdrashtri.github.io/brad-schmett-remarketing/images/1180790222.jpg,"$469,900",Cathedral City,Single Family Home,For Sale,"32780 Cielo Vista, Cathedral City, CA 92234, CA",Welcome home. Beautiful w,Cathedral City Cove (33611); 1436 sqft
1180782548,4BR Single Family Home,https://bradschmett.com/listing-detail/1180782548/53640-Avenida-Rubio-La-Quinta-CA,https://tamdrashtri.github.io/brad-schmett-remarketing/images/1180782548.jpg,"$629,900",La Quinta,Single Family Home,For Sale,"53640 Avenida Rubio, La Quinta, CA 92253, CA",Step into desert luxury r,1470 sqft
1180782550,3BR Single Family Home,https://bradschmett.com/listing-detail/1180782550/297-San-Remo-Palm-Desert-CA,https://tamdrashtri.github.io/brad-schmett-remarketing/images/1180782550.jpg,"$529,500",Palm Desert,Single Family Home,For Sale,"297 San Remo, Palm Desert, CA 92260, CA",Extra Large End Unit Sout,Monterey Country Club (32250); 1656 sqft
1180781591,3BR Single Family Home,https://bradschmett.com/listing-detail/1180781591/2164-N-Milben-CIR-Palm-Springs-CA,https://tamdrashtri.github.io/brad-schmett-remarketing/images/1180781591.jpg,"$1,075,000",Palm Springs,Single Family Home,For Sale,"2164 N Milben CIR, Palm Springs, CA 92262, CA",Discover this beautifully,Racquet Club East; 1200 sqft
1180770636,3BR Single Family Home,https://bradschmett.com/listing-detail/1180770636/78420-Heritage-WAY-La-Quinta-CA,https://wsrv.nl/?url=https%3A%2F%2Fcdn.photos.sparkplatform.com%2Fgps%2F20260418041821341543000000-o.jpg&w=1200&output=jpg&q=80,"$1,498,000",La Quinta,Single Family Home,For Sale,"78420 Heritage WAY, La Quinta, CA 92253, CA",Welcome to 78420 Heritage,Point Happy Estates; 3215 sqft
1180769956,Vacant Land,https://bradschmett.com/listing-detail/1180769956/69411-Ramon-RD-37-Cathedral-City-CA,https://wsrv.nl/?url=https%3A%2F%2Fcdn.photos.sparkplatform.com%2Fgps%2F20260421214948689551000000-o.jpg&w=1200&output=jpg&q=80,"$115,000",Cathedral City,Vacant Land,For Sale,"69411 Ramon RD #37, Cathedral City, CA 92234, CA",The time is now to take a,Outdoor Resorts Palm Springs
1180768985,3BR Single Family Home,https://bradschmett.com/listing-detail/1180768985/43737-Arabia-ST-Indio-CA,https://wsrv.nl/?url=https%3A%2F%2Fcdn.photos.sparkplatform.com%2Fgps%2F20260418022619928840000000-o.jpg&w=1200&output=jpg&q=80,"$399,500",Indio,Single Family Home,For Sale,"43737 Arabia ST, Indio, CA 92201, CA",Hot! Hot!! Hot!!! Check O,North Indio Ranchos; 1056 sqft
1180768759,2BR Condo in Palm Springs,https://bradschmett.com/listing-detail/1180768759/439-Desert-Lakes-Drive-DR-Palm-Springs-CA,https://wsrv.nl/?url=https%3A%2F%2Fcdn.photos.sparkplatform.com%2Fgps%2F20260417200759744676000000-o.jpg&w=1200&output=jpg&q=80,"$589,000",Palm Springs,Condo,For Sale,"439 Desert Lakes Drive DR, Palm Springs, CA 92264, CA",Set within the iconic Sev,Seven Lakes Country Club; 1778 sqft
1180768367,3BR Single Family Home,https://bradschmett.com/listing-detail/1180768367/82642-Redford-WAY-Indio-CA,https://wsrv.nl/?url=https%3A%2F%2Fcdn.photos.sparkplatform.com%2Fgps%2F20260418035428443353000000-o.jpg&w=1200&output=jpg&q=80,"$579,000",Indio,Single Family Home,For Sale,"82642 Redford WAY, Indio, CA 92201, CA",Welcome to 82642 Redford ,Indian Palms; 1521 sqft
1180765094,5BR Single Family Home,https://bradschmett.com/listing-detail/1180765094/48180-Chandler-CT-Indio-CA,https://wsrv.nl/?url=https%3A%2F%2Fcdn.photos.sparkplatform.com%2Fgps%2F20260418015021955379000000-o.jpg&w=1200&output=jpg&q=80,"$539,900",Indio,Single Family Home,For Sale,"48180 Chandler CT, Indio, CA 92201, CA",Seller Says Get It Sold -,Bella Vida; 1873 sqft
1180764308,4BR Single Family Home,https://bradschmett.com/listing-detail/1180764308/1502-E-Sierra-WAY-Palm-Springs-CA,https://wsrv.nl/?url=https%3A%2F%2Fcdn.photos.sparkplatform.com%2Fgps%2F20260422021824182917000000-o.jpg&w=1200&output=jpg&q=80,"$1,995,000",Palm Springs,Single Family Home,For Sale,"1502 E Sierra WAY, Palm Springs, CA 92264, CA",Located in the iconic Can,Canyon Estates; 2969 sqft
1180763401,1BR Manufactured Home,https://bradschmett.com/listing-detail/1180763401/70200-Dillon-RD-110-Desert-Hot-Springs-CA,https://wsrv.nl/?url=https%3A%2F%2Fcdn.photos.sparkplatform.com%2Fgps%2F20260331230359610485000000-o.jpg&w=1200&output=jpg&q=80,"$49,900",Desert Hot Springs,Manufactured Home,For Sale,"70200 Dillon RD #110, Desert Hot Springs, CA 92241, CA","This stunning, remodeled ",550 sqft
1180763400,2BR Single Family Home,https://bradschmett.com/listing-detail/1180763400/78208-Silverleaf-CT-Palm-Desert-CA,https://wsrv.nl/?url=https%3A%2F%2Fcdn.photos.sparkplatform.com%2Fgps%2F20260409153652036218000000-o.jpg&w=1200&output=jpg&q=80,"$475,000",Palm Desert,Single Family Home,For Sale,"78208 Silverleaf CT, Palm Desert, CA 92211, CA",Sun City Palm Desert - Ca,Sun City; 1632 sqft
1180761936,2BR Condo,https://bradschmett.com/listing-detail/1180761936/68633-Calle-Mancha-Cathedral-City-CA,https://wsrv.nl/?url=https%3A%2F%2Fcdn.photos.sparkplatform.com%2Fgps%2F20260418001400416636000000-o.jpg&w=1200&output=jpg&q=80,"$529,000",Cathedral City,Condo,For Sale,"68633 Calle Mancha, Cathedral City, CA 92234, CA",Enjoy you daily cup of co,Cathedral Canyon Country Club; 1918 sqft
1180770599,2BR Manufactured Home,https://bradschmett.com/listing-detail/1180770599/8-Calle-Abajo-Palm-Springs-CA,https://tamdrashtri.github.io/brad-schmett-remarketing/images/1180770599.jpg,"$145,000",Palm Springs,Manufactured Home,For Sale,"8 Calle Abajo, Palm Springs, CA 92264, CA",Welcome to 8 Calle Abajo ,Palm Springs View Estates; 1484 sqft
1180759201,2BR Single Family Home,https://bradschmett.com/listing-detail/1180759201/51538-Golden-Eagle-DR-Indio-CA,https://wsrv.nl/?url=https%3A%2F%2Fcdn.photos.sparkplatform.com%2Fgps%2F20260417224712301943000000-o.jpg&w=1200&output=jpg&q=80,"$429,999",Indio,Single Family Home,For Sale,"51538 Golden Eagle DR, Indio, CA 92201, CA",This Aria floor plan is s,Trilogy Polo Club; 1294 sqft
1180759202,3BR Condo in Palm Desert,https://bradschmett.com/listing-detail/1180759202/775-Box-Canyon-TRL-Palm-Desert-CA,https://wsrv.nl/?url=https%3A%2F%2Fcdn.photos.sparkplatform.com%2Fgps%2F20260427194308856325000000-o.jpg&w=1200&output=jpg&q=80,"$1,300,000",Palm Desert,Condo,For Sale,"775 Box Canyon TRL, Palm Desert, CA 92211, CA",Reimagined and completely,Indian Ridge; 1903 sqft
1180759200,Vacant Land in La Quinta,https://bradschmett.com/listing-detail/1180759200/52065-Avenida-Navarro-La-Quinta-CA,https://wsrv.nl/?url=https%3A%2F%2Fcdn.photos.sparkplatform.com%2Fgps%2F20260417210750107836000000-o.jpg&w=1200&output=jpg&q=80,"$210,000",La Quinta,Vacant Land,For Sale,"52065 Avenida Navarro, La Quinta, CA 92253, CA",Vacant lot in La Quinta w,La Quinta Cove
1180751626,3BR Single Family Home,https://bradschmett.com/listing-detail/1180751626/75414-Palm-Shadow-DR-Indian-Wells-CA,https://wsrv.nl/?url=https%3A%2F%2Fcdn.photos.sparkplatform.com%2Fgps%2F20260417213627721002000000-o.jpg&w=1200&output=jpg&q=80,"$1,679,000",Indian Wells,Single Family Home,For Sale,"75414 Palm Shadow DR, Indian Wells, CA 92210, CA",Indian Wells: **Open This,2894 sqft
1180750374,3BR Single Family Home,https://bradschmett.com/listing-detail/1180750374/29-Stanford-DR-Rancho-Mirage-CA,https://wsrv.nl/?url=https%3A%2F%2Fcdn.photos.sparkplatform.com%2Fgps%2F20260417204656964687000000-o.jpg&w=1200&output=jpg&q=80,"$1,099,000",Rancho Mirage,Single Family Home,For Sale,"29 Stanford DR, Rancho Mirage, CA 92270, CA",Welcome to this beautiful,The Springs Country Club; 2517 sqft
1180747322,2BR Condo in Palm Desert,https://bradschmett.com/listing-detail/1180747322/72532-Edgehill-DR-2-Palm-Desert-CA,https://wsrv.nl/?url=https%3A%2F%2Fcdn.photos.sparkplatform.com%2Fgps%2F20260416215642894154000000-o.jpg&w=1200&output=jpg&q=80,"$279,000",Palm Desert,Condo,For Sale,"72532 Edgehill DR #2, Palm Desert, CA 92260, CA",Welcome to Indian Creek V,Indian Creek Villas; 840 sqft
1180768296,Vacant Land,https://bradschmett.com/listing-detail/1180768296/0-Palm-DR-Desert-Hot-Springs-CA,https://tamdrashtri.github.io/brad-schmett-remarketing/images/1180768296.jpg,"$399,900",Desert Hot Springs,Vacant Land,For Sale,"0 Palm DR, Desert Hot Springs, CA 92240, CA",Prime 10-acre vacant land,
1180744209,3BR Single Family Home,https://bradschmett.com/listing-detail/1180744209/82627-Sky-View-LN-Indio-CA,https://wsrv.nl/?url=https%3A%2F%2Fcdn.photos.sparkplatform.com%2Fgps%2F20260417201924043169000000-o.jpg&w=1200&output=jpg&q=80,"$555,000",Indio,Single Family Home,For Sale,"82627 Sky View LN, Indio, CA 92201, CA","An immaculate 3 B/R, 2Bat",Indian Palms; 1833 sqft
1180742734,4BR Single Family Home,https://bradschmett.com/listing-detail/1180742734/1815-W-Nicola-RD-Palm-Springs-CA,https://wsrv.nl/?url=https%3A%2F%2Fcdn.photos.sparkplatform.com%2Fgps%2F20260417200010312252000000-o.jpg&w=1200&output=jpg&q=80,"$1,050,000",Palm Springs,Single Family Home,For Sale,"1815 W Nicola RD, Palm Springs, CA 92262, CA",Palm Springs VIBE is aliv,Desert Park Estates; 1790 sqft
1180765984,3BR Single Family Home,https://bradschmett.com/listing-detail/1180765984/356-W-Cortez-Palm-Springs-CA,https://tamdrashtri.github.io/brad-schmett-remarketing/images/1180765984.jpg,"$799,000",Palm Springs,Single Family Home,For Sale,"356 W Cortez, Palm Springs, CA 92262, CA",Welcome to this stunning ,1249 sqft
1180736248,3BR Single Family Home,https://bradschmett.com/listing-detail/1180736248/7-Wesleyan-CT-Rancho-Mirage-CA,https://wsrv.nl/?url=https%3A%2F%2Fcdn.photos.sparkplatform.com%2Fgps%2F20260417184559201329000000-o.jpg&w=1200&output=jpg&q=80,"$1,775,000",Rancho Mirage,Single Family Home,For Sale,"7 Wesleyan CT, Rancho Mirage, CA 92270, CA",Stunning south-facing des,The Springs Country Club; 2797 sqft
1180765668,2BR Condo in Palm Springs,https://bradschmett.com/listing-detail/1180765668/501-Desert-Lakes-CIR-Palm-Springs-CA,https://tamdrashtri.github.io/brad-schmett-remarketing/images/1180765668.jpg,"$695,000",Palm Springs,Condo,For Sale,"501 Desert Lakes CIR, Palm Springs, CA 92264, CA","Welcome to ""Seven Lakes G",1778 sqft
1180732849,2BR Condo,https://bradschmett.com/listing-detail/1180732849/79374-Montego-Bay-DR-Bermuda-Dunes-CA,https://wsrv.nl/?url=https%3A%2F%2Fcdn.photos.sparkplatform.com%2Fgps%2F20260325153802551084000000-o.jpg&w=1200&output=jpg&q=80,"$468,000",Bermuda Dunes,Condo,For Sale,"79374 Montego Bay DR, Bermuda Dunes, CA 92203, CA",Unique opportunity to own,Bdcc Country; 2608 sqft
1180764638,1BR Condo in Palm Springs,https://bradschmett.com/listing-detail/1180764638/1371-Sunflower-S-Palm-Springs-CA,https://tamdrashtri.github.io/brad-schmett-remarketing/images/1180764638.jpg,"$159,900",Palm Springs,Condo,For Sale,"1371 Sunflower S, Palm Springs, CA 92262, CA",Welcome to your desert re,Sunrise Palms (33130); 583 sqft
1180727880,2BR Condo in Palm Springs,https://bradschmett.com/listing-detail/1180727880/5301-E-Waverly-DR-140-Palm-Springs-CA,https://wsrv.nl/?url=https%3A%2F%2Fcdn.photos.sparkplatform.com%2Fgps%2F20260417001355027694000000-o.jpg&w=1200&output=jpg&q=80,"$284,900",Palm Springs,Condo,For Sale,"5301 E Waverly DR #140, Palm Springs, CA 92264, CA",Top Floor Updated Condo w,Palm Canyon Villas; 979 sqft
1180763779,3BR Manufactured Home,https://bradschmett.com/listing-detail/1180763779/193-Avenida-Orontes-Cathedral-City-CA,https://tamdrashtri.github.io/brad-schmett-remarketing/images/1180763779.jpg,"$199,987",Cathedral City,Manufactured Home,For Sale,"193 Avenida Orontes, Cathedral City, CA 92234, CA",Step into resort-style li,Date Palm Country Club (33613); 1836 sqft
1180724874,3BR Single Family Home,https://bradschmett.com/listing-detail/1180724874/48124-Chandler-CT-Indio-CA,https://wsrv.nl/?url=https%3A%2F%2Fcdn.photos.sparkplatform.com%2Fgps%2F20260417171517283343000000-o.jpg&w=1200&output=jpg&q=80,"$710,000",Indio,Single Family Home,For Sale,"48124 Chandler CT, Indio, CA 92201, CA",Here is the dream home yo,Bella Vida; 1976 sqft
1180761816,Vacant Land,https://bradschmett.com/listing-detail/1180761816/12685-Eliseo-Desert-Hot-Springs-CA,https://tamdrashtri.github.io/brad-schmett-remarketing/images/1180761816.jpg,"$39,000",Desert Hot Springs,Vacant Land,For Sale,"12685 Eliseo, Desert Hot Springs, CA 92240, CA",Located in the heart of M,Not In A Development
1180721880,1BR Condo in Palm Springs,https://bradschmett.com/listing-detail/1180721880/400-N-Sunrise-WAY-136-Palm-Springs-CA,https://wsrv.nl/?url=https%3A%2F%2Fcdn.photos.sparkplatform.com%2Fgps%2F20260417163736464176000000-o.jpg&w=1200&output=jpg&q=80,"$247,000",Palm Springs,Condo,For Sale,"400 N Sunrise WAY #136, Palm Springs, CA 92262, CA",Step into your Palm Sprin,Catalina Grove; 850 sqft
1180721879,3BR Single Family Home,https://bradschmett.com/listing-detail/1180721879/67690-Peineta-RD-Cathedral-City-CA,https://wsrv.nl/?url=https%3A%2F%2Fcdn.photos.sparkplatform.com%2Fgps%2F20260417154922567819000000-o.jpg&w=1200&output=jpg&q=80,"$439,000",Cathedral City,Single Family Home,For Sale,"67690 Peineta RD, Cathedral City, CA 92234, CA",Motivated seller--don't m,Rio Vista; 1702 sqft
1180718601,2BR Single Family Home,https://bradschmett.com/listing-detail/1180718601/52260-Desert-Spoon-CT-La-Quinta-CA,https://wsrv.nl/?url=https%3A%2F%2Fcdn.photos.sparkplatform.com%2Fgps%2F20260417021805442078000000-o.jpg&w=1200&output=jpg&q=80,"$424,900",La Quinta,Single Family Home,For Sale,"52260 Desert Spoon CT, La Quinta, CA 92253, CA","Move-in ready, this detac",Codorniz; 1327 sqft
1180717179,4BR Single Family Home,https://bradschmett.com/listing-detail/1180717179/1190-S-Calle-De-Maria-Palm-Springs-CA,https://wsrv.nl/?url=https%3A%2F%2Fcdn.photos.sparkplatform.com%2Fgps%2F20260417154324392977000000-o.jpg&w=1200&output=jpg&q=80,"$2,200,000",Palm Springs,Single Family Home,For Sale,"1190 S Calle De Maria, Palm Springs, CA 92264, CA",An exceptional presentati,Deepwell; 3470 sqft
1180713724,4BR Single Family Home,https://bradschmett.com/listing-detail/1180713724/48291-Panorama-Indio-CA,https://wsrv.nl/?url=https%3A%2F%2Fcdn.photos.sparkplatform.com%2Fgps%2F20260411213030352177000000-o.jpg&w=1200&output=jpg&q=80,"$629,000",Indio,Single Family Home,For Sale,"48291 Panorama, Indio, CA 92201, CA",Wow: This is 4-bedroom 3-,Las Brisas I; 2482 sqft
1180756834,6BR Single Family Home,https://bradschmett.com/listing-detail/1180756834/49098-Pluma-Gris-Coachella-CA,https://tamdrashtri.github.io/brad-schmett-remarketing/images/1180756834.jpg,"$650,000",Coachella,Single Family Home,For Sale,"49098 Pluma Gris, Coachella, CA 92236, CA",Spacious two-story single,2770 sqft
1180712049,4BR Single Family Home,https://bradschmett.com/listing-detail/1180712049/48305-Pic-WAY-Indio-CA,https://wsrv.nl/?url=https%3A%2F%2Fcdn.photos.sparkplatform.com%2Fgps%2F20260417023608236813000000-o.jpg&w=1200&output=jpg&q=80,"$649,000",Indio,Single Family Home,For Sale,"48305 Pic WAY, Indio, CA 92201, CA",Welcome to this stunning ,Indian Palms; 2166 sqft
1180755772,3BR Single Family Home,https://bradschmett.com/listing-detail/1180755772/2-Lake-Tahoe-DR-Rancho-Mirage-CA,https://tamdrashtri.github.io/brad-schmett-remarketing/images/1180755772.jpg,"$949,900",Rancho Mirage,Single Family Home,For Sale,"2 Lake Tahoe DR, Rancho Mirage, CA 92270, CA","The fully furnished, beau",Mission Shores; 2404 sqft
1180756796,4BR Single Family Home,https://bradschmett.com/listing-detail/1180756796/123-Via-Palermo-Cathedral-City-CA,https://tamdrashtri.github.io/brad-schmett-remarketing/images/1180756796.jpg,"$673,490",Cathedral City,Single Family Home,For Sale,"123 Via Palermo, Cathedral City, CA 92234, CA",New Construction - Single,"Le Campanile Collezione, Inc.; 2457 sqft"
1180754720,2BR Single Family Home,https://bradschmett.com/listing-detail/1180754720/39906-Felicita-Pkwy-Palm-Desert-CA,https://tamdrashtri.github.io/brad-schmett-remarketing/images/1180754720.jpg,"$569,900",Palm Desert,Single Family Home,For Sale,"39906 Felicita Pkwy, Palm Desert, CA 92211, CA",Paid Off Solar  Sold Turn,Domani Homeowners Association; 1579 sqft
1180704302,3BR Single Family Home,https://bradschmett.com/listing-detail/1180704302/45010-Aztec-Drive-Indian-Wells-CA,https://wsrv.nl/?url=https%3A%2F%2Fcdn.photos.sparkplatform.com%2Fgps%2F20260416164400196460000000-o.jpg&w=1200&output=jpg&q=80,"$1,150,000",Indian Wells,Single Family Home,For Sale,"45010 Aztec Drive, Indian Wells, CA 92210, CA",Luxury home in the Indian,Indian Wells Country Club; 2378 sqft
1180704296,3BR Condo in Indian Wells,https://bradschmett.com/listing-detail/1180704296/77745-Cherokee-RD-Indian-Wells-CA,https://wsrv.nl/?url=https%3A%2F%2Fcdn.photos.sparkplatform.com%2Fgps%2F20260419003130505098000000-o.jpg&w=1200&output=jpg&q=80,"$1,190,000",Indian Wells,Condo,For Sale,"77745 Cherokee RD, Indian Wells, CA 92210, CA",Welcome to 77745 Cherokee,Indian Wells Country Club; 2307 sqft
1180702956,3BR Single Family Home,https://bradschmett.com/listing-detail/1180702956/2-Vista-Mirage-Way-Rancho-Mirage-CA,https://wsrv.nl/?url=https%3A%2F%2Fcdn.photos.sparkplatform.com%2Fgps%2F20260410162546253810000000-o.jpg&w=1200&output=jpg&q=80,"$725,000",Rancho Mirage,Single Family Home,For Sale,"2 Vista Mirage Way, Rancho Mirage, CA 92270, CA",Special gated enclave of ,Vista Mirage; 2071 sqft
1180700320,3BR Single Family Home,https://bradschmett.com/listing-detail/1180700320/791-S-Calle-Paul-Palm-Springs-CA,https://wsrv.nl/?url=https%3A%2F%2Fcdn.photos.sparkplatform.com%2Fgps%2F20260416140943335034000000-o.jpg&w=1200&output=jpg&q=80,"$879,000",Palm Springs,Single Family Home,For Sale,"791 S Calle Paul, Palm Springs, CA 92264, CA","A crisp, beautifully main",Demuth Park; 1738 sqft
1180740937,4BR Single Family Home,https://bradschmett.com/listing-detail/1180740937/1286-Arctic-AVE-Thermal-CA,https://tamdrashtri.github.io/brad-schmett-remarketing/images/1180740937.jpg,"$315,000",Thermal,Single Family Home,For Sale,"1286 Arctic AVE, Thermal, CA 92274, CA",Renovated and move-in rea,Vista Santa Rosa (31601); 1259 sqft
1180737609,3BR Manufactured Home,https://bradschmett.com/listing-detail/1180737609/27-Via-Valverde-Cathedral-City-CA,https://tamdrashtri.github.io/brad-schmett-remarketing/images/1180737609.jpg,"$229,900",Cathedral City,Manufactured Home,For Sale,"27 Via Valverde, Cathedral City, CA 92234, CA",This practically brand-ne,Date Palm Country Cl; 1622 sqft
1180734197,2BR Manufactured Home,https://bradschmett.com/listing-detail/1180734197/17800-Langois-RD-22-Desert-Hot-Springs-CA,https://tamdrashtri.github.io/brad-schmett-remarketing/images/1180734197.jpg,"$100,000",Desert Hot Springs,Manufactured Home,For Sale,"17800 Langois RD #22, Desert Hot Springs, CA 92241, CA","Bright, move-in ready 2 b",Sparkling Water; 1000 sqft
1180730965,3BR Condo in Palm Desert,https://bradschmett.com/listing-detail/1180730965/72765-Fleetwood-Palm-Desert-CA,https://tamdrashtri.github.io/brad-schmett-remarketing/images/1180730965.jpg,"$545,900",Palm Desert,Condo,For Sale,"72765 Fleetwood, Palm Desert, CA 92260, CA",Single Story End unit 3 b,Monterey Sands (32252); 1736 sqft
1180729383,2BR Condo in Palm Desert,https://bradschmett.com/listing-detail/1180729383/40513-Bay-Hill-WAY-Palm-Desert-CA,https://tamdrashtri.github.io/brad-schmett-remarketing/images/1180729383.jpg,"$338,000",Palm Desert,Condo,For Sale,"40513 Bay Hill WAY, Palm Desert, CA 92211, CA",Perfectly positioned with,Palm Desert Resort Country Club; 938 sqft
1180695489,3BR Single Family Home,https://bradschmett.com/listing-detail/1180695489/48710-Paisano-RD-Palm-Desert-CA,https://wsrv.nl/?url=https%3A%2F%2Fcdn.photos.sparkplatform.com%2Fgps%2F20260414192628146215000000-o.jpg&w=1200&output=jpg&q=80,"$4,390,000",Palm Desert,Single Family Home,For Sale,"48710 Paisano RD, Palm Desert, CA 92260, CA",Minutes from downtowns fa,Cahuilla Hills; 4297 sqft
1180726021,4BR Single Family Home,https://bradschmett.com/listing-detail/1180726021/67510-Rio-Vista-DR-Cathedral-City-CA,https://tamdrashtri.github.io/brad-schmett-remarketing/images/1180726021.jpg,"$489,000",Cathedral City,Single Family Home,For Sale,"67510 Rio Vista DR, Cathedral City, CA 92234, CA",4 bedroom 3 bath at Veran,Verano; 1694 sqft
1180724670,2BR Condo in Palm Desert,https://bradschmett.com/listing-detail/1180724670/76591-Rudy-CT-Palm-Desert-CA,https://tamdrashtri.github.io/brad-schmett-remarketing/images/1180724670.jpg,"$395,000",Palm Desert,Condo,For Sale,"76591 Rudy CT, Palm Desert, CA 92211, CA",Welcome to 76591 Rudy Ct ,Oasis Country Club (32414); 1291 sqft
1180716898,2BR Condo in Palm Desert,https://bradschmett.com/listing-detail/1180716898/72299-Blueridge-CT-Palm-Desert-CA,https://tamdrashtri.github.io/brad-schmett-remarketing/images/1180716898.jpg,"$467,500",Palm Desert,Condo,For Sale,"72299 Blueridge CT, Palm Desert, CA 92260, CA",Beautifully remodeled S P,Sommerset Homeowners; 1320 sqft
1180716876,3BR Single Family Home,https://bradschmett.com/listing-detail/1180716876/11900-Verbena-DR-Desert-Hot-Springs-CA,https://tamdrashtri.github.io/brad-schmett-remarketing/images/1180716876.jpg,"$445,000",Desert Hot Springs,Single Family Home,For Sale,"11900 Verbena DR, Desert Hot Springs, CA 92240, CA",The house is located in a,Hacienda Heights (34010); 1134 sqft
1180716896,3BR Condo in Palm Desert,https://bradschmett.com/listing-detail/1180716896/461-Paseo-Del-Corazon-Palm-Desert-CA,https://tamdrashtri.github.io/brad-schmett-remarketing/images/1180716896.jpg,"$595,000",Palm Desert,Condo,For Sale,"461 Paseo Del Corazon, Palm Desert, CA 92211, CA",Set along one of the most,Spanish Walk (32427); 2468 sqft
1180715320,3BR Single Family Home,https://bradschmett.com/listing-detail/1180715320/68699-Pasada-Cathedral-City-CA,https://tamdrashtri.github.io/brad-schmett-remarketing/images/1180715320.jpg,"$500,000",Cathedral City,Single Family Home,For Sale,"68699 Pasada, Cathedral City, CA 92234, CA",This single level home si,La Pasada (33540); 1680 sqft
1180694041,3BR Single Family Home,https://bradschmett.com/listing-detail/1180694041/53965-Avenida-Madero-La-Quinta-CA,https://wsrv.nl/?url=https%3A%2F%2Fcdn.photos.sparkplatform.com%2Fgps%2F20260416173344088560000000-o.jpg&w=1200&output=jpg&q=80,"$644,000",La Quinta,Single Family Home,For Sale,"53965 Avenida Madero, La Quinta, CA 92253, CA",Welcome to upper La Quint,La Quinta Cove; 1816 sqft
1180694042,4BR Single Family Home,https://bradschmett.com/listing-detail/1180694042/55015-Riviera-La-Quinta-CA,https://wsrv.nl/?url=https%3A%2F%2Fcdn.photos.sparkplatform.com%2Fgps%2F20260416211219476816000000-o.jpg&w=1200&output=jpg&q=80,"$1,699,000",La Quinta,Single Family Home,For Sale,"55015 Riviera, La Quinta, CA 92253, CA",Experience elevated deser,Pga Palmer Private; 3038 sqft
1180696216,2BR Manufactured Home,https://bradschmett.com/listing-detail/1180696216/18555-Roberts-RD-8-Desert-Hot-Springs-CA,https://tamdrashtri.github.io/brad-schmett-remarketing/images/1180696216.jpg,"$54,900",Desert Hot Springs,Manufactured Home,For Sale,"18555 Roberts RD #8, Desert Hot Springs, CA 92241, CA",Welcome home to Desert Vi,Not In A Development; 800 sqft
1180689300,4BR Single Family Home,https://bradschmett.com/listing-detail/1180689300/41311-Villa-Terracina-Indio-CA,https://wsrv.nl/?url=https%3A%2F%2Fcdn.photos.sparkplatform.com%2Fgps%2F20260417031446629594000000-o.jpg&w=1200&output=jpg&q=80,"$555,000",Indio,Single Family Home,For Sale,"41311 Villa Terracina, Indio, CA 92203, CA",Welcome to 41311 Villa Te,Palazzo; 2460 sqft
1180684690,3BR Single Family Home,https://bradschmett.com/listing-detail/1180684690/11565-Ambrosio-DR-Desert-Hot-Springs-CA,https://wsrv.nl/?url=https%3A%2F%2Fcdn.photos.sparkplatform.com%2Fgps%2F20260417201445001701000000-o.jpg&w=1200&output=jpg&q=80,"$235,000",Desert Hot Springs,Single Family Home,For Sale,"11565 Ambrosio DR, Desert Hot Springs, CA 92240, CA","3 Bedroom, 2 Bathroom hom",1739 sqft
1180681855,2BR Single Family Home,https://bradschmett.com/listing-detail/1180681855/78553-Hampshire-AVE-Palm-Desert-CA,https://wsrv.nl/?url=https%3A%2F%2Fcdn.photos.sparkplatform.com%2Fgps%2F20260415164923570613000000-o.jpg&w=1200&output=jpg&q=80,"$409,000",Palm Desert,Single Family Home,For Sale,"78553 Hampshire AVE, Palm Desert, CA 92211, CA",Sun City Palm Desert - Pa,Sun City; 1110 sqft
1180681854,2BR Manufactured Home,https://bradschmett.com/listing-detail/1180681854/92-Armenia-DR-Cathedral-City-CA,https://wsrv.nl/?url=https%3A%2F%2Fcdn.photos.sparkplatform.com%2Fgps%2F20260415223001698375000000-o.jpg&w=1200&output=jpg&q=80,"$229,900",Cathedral City,Manufactured Home,For Sale,"92 Armenia DR, Cathedral City, CA 92234, CA",Did you ever wonder how c,The Canyon; 1440 sqft
1180680668,Vacant Land,https://bradschmett.com/listing-detail/1180680668/0-Palm-DR-Desert-Hot-Springs-CA,https://wsrv.nl/?url=https%3A%2F%2Fcdn.photos.sparkplatform.com%2Fgps%2F20260417003859571205000000-o.jpg&w=1200&output=jpg&q=80,"$49,000",Desert Hot Springs,Vacant Land,For Sale,"0 Palm DR, Desert Hot Springs, CA 92240, CA",Prime Commercial Lot in D,
1180680670,2BR Condo in La Quinta,https://bradschmett.com/listing-detail/1180680670/54467-Shoal-CRK-La-Quinta-CA,https://wsrv.nl/?url=https%3A%2F%2Fcdn.photos.sparkplatform.com%2Fgps%2F20260417000513202798000000-o.jpg&w=1200&output=jpg&q=80,"$650,000",La Quinta,Condo,For Sale,"54467 Shoal CRK, La Quinta, CA 92253, CA",Welcome to an exceptional,Pga Palmer Private; 1549 sqft
1180679213,3BR Single Family Home,https://bradschmett.com/listing-detail/1180679213/3096-N-Greg-CIR-Palm-Springs-CA,https://wsrv.nl/?url=https%3A%2F%2Fcdn.photos.sparkplatform.com%2Fgps%2F20260415234017023019000000-o.jpg&w=1200&output=jpg&q=80,"$750,000",Palm Springs,Single Family Home,For Sale,"3096 N Greg CIR, Palm Springs, CA 92262, CA",Tucked away at the end of,Desert Park Estates; 1890 sqft
1180678482,3BR Single Family Home,https://bradschmett.com/listing-detail/1180678482/39-Mount-Holyoke-DR-Rancho-Mirage-CA,https://wsrv.nl/?url=https%3A%2F%2Fcdn.photos.sparkplatform.com%2Fgps%2F20260416170949134651000000-o.jpg&w=1200&output=jpg&q=80,"$1,495,000",Rancho Mirage,Single Family Home,For Sale,"39 Mount Holyoke DR, Rancho Mirage, CA 92270, CA",Don't miss this rare oppo,The Springs Country Club; 3148 sqft
1180677149,3BR Condo in Palm Springs,https://bradschmett.com/listing-detail/1180677149/2726-Sunrise-Sonata-LN-Palm-Springs-CA,https://wsrv.nl/?url=https%3A%2F%2Fcdn.photos.sparkplatform.com%2Fgps%2F20260416234230311180000000-o.jpg&w=1200&output=jpg&q=80,"$910,000",Palm Springs,Condo,For Sale,"2726 Sunrise Sonata LN, Palm Springs, CA 92262, CA",Where the cool people liv,Vibe; 1940 sqft
1180674416,3BR Condo,https://bradschmett.com/listing-detail/1180674416/37-Colonial-DR-Rancho-Mirage-CA,https://wsrv.nl/?url=https%3A%2F%2Fcdn.photos.sparkplatform.com%2Fgps%2F20260416215215153724000000-o.jpg&w=1200&output=jpg&q=80,"$559,500",Rancho Mirage,Condo,For Sale,"37 Colonial DR, Rancho Mirage, CA 92270, CA",Positioned in the highly ,Mission Hills East/Deane Homes; 1620 sqft
1180692022,Vacant Land in Thermal,https://bradschmett.com/listing-detail/1180692022/2060-Jefferson-AVE-Thermal-CA,https://tamdrashtri.github.io/brad-schmett-remarketing/images/1180692022.jpg,"$199,999",Thermal,Vacant Land,For Sale,"2060 Jefferson AVE, Thermal, CA 92274, CA",Prime Commercial Vacant L,Salton Sea
1180667818,4BR Single Family Home,https://bradschmett.com/listing-detail/1180667818/74114-Cosmopolitan-LN-Palm-Desert-CA,https://wsrv.nl/?url=https%3A%2F%2Fcdn.photos.sparkplatform.com%2Fgps%2F20260416202534181122000000-o.jpg&w=1200&output=jpg&q=80,"$1,150,000",Palm Desert,Single Family Home,For Sale,"74114 Cosmopolitan LN, Palm Desert, CA 92211, CA",Palm Desert Signature Ser,3003 sqft
1180691185,4BR Single Family Home,https://bradschmett.com/listing-detail/1180691185/1433-N-Fiesta-RD-Palm-Springs-CA,https://tamdrashtri.github.io/brad-schmett-remarketing/images/1180691185.jpg,"$1,399,000",Palm Springs,Single Family Home,For Sale,"1433 N Fiesta RD, Palm Springs, CA 92262, CA",1433 N Fiesta Road blends,El Mirador; 2196 sqft
1180691189,3BR Single Family Home,https://bradschmett.com/listing-detail/1180691189/4239-Indigo-ST-Palm-Springs-CA,https://tamdrashtri.github.io/brad-schmett-remarketing/images/1180691189.jpg,"$1,095,000",Palm Springs,Single Family Home,For Sale,"4239 Indigo ST, Palm Springs, CA 92262, CA",Set within the gated comm,Escena; 1984 sqft
1180666394,2BR Condo,https://bradschmett.com/listing-detail/1180666394/68390-Calle-Barcelona-Cathedral-City-CA,https://wsrv.nl/?url=https%3A%2F%2Fcdn.photos.sparkplatform.com%2Fgps%2F20260416194522406279000000-o.jpg&w=1200&output=jpg&q=80,"$358,000",Cathedral City,Condo,For Sale,"68390 Calle Barcelona, Cathedral City, CA 92234, CA",Nicely updated end unit i,Cathedral Canyon Country Club; 1371 sqft
1180690814,Commercial in Thermal,https://bradschmett.com/listing-detail/1180690814/2086-Loop-DR-Thermal-CA,https://tamdrashtri.github.io/brad-schmett-remarketing/images/1180690814.jpg,"$250,000",Thermal,Commercial,For Sale,"2086 Loop DR, Thermal, CA 92274, CA",Prime commercial developm,
1180664559,2BR Condo,https://bradschmett.com/listing-detail/1180664559/147-Desert-West-DR-Rancho-Mirage-CA,https://wsrv.nl/?url=https%3A%2F%2Fcdn.photos.sparkplatform.com%2Fgps%2F20260416194524892078000000-o.jpg&w=1200&output=jpg&q=80,"$599,000",Rancho Mirage,Condo,For Sale,"147 Desert West DR, Rancho Mirage, CA 92270, CA",Completely redesigned by ,Mission Hills Country Club; 1984 sqft
1180664558,3BR Single Family Home,https://bradschmett.com/listing-detail/1180664558/1574-S-Via-Soledad-Palm-Springs-CA,https://wsrv.nl/?url=https%3A%2F%2Fcdn.photos.sparkplatform.com%2Fgps%2F20260416195833459956000000-o.jpg&w=1200&output=jpg&q=80,"$1,340,000",Palm Springs,Single Family Home,For Sale,"1574 S Via Soledad, Palm Springs, CA 92264, CA",Beautifully updated 1951 ,Tahquitz River Estates; 1562 sqft
1180664561,2BR Manufactured Home,https://bradschmett.com/listing-detail/1180664561/73450-Country-Club-DR-284-Palm-Desert-CA,https://wsrv.nl/?url=https%3A%2F%2Fcdn.photos.sparkplatform.com%2Fgps%2F20260416190344892844000000-o.jpg&w=1200&output=jpg&q=80,"$224,000",Palm Desert,Manufactured Home,For Sale,"73450 Country Club DR #284, Palm Desert, CA 92260, CA","Experience bright, open l",Suncrest Country Club; 1920 sqft
1180690282,Vacant Land in Thermal,https://bradschmett.com/listing-detail/1180690282/2086-Loop-DR-Thermal-CA,https://tamdrashtri.github.io/brad-schmett-remarketing/images/1180690282.jpg,"$250,000",Thermal,Vacant Land,For Sale,"2086 Loop DR, Thermal, CA 92274, CA",Positioned in the heart o,Salton Sea
1180662961,3BR Single Family Home,https://bradschmett.com/listing-detail/1180662961/78810-Adesso-WAY-Palm-Desert-CA,https://wsrv.nl/?url=https%3A%2F%2Fcdn.photos.sparkplatform.com%2Fgps%2F20260417051326198877000000-o.jpg&w=1200&output=jpg&q=80,"$475,000",Palm Desert,Single Family Home,For Sale,"78810 Adesso WAY, Palm Desert, CA 92211, CA","Comfortable, Low Maintena",Domani; 1909 sqft
1180661481,3BR Single Family Home,https://bradschmett.com/listing-detail/1180661481/319-Via-Napoli-Cathedral-City-CA,https://wsrv.nl/?url=https%3A%2F%2Fcdn.photos.sparkplatform.com%2Fgps%2F20260416011752136787000000-o.jpg&w=1200&output=jpg&q=80,"$619,000",Cathedral City,Single Family Home,For Sale,"319 Via Napoli, Cathedral City, CA 92234, CA","Open, bright, and absolut",Campanile; 2087 sqft
1180661482,2BR Single Family Home,https://bradschmett.com/listing-detail/1180661482/41530-Calle-Pueblo-Indio-CA,https://wsrv.nl/?url=https%3A%2F%2Fcdn.photos.sparkplatform.com%2Fgps%2F20260415003648393763000000-o.jpg&w=1200&output=jpg&q=80,"$429,000",Indio,Single Family Home,For Sale,"41530 Calle Pueblo, Indio, CA 92203, CA",Welcome to 41530 Calle Pu,Sun City Shadow Hills; 1450 sqft
1180688805,Vacant Land in Thermal,https://bradschmett.com/listing-detail/1180688805/1221-Riviera-CIR-Thermal-CA,https://tamdrashtri.github.io/brad-schmett-remarketing/images/1180688805.jpg,"$14,999",Thermal,Vacant Land,For Sale,"1221 Riviera CIR, Thermal, CA 92274, CA",Prime residential vacant ,Salton Sea
1180688962,Vacant Land in Thermal,https://bradschmett.com/listing-detail/1180688962/2902-Leto-Thermal-CA,https://tamdrashtri.github.io/brad-schmett-remarketing/images/1180688962.jpg,"$9,999",Thermal,Vacant Land,For Sale,"2902 Leto, Thermal, CA 92274, CA",Prime residential vacant ,Salton Sea City Area
1180658257,2BR Single Family Home,https://bradschmett.com/listing-detail/1180658257/51270-N-Two-Palms-WAY-Indio-CA,https://wsrv.nl/?url=https%3A%2F%2Fcdn.photos.sparkplatform.com%2Fgps%2F20260416193615115260000000-o.jpg&w=1200&output=jpg&q=80,"$574,000",Indio,Single Family Home,For Sale,"51270 N Two Palms WAY, Indio, CA 92201, CA",Fully Furnished...Pristin,Trilogy Polo Club; 1623 sqft
1180656660,3BR Single Family Home,https://bradschmett.com/listing-detail/1180656660/44732-Elkhorn-TRL-Indian-Wells-CA,https://wsrv.nl/?url=https%3A%2F%2Fcdn.photos.sparkplatform.com%2Fgps%2F20260416174703419754000000-o.jpg&w=1200&output=jpg&q=80,"$749,900",Indian Wells,Single Family Home,For Sale,"44732 Elkhorn TRL, Indian Wells, CA 92210, CA",,Indian Wells Village; 1773 sqft
1180653096,1BR Condo in Palm Springs,https://bradschmett.com/listing-detail/1180653096/1415-N-Sunrise-WAY-55-Palm-Springs-CA,https://wsrv.nl/?url=https%3A%2F%2Fcdn.photos.sparkplatform.com%2Fgps%2F20260416183847612526000000-o.jpg&w=1200&output=jpg&q=80,"$239,000",Palm Springs,Condo,For Sale,"1415 N Sunrise WAY #55, Palm Springs, CA 92262, CA","Views, location, and you ",Ranch Club Estados; 771 sqft
1180653095,4BR Single Family Home,https://bradschmett.com/listing-detail/1180653095/33450-Cathedral-Canyon-DR-Cathedral-City-CA,https://wsrv.nl/?url=https%3A%2F%2Fcdn.photos.sparkplatform.com%2Fgps%2F20260416191140907678000000-o.jpg&w=1200&output=jpg&q=80,"$679,000",Cathedral City,Single Family Home,For Sale,"33450 Cathedral Canyon DR, Cathedral City, CA 92234, CA",- Stunning new constructi,1740 sqft
1180653094,Vacant Land in Indio,https://bradschmett.com/listing-detail/1180653094/40937-Lake-View-Lot-33-DR-Indio-CA,https://wsrv.nl/?url=https%3A%2F%2Fcdn.photos.sparkplatform.com%2Fgps%2F20260416190728074042000000-o.jpg&w=1200&output=jpg&q=80,"$1,425,000",Indio,Vacant Land,For Sale,"40937 Lake View - Lot 33 DR, Indio, CA 92203, CA",Shadow Lake Estates offer,Shadow Lake Estates
1180651096,2BR Condo in Indian Wells,https://bradschmett.com/listing-detail/1180651096/46560-Arapahoe-CIR-B-Indian-Wells-CA,https://wsrv.nl/?url=https%3A%2F%2Fcdn.photos.sparkplatform.com%2Fgps%2F20260416185953183083000000-o.jpg&w=1200&output=jpg&q=80,"$389,000",Indian Wells,Condo,For Sale,"46560 Arapahoe CIR #B, Indian Wells, CA 92210, CA",Experience true desert lu,Mountain Cove; 1446 sqft
1180649546,4BR Single Family Home,https://bradschmett.com/listing-detail/1180649546/76401-Via-Sovana-Indian-Wells-CA,https://wsrv.nl/?url=https%3A%2F%2Fcdn.photos.sparkplatform.com%2Fgps%2F20260415172719070315000000-o.jpg&w=1200&output=jpg&q=80,"$4,995,000",Indian Wells,Single Family Home,For Sale,"76401 Via Sovana, Indian Wells, CA 92210, CA",Set along the 7th hole of,Toscana Country Club; 4278 sqft
1180649483,2BR Manufactured Home,https://bradschmett.com/listing-detail/1180649483/244-Settles-DR-Cathedral-City-CA,https://wsrv.nl/?url=https%3A%2F%2Fcdn.photos.sparkplatform.com%2Fgps%2F20260416181555561061000000-o.jpg&w=1200&output=jpg&q=80,"$140,000",Cathedral City,Manufactured Home,For Sale,"244 Settles DR, Cathedral City, CA 92234, CA","Welcome to The Canyon, a ",The Canyon; 1440 sqft
1180647926,3BR Manufactured Home,https://bradschmett.com/listing-detail/1180647926/38668-Fawn-Springs-DR-Palm-Desert-CA,https://wsrv.nl/?url=https%3A%2F%2Fcdn.photos.sparkplatform.com%2Fgps%2F20260416181153067552000000-o.jpg&w=1200&output=jpg&q=80,"$420,000",Palm Desert,Manufactured Home,For Sale,"38668 Fawn Springs DR, Palm Desert, CA 92260, CA",Turnkey Palm Desert Livin,Palm Desert Greens; 1600 sqft
1180647924,2BR Condo in Indian Wells,https://bradschmett.com/listing-detail/1180647924/46552-Arapahoe-CIR-Indian-Wells-CA,https://wsrv.nl/?url=https%3A%2F%2Fcdn.photos.sparkplatform.com%2Fgps%2F20260415234029209027000000-o.jpg&w=1200&output=jpg&q=80,"$549,000",Indian Wells,Condo,For Sale,"46552 Arapahoe CIR, Indian Wells, CA 92210, CA",Welcome to Mountain Cove ,Mountain Cove; 1464 sqft
1180646344,3BR Condo in Palm Desert,https://bradschmett.com/listing-detail/1180646344/38858-Lobelia-CIR-Palm-Desert-CA,https://wsrv.nl/?url=https%3A%2F%2Fcdn.photos.sparkplatform.com%2Fgps%2F20260416174036889199000000-o.jpg&w=1200&output=jpg&q=80,"$540,000",Palm Desert,Condo,For Sale,"38858 Lobelia CIR, Palm Desert, CA 92211, CA","Location, Location! This ",Palm Valley Country Club; 1673 sqft
1180646345,2BR Condo,https://bradschmett.com/listing-detail/1180646345/78650-Avenue-42-1901-Bermuda-Dunes-CA,https://wsrv.nl/?url=https%3A%2F%2Fcdn.photos.sparkplatform.com%2Fgps%2F20260416040502267539000000-o.jpg&w=1200&output=jpg&q=80,"$260,000",Bermuda Dunes,Condo,For Sale,"78650 Avenue 42 #1901, Bermuda Dunes, CA 92203, CA",This ground-level condo b,Saddleback; 960 sqft
1180682291,2BR Condo in Palm Desert,https://bradschmett.com/listing-detail/1180682291/238-Paseo-Gregario-Palm-Desert-CA,https://tamdrashtri.github.io/brad-schmett-remarketing/images/1180682291.jpg,"$425,000",Palm Desert,Condo,For Sale,"238 Paseo Gregario, Palm Desert, CA 92211, CA",First time on the market!,Spanish Walk (32427); 1270 sqft
1180642587,3BR Single Family Home,https://bradschmett.com/listing-detail/1180642587/79715-Mandarina-La-Quinta-CA,https://wsrv.nl/?url=https%3A%2F%2Fcdn.photos.sparkplatform.com%2Fgps%2F20260415205835081925000000-o.jpg&w=1200&output=jpg&q=80,"$1,299,000",La Quinta,Single Family Home,For Sale,"79715 Mandarina, La Quinta, CA 92253, CA",Welcome to 79715 Mandarin,The Citrus; 2561 sqft
1180639044,3BR Condo in Palm Desert,https://bradschmett.com/listing-detail/1180639044/111-Conejo-CIR-Palm-Desert-CA,https://wsrv.nl/?url=https%3A%2F%2Fcdn.photos.sparkplatform.com%2Fgps%2F20260415232359256010000000-o.jpg&w=1200&output=jpg&q=80,"$785,000",Palm Desert,Condo,For Sale,"111 Conejo CIR, Palm Desert, CA 92260, CA",Experience a masterclass ,Chaparral Country Club; 1759 sqft
1180639045,1BR Manufactured Home,https://bradschmett.com/listing-detail/1180639045/84136-Avenue-44-321-321-Indio-CA,https://wsrv.nl/?url=https%3A%2F%2Fcdn.photos.sparkplatform.com%2Fgps%2F20260416170454625920000000-o.jpg&w=1200&output=jpg&q=80,"$84,500",Indio,Manufactured Home,For Sale,"84136 Avenue 44, #321 #321, Indio, CA 92203, CA",,Rancho Casa Blanca; 400 sqft
1180635632,3BR Condo,https://bradschmett.com/listing-detail/1180635632/230-Kavenish-DR-Rancho-Mirage-CA,https://wsrv.nl/?url=https%3A%2F%2Fcdn.photos.sparkplatform.com%2Fgps%2F20260415225500330200000000-o.jpg&w=1200&output=jpg&q=80,"$699,000",Rancho Mirage,Condo,For Sale,"230 Kavenish DR, Rancho Mirage, CA 92270, CA",Desert living at its fine,Rancho Mirage Country Club; 2372 sqft
1180677022,4BR Single Family Home,https://bradschmett.com/listing-detail/1180677022/9839-9839-Warwick-DR-Desert-Hot-Springs-CA,https://tamdrashtri.github.io/brad-schmett-remarketing/images/1180677022.jpg,"$445,000",Desert Hot Springs,Single Family Home,For Sale,"9839 9839 Warwick DR, Desert Hot Springs, CA 92240, CA",Step into a lifestyle tha,Desert View Estates (34004); 1736 sqft
1180632444,2BR Condo in Palm Springs,https://bradschmett.com/listing-detail/1180632444/261-E-La-Verne-WAY-N-Palm-Springs-CA,https://wsrv.nl/?url=https%3A%2F%2Fcdn.photos.sparkplatform.com%2Fgps%2F20260416141632747230000000-o.jpg&w=1200&output=jpg&q=80,"$474,900",Palm Springs,Condo,For Sale,"261 E La Verne WAY #N, Palm Springs, CA 92264, CA","Absolutely, the most beau",Casa Canyon; 1345 sqft
1180674340,2BR Single Family Home,https://bradschmett.com/listing-detail/1180674340/80437-Inverness-CT-Indio-CA,https://tamdrashtri.github.io/brad-schmett-remarketing/images/1180674340.jpg,"$469,000",Indio,Single Family Home,For Sale,"80437 Inverness CT, Indio, CA 92201, CA",Welcome home. Come see th,Heritage Palms Country Club; 1766 sqft
1180672469,3BR Condo in Palm Springs,https://bradschmett.com/listing-detail/1180672469/2324-Camino-Vida-Palm-Springs-CA,https://tamdrashtri.github.io/brad-schmett-remarketing/images/1180672469.jpg,"$1,425,000",Palm Springs,Condo,For Sale,"2324 Camino Vida, Palm Springs, CA 92264, CA",Discover iconic Palm Spri,Canyon Estates; 2593 sqft
1180672508,3BR Condo in Palm Desert,https://bradschmett.com/listing-detail/1180672508/73131-Ajo-Lane-Palm-Desert-CA,https://tamdrashtri.github.io/brad-schmett-remarketing/images/1180672508.jpg,"$1,015,000",Palm Desert,Condo,For Sale,"73131 Ajo Lane, Palm Desert, CA 92260, CA",Welcome home to this beau,Ironwood Country Club (32317); 2205 sqft
1180672483,3BR Manufactured Home,https://bradschmett.com/listing-detail/1180672483/33540-Barcelona-DR-Thousand-Palms-CA,https://tamdrashtri.github.io/brad-schmett-remarketing/images/1180672483.jpg,"$365,000",Thousand Palms,Manufactured Home,For Sale,"33540 Barcelona DR, Thousand Palms, CA 92276, CA",Welcome to your private d,Tri Palm Estates (32005); 1848 sqft
1180623918,4BR Single Family Home,https://bradschmett.com/listing-detail/1180623918/56200-Riviera-La-Quinta-CA,https://wsrv.nl/?url=https%3A%2F%2Fcdn.photos.sparkplatform.com%2Fgps%2F20260414215212314739000000-o.jpg&w=1200&output=jpg&q=80,"$1,599,000",La Quinta,Single Family Home,For Sale,"56200 Riviera, La Quinta, CA 92253, CA",56200 Riviera | Pga West ,Pga Nicklaus Private; 2986 sqft
1180617410,1BR Condo in La Quinta,https://bradschmett.com/listing-detail/1180617410/50610-Santa-Rosa-PLZ-6-La-Quinta-CA,https://wsrv.nl/?url=https%3A%2F%2Fcdn.photos.sparkplatform.com%2Fgps%2F20260415224415240385000000-o.jpg&w=1200&output=jpg&q=80,"$299,000",La Quinta,Condo,For Sale,"50610 Santa Rosa PLZ #6, La Quinta, CA 92253, CA","Location, Location, Locat",Casitas Las Rosas; 682 sqft
1180617411,3BR Single Family Home,https://bradschmett.com/listing-detail/1180617411/78648-Cabrillo-WAY-La-Quinta-CA,https://wsrv.nl/?url=https%3A%2F%2Fcdn.photos.sparkplatform.com%2Fgps%2F20260416135036893819000000-o.jpg&w=1200&output=jpg&q=80,"$1,595,000",La Quinta,Single Family Home,For Sale,"78648 Cabrillo WAY, La Quinta, CA 92253, CA",Welcome to pristine Ranch,Rancho La Quinta Country Club; 2648 sqft
1180650949,3BR Single Family Home,https://bradschmett.com/listing-detail/1180650949/9251-Brookline-AVE-Desert-Hot-Springs-CA,https://tamdrashtri.github.io/brad-schmett-remarketing/images/1180650949.jpg,"$355,000",Desert Hot Springs,Single Family Home,For Sale,"9251 Brookline AVE, Desert Hot Springs, CA 92240, CA",Welcome!!! A charming lar,Mission Lakes (34101); 1536 sqft
1180633923,3BR Condo in Palm Desert,https://bradschmett.com/listing-detail/1180633923/38354-Crocus-LN-Palm-Desert-CA,https://tamdrashtri.github.io/brad-schmett-remarketing/images/1180633923.jpg,"$1,149,000",Palm Desert,Condo,For Sale,"38354 Crocus LN, Palm Desert, CA 92211, CA",Golf Memberships Availabl,Palm Valley Country Club; 2489 sqft
1180623783,4BR Single Family Home,https://bradschmett.com/listing-detail/1180623783/114-Waterford-CIR-Rancho-Mirage-CA,https://tamdrashtri.github.io/brad-schmett-remarketing/images/1180623783.jpg,"$2,359,000",Rancho Mirage,Single Family Home,For Sale,"114 Waterford CIR, Rancho Mirage, CA 92270, CA",Located within the covete,Waterford; 4783 sqft
1180607600,2BR Condo in Palm Desert,https://bradschmett.com/listing-detail/1180607600/48840-Phlox-PL-Palm-Desert-CA,https://wsrv.nl/?url=https%3A%2F%2Fcdn.photos.sparkplatform.com%2Fgps%2F20260414234859950251000000-o.jpg&w=1200&output=jpg&q=80,"$729,000",Palm Desert,Condo,For Sale,"48840 Phlox PL, Palm Desert, CA 92260, CA",Great mountain views from,Ironwood Country Club; 1271 sqft
1180607599,3BR Single Family Home,https://bradschmett.com/listing-detail/1180607599/74590-Lavender-WAY-Palm-Desert-CA,https://wsrv.nl/?url=https%3A%2F%2Fcdn.photos.sparkplatform.com%2Fgps%2F20260416192122350096000000-o.jpg&w=1200&output=jpg&q=80,"$1,150,000",Palm Desert,Single Family Home,For Sale,"74590 Lavender WAY, Palm Desert, CA 92260, CA",Experience a beautifully ,Canyon Crest; 2599 sqft
1180619320,4BR Single Family Home,https://bradschmett.com/listing-detail/1180619320/368-Oakmont-Palm-Desert-CA,https://tamdrashtri.github.io/brad-schmett-remarketing/images/1180619320.jpg,"$750,000",Palm Desert,Single Family Home,For Sale,"368 Oakmont, Palm Desert, CA 92211, CA",Set behind the private ga,Desert Falls The Links (32407); 2664 sqft
1180604574,2BR Manufactured Home,https://bradschmett.com/listing-detail/1180604574/73411-Pine-Valley-DR-Thousand-Palms-CA,https://wsrv.nl/?url=https%3A%2F%2Fcdn.photos.sparkplatform.com%2Fgps%2F20260416031553244932000000-o.jpg&w=1200&output=jpg&q=80,"$199,900",Thousand Palms,Manufactured Home,For Sale,"73411 Pine Valley DR, Thousand Palms, CA 92276, CA",Welcome to an exceptional,Tri-Palm Estates; 1344 sqft
1180604095,4BR Single Family Home,https://bradschmett.com/listing-detail/1180604095/81855-Vida-Bella-DR-La-Quinta-CA,https://wsrv.nl/?url=https%3A%2F%2Fcdn.photos.sparkplatform.com%2Fgps%2F20260416212417831637000000-o.jpg&w=1200&output=jpg&q=80,"$899,999",La Quinta,Single Family Home,For Sale,"81855 Vida Bella DR, La Quinta, CA 92253, CA",Experience elevated deser,Piazza Serena; 2833 sqft
1180604094,1BR Manufactured Home,https://bradschmett.com/listing-detail/1180604094/84136-Avenue-44-612-Indio-CA,https://wsrv.nl/?url=https%3A%2F%2Fcdn.photos.sparkplatform.com%2Fgps%2F20260416043902898396000000-o.jpg&w=1200&output=jpg&q=80,"$155,000",Indio,Manufactured Home,For Sale,"84136 Avenue 44 #612, Indio, CA 92203, CA",Outstanding 2004 Cavco pa,Rancho Casa Blanca; 400 sqft
1180603138,5BR Single Family Home,https://bradschmett.com/listing-detail/1180603138/82278-Mountain-View-AVE-Indio-CA,https://wsrv.nl/?url=https%3A%2F%2Fcdn.photos.sparkplatform.com%2Fgps%2F20260416031035599980000000-o.jpg&w=1200&output=jpg&q=80,"$440,000",Indio,Single Family Home,For Sale,"82278 Mountain View AVE, Indio, CA 92201, CA",Welcome home to 82278 Mou,North Indio Ranchos; 1955 sqft
1180602807,2BR Condo in Palm Desert,https://bradschmett.com/listing-detail/1180602807/77663-Woodhaven-DR-S-Palm-Desert-CA,https://wsrv.nl/?url=https%3A%2F%2Fcdn.photos.sparkplatform.com%2Fgps%2F20260416033306565608000000-o.jpg&w=1200&output=jpg&q=80,"$375,000",Palm Desert,Condo,For Sale,"77663 Woodhaven DR S, Palm Desert, CA 92211, CA",A really great buy for a ,Woodhaven Country Club; 1392 sqft
1180598054,3BR Single Family Home,https://bradschmett.com/listing-detail/1180598054/9836-El-Mirador-BLVD-Desert-Hot-Springs-CA,https://wsrv.nl/?url=https%3A%2F%2Fcdn.photos.sparkplatform.com%2Fgps%2F20260416012952625179000000-o.jpg&w=1200&output=jpg&q=80,"$380,000",Desert Hot Springs,Single Family Home,For Sale,"9836 El Mirador BLVD, Desert Hot Springs, CA 92240, CA","3-bedroom, 2-bath, pool h",Vista Del Valle; 1134 sqft
1180597447,4BR Single Family Home,https://bradschmett.com/listing-detail/1180597447/67670-Buckboard-Lane-LN-Desert-Hot-Springs-CA,https://wsrv.nl/?url=https%3A%2F%2Fcdn.photos.sparkplatform.com%2Fgps%2F20260415141530362514000000-o.jpg&w=1200&output=jpg&q=80,"$544,900",Desert Hot Springs,Single Family Home,For Sale,"67670 Buckboard Lane LN, Desert Hot Springs, CA 92241, CA",Pool Addition is availabl,1907 sqft
1180596844,3BR Single Family Home,https://bradschmett.com/listing-detail/1180596844/2155-E-Bellamy-RD-Palm-Springs-CA,https://wsrv.nl/?url=https%3A%2F%2Fcdn.photos.sparkplatform.com%2Fgps%2F20260413184519408539000000-o.jpg&w=1200&output=jpg&q=80,"$749,000",Palm Springs,Single Family Home,For Sale,"2155 E Bellamy RD, Palm Springs, CA 92262, CA",Welcome to this 3-bedroom,Desert Park Estates; 1449 sqft
1180594696,2BR Manufactured Home,https://bradschmett.com/listing-detail/1180594696/45-Mirage-DR-Cathedral-City-CA,https://wsrv.nl/?url=https%3A%2F%2Fcdn.photos.sparkplatform.com%2Fgps%2F20260331204015601063000000-o.jpg&w=1200&output=jpg&q=80,"$69,900",Cathedral City,Manufactured Home,For Sale,"45 Mirage DR, Cathedral City, CA 92234, CA",Located in desirable the ,Caliente Sands Mobiles; 1440 sqft
1180594703,3BR Manufactured Home,https://bradschmett.com/listing-detail/1180594703/74711-Dillon-RD-318-Desert-Hot-Springs-CA,https://wsrv.nl/?url=https%3A%2F%2Fcdn.photos.sparkplatform.com%2Fgps%2F20260415014420808592000000-o.jpg&w=1200&output=jpg&q=80,"$79,900",Desert Hot Springs,Manufactured Home,For Sale,"74711 Dillon RD #318, Desert Hot Springs, CA 92241, CA",Welcome to Family Friendl,1350 sqft
1180593858,3BR Single Family Home,https://bradschmett.com/listing-detail/1180593858/70445-Mottle-CIR-Rancho-Mirage-CA,https://wsrv.nl/?url=https%3A%2F%2Fcdn.photos.sparkplatform.com%2Fgps%2F20260415233018167720000000-o.jpg&w=1200&output=jpg&q=80,"$1,775,000",Rancho Mirage,Single Family Home,For Sale,"70445 Mottle CIR, Rancho Mirage, CA 92270, CA",Beyond a private gated en,Tamarisk Heights; 2248 sqft
1180606588,2BR Manufactured Home,https://bradschmett.com/listing-detail/1180606588/73450-Country-Club-122-Palm-Desert-CA,https://tamdrashtri.github.io/brad-schmett-remarketing/images/1180606588.jpg,"$199,000",Palm Desert,Manufactured Home,For Sale,"73450 Country Club #122, Palm Desert, CA 92260, CA",Set within Suncrest Count,Suncrest Country Club (32272); 2208 sqft
1180592807,3BR Single Family Home,https://bradschmett.com/listing-detail/1180592807/71461-Sahara-RD-Rancho-Mirage-CA,https://wsrv.nl/?url=https%3A%2F%2Fcdn.photos.sparkplatform.com%2Fgps%2F20260415223334573246000000-o.jpg&w=1200&output=jpg&q=80,"$1,175,000",Rancho Mirage,Single Family Home,For Sale,"71461 Sahara RD, Rancho Mirage, CA 92270, CA",Set on a desirable street,Magnesia Falls Cove; 2804 sqft
1180592806,2BR Single Family Home,https://bradschmett.com/listing-detail/1180592806/81964-Corte-Valdemoro-Indio-CA,https://wsrv.nl/?url=https%3A%2F%2Fcdn.photos.sparkplatform.com%2Fgps%2F20260413161954093024000000-o.jpg&w=1200&output=jpg&q=80,"$431,900",Indio,Single Family Home,For Sale,"81964 Corte Valdemoro, Indio, CA 92203, CA","Bright, sunny and stunnin",Sun City Shadow Hills; 1512 sqft
1180591800,4BR Single Family Home,https://bradschmett.com/listing-detail/1180591800/15-Porto-Cielo-CT-Rancho-Mirage-CA,https://wsrv.nl/?url=https%3A%2F%2Fcdn.photos.sparkplatform.com%2Fgps%2F20260415212533995310000000-o.jpg&w=1200&output=jpg&q=80,"$1,595,000",Rancho Mirage,Single Family Home,For Sale,"15 Porto Cielo CT, Rancho Mirage, CA 92270, CA",Located in the intimate g,Cielo; 3610 sqft
1180587714,5BR Single Family Home,https://bradschmett.com/listing-detail/1180587714/43920-Culebra-LN-Bermuda-Dunes-CA,https://wsrv.nl/?url=https%3A%2F%2Fcdn.photos.sparkplatform.com%2Fgps%2F20260415212210459656000000-o.jpg&w=1200&output=jpg&q=80,"$1,399,000",Bermuda Dunes,Single Family Home,For Sale,"43920 Culebra LN, Bermuda Dunes, CA 92203, CA",Luxury Desert Retreat in ,Bdcc Country; 5480 sqft
1180586622,Commercial,https://bradschmett.com/listing-detail/1180586622/66595-Pierson-BLVD-Desert-Hot-Springs-CA,https://wsrv.nl/?url=https%3A%2F%2Fcdn.photos.sparkplatform.com%2Fgps%2F20260416044858424780000000-o.jpg&w=1200&output=jpg&q=80,"$598,000",Desert Hot Springs,Commercial,For Sale,"66595 Pierson BLVD, Desert Hot Springs, CA 92240, CA",66595 Pierson Blv Desert ,2400 sqft
1180585582,2BR Condo,https://bradschmett.com/listing-detail/1180585582/34939-Calle-Sama-Cathedral-City-CA,https://wsrv.nl/?url=https%3A%2F%2Fcdn.photos.sparkplatform.com%2Fgps%2F20260415213521222446000000-o.jpg&w=1200&output=jpg&q=80,"$399,900",Cathedral City,Condo,For Sale,"34939 Calle Sama, Cathedral City, CA 92234, CA",Wake up to stunning golf ,Cathedral Canyon Country Club; 1247 sqft
1180585584,3BR Single Family Home,https://bradschmett.com/listing-detail/1180585584/54035-Avenida-Juarez-La-Quinta-CA,https://wsrv.nl/?url=https%3A%2F%2Fcdn.photos.sparkplatform.com%2Fgps%2F20260415212330754163000000-o.jpg&w=1200&output=jpg&q=80,"$475,000",La Quinta,Single Family Home,For Sale,"54035 Avenida Juarez, La Quinta, CA 92253, CA",Located high in the sceni,La Quinta Cove; 1700 sqft
1180603630,4BR Single Family Home,https://bradschmett.com/listing-detail/1180603630/81855-Vida-Bella-La-Quinta-CA,https://tamdrashtri.github.io/brad-schmett-remarketing/images/1180603630.jpg,"$899,999",La Quinta,Single Family Home,For Sale,"81855 Vida Bella, La Quinta, CA 92253, CA",Price Improvement! Experi,Piazza Serena (31349); 2833 sqft
1180603662,3BR Single Family Home,https://bradschmett.com/listing-detail/1180603662/9761-Brookline-Desert-Hot-Springs-CA,https://tamdrashtri.github.io/brad-schmett-remarketing/images/1180603662.jpg,"$280,000",Desert Hot Springs,Single Family Home,For Sale,"9761 Brookline, Desert Hot Springs, CA 92240, CA",Welcome to your desert re,Mission Lakes (34101); 1594 sqft
1180579981,1BR Condo,https://bradschmett.com/listing-detail/1180579981/900-Island-DR-512-Rancho-Mirage-CA,https://wsrv.nl/?url=https%3A%2F%2Fcdn.photos.sparkplatform.com%2Fgps%2F20260415174417109953000000-o.jpg&w=1200&output=jpg&q=80,"$475,000",Rancho Mirage,Condo,For Sale,"900 Island DR #512, Rancho Mirage, CA 92270, CA",Refined desert living awa,Desert Island; 1494 sqft
1180578597,3BR Single Family Home,https://bradschmett.com/listing-detail/1180578597/1341-Nile-DR-Thermal-CA,https://wsrv.nl/?url=https%3A%2F%2Fcdn.photos.sparkplatform.com%2Fgps%2F20260409221407610400000000-o.jpg&w=1200&output=jpg&q=80,"$279,999",Thermal,Single Family Home,For Sale,"1341 Nile DR, Thermal, CA 92274, CA",Welcome to a fantastic op,1269 sqft
1180575751,2BR Single Family Home,https://bradschmett.com/listing-detail/1180575751/80273-Avenida-Linda-VIS-Indio-CA,https://wsrv.nl/?url=https%3A%2F%2Fcdn.photos.sparkplatform.com%2Fgps%2F20260415191344086642000000-o.jpg&w=1200&output=jpg&q=80,"$419,000",Indio,Single Family Home,For Sale,"80273 Avenida Linda VIS, Indio, CA 92203, CA",Discover this freshly pai,Sun City Shadow Hills; 1463 sqft
1180567935,1BR Manufactured Home,https://bradschmett.com/listing-detail/1180567935/84136-Ave-44-222-222-Indio-CA,https://wsrv.nl/?url=https%3A%2F%2Fcdn.photos.sparkplatform.com%2Fgps%2F20260415184352646460000000-o.jpg&w=1200&output=jpg&q=80,"$75,000",Indio,Manufactured Home,For Sale,"84136 Ave 44, #222 #222, Indio, CA 92203, CA",This 2007 Cavco Park Mode,Rancho Casa Blanca; 400 sqft
1180564636,1BR Condo in Palm Springs,https://bradschmett.com/listing-detail/1180564636/1150-E-Amado-RD-8c2-Palm-Springs-CA,https://wsrv.nl/?url=https%3A%2F%2Fcdn.photos.sparkplatform.com%2Fgps%2F20260415171624909374000000-o.jpg&w=1200&output=jpg&q=80,"$250,000",Palm Springs,Condo,For Sale,"1150 E Amado RD #8c2, Palm Springs, CA 92262, CA",Nestled in the heart of C,Casa Verde; 633 sqft
1180564637,3BR Single Family Home,https://bradschmett.com/listing-detail/1180564637/5-Swarthmore-CT-Rancho-Mirage-CA,https://wsrv.nl/?url=https%3A%2F%2Fcdn.photos.sparkplatform.com%2Fgps%2F20260414190608364998000000-o.jpg&w=1200&output=jpg&q=80,"$1,500,000",Rancho Mirage,Single Family Home,For Sale,"5 Swarthmore CT, Rancho Mirage, CA 92270, CA","Views, Views, Views! Expe",The Springs Country Club; 2659 sqft
1180564635,2BR Manufactured Home,https://bradschmett.com/listing-detail/1180564635/70200-Dillon-RD-39-Desert-Hot-Springs-CA,https://wsrv.nl/?url=https%3A%2F%2Fcdn.photos.sparkplatform.com%2Fgps%2F20260415181006551163000000-o.jpg&w=1200&output=jpg&q=80,"$55,500",Desert Hot Springs,Manufactured Home,For Sale,"70200 Dillon RD #39, Desert Hot Springs, CA 92241, CA",This splendid and super c,550 sqft
1180555157,Commercial in Indio,https://bradschmett.com/listing-detail/1180555157/80394-Avenue-48-264-Indio-CA,https://wsrv.nl/?url=https%3A%2F%2Fcdn.photos.sparkplatform.com%2Fgps%2F20260415164305827977000000-o.jpg&w=1200&output=jpg&q=80,"$325,000",Indio,Commercial,For Sale,"80394 Avenue 48 #264, Indio, CA 92201, CA",Outdoor Resort Indio is a,Outdoor Resorts Country Club
1180594565,3BR Single Family Home,https://bradschmett.com/listing-detail/1180594565/76300-Oxford-Palm-Desert-CA,https://tamdrashtri.github.io/brad-schmett-remarketing/images/1180594565.jpg,"$549,900",Palm Desert,Single Family Home,For Sale,"76300 Oxford, Palm Desert, CA 92211, CA",Move - In Ready.. Priced ,University Park; 1878 sqft
1180553823,2BR Condo in Palm Springs,https://bradschmett.com/listing-detail/1180553823/80-Lakeview-DR-Palm-Springs-CA,https://wsrv.nl/?url=https%3A%2F%2Fcdn.photos.sparkplatform.com%2Fgps%2F20260414173536702899000000-o.jpg&w=1200&output=jpg&q=80,"$1,299,000",Palm Springs,Condo,For Sale,"80 Lakeview DR, Palm Springs, CA 92264, CA",Step inside the shadow bl,Seven Lakes Country Club; 1502 sqft
1180552358,2BR Condo in Palm Springs,https://bradschmett.com/listing-detail/1180552358/139-Desert-Lakes-DR-Palm-Springs-CA,https://wsrv.nl/?url=https%3A%2F%2Fcdn.photos.sparkplatform.com%2Fgps%2F20260414173054244772000000-o.jpg&w=1200&output=jpg&q=80,"$979,500",Palm Springs,Condo,For Sale,"139 Desert Lakes DR, Palm Springs, CA 92264, CA",Your modernist dream home,Seven Lakes Country Club; 1545 sqft
1180552357,2BR Condo in Palm Springs,https://bradschmett.com/listing-detail/1180552357/172-Desert-Lakes-DR-Palm-Springs-CA,https://wsrv.nl/?url=https%3A%2F%2Fcdn.photos.sparkplatform.com%2Fgps%2F20260414173752487588000000-o.jpg&w=1200&output=jpg&q=80,"$1,198,000",Palm Springs,Condo,For Sale,"172 Desert Lakes DR, Palm Springs, CA 92264, CA",Discover a rare opportuni,Seven Lakes Country Club; 1560 sqft
1180592613,1BR Condo,https://bradschmett.com/listing-detail/1180592613/42356-Dunes-View-RD-8-Rancho-Mirage-CA,https://tamdrashtri.github.io/brad-schmett-remarketing/images/1180592613.jpg,"$365,000",Rancho Mirage,Condo,For Sale,"42356 Dunes View RD #8, Rancho Mirage, CA 92270, CA",A rare opportunity to own,Magnesia Falls Cove; 915 sqft
1180592628,3BR Single Family Home,https://bradschmett.com/listing-detail/1180592628/73620-Raphael-DR-Palm-Desert-CA,https://tamdrashtri.github.io/brad-schmett-remarketing/images/1180592628.jpg,"$593,958",Palm Desert,Single Family Home,For Sale,"73620 Raphael DR, Palm Desert, CA 92211, CA",New Construction - Single,Desert Resort Management; 1942 sqft
1180588586,4BR Single Family Home,https://bradschmett.com/listing-detail/1180588586/8-Makena-LN-Rancho-Mirage-CA,https://tamdrashtri.github.io/brad-schmett-remarketing/images/1180588586.jpg,"$4,998,000",Rancho Mirage,Single Family Home,For Sale,"8 Makena LN, Rancho Mirage, CA 92270, CA","Introducing 8 Makena, An ",Makena; 4702 sqft
1180585431,2BR Single Family Home,https://bradschmett.com/listing-detail/1180585431/38563-Bent-Palm-DR-Palm-Desert-CA,https://tamdrashtri.github.io/brad-schmett-remarketing/images/1180585431.jpg,"$485,000",Palm Desert,Single Family Home,For Sale,"38563 Bent Palm DR, Palm Desert, CA 92211, CA",Beautifully maintained 2-,Sun City; 1576 sqft
1180583980,2BR Single Family Home,https://bradschmett.com/listing-detail/1180583980/84924-Bedero-CT-Indio-CA,https://tamdrashtri.github.io/brad-schmett-remarketing/images/1180583980.jpg,"$525,000",Indio,Single Family Home,For Sale,"84924 Bedero CT, Indio, CA 92203, CA","2,152 Square Feet Rare Fl",Fourseasonsterralago; 2152 sqft
1180577034,4BR Single Family Home,https://bradschmett.com/listing-detail/1180577034/466-Camino-Sur-Palm-Springs-CA,https://tamdrashtri.github.io/brad-schmett-remarketing/images/1180577034.jpg,"$4,795,000",Palm Springs,Single Family Home,For Sale,"466 Camino Sur, Palm Springs, CA 92262, CA",Set within the iconic Old,Old Las Palmas; 4368 sqft
1180534276,4BR Single Family Home,https://bradschmett.com/listing-detail/1180534276/80664-Declaration-AVE-Indio-CA,https://wsrv.nl/?url=https%3A%2F%2Fcdn.photos.sparkplatform.com%2Fgps%2F20260412153024431146000000-o.jpg&w=1200&output=jpg&q=80,"$619,000",Indio,Single Family Home,For Sale,"80664 Declaration AVE, Indio, CA 92201, CA",Situated on a desirable c,Monticello Ii; 2490 sqft
1180567730,2BR Condo in Palm Springs,https://bradschmett.com/listing-detail/1180567730/481-Bradshaw-Lane-13-Palm-Springs-CA,https://tamdrashtri.github.io/brad-schmett-remarketing/images/1180567730.jpg,"$289,000",Palm Springs,Condo,For Sale,"481 Bradshaw Lane #13, Palm Springs, CA 92262, CA",Welcome to your desert re,Pueblo Sands; 960 sqft
1180567746,3BR Single Family Home,https://bradschmett.com/listing-detail/1180567746/66725-Granada-AVE-Desert-Hot-Springs-CA,https://tamdrashtri.github.io/brad-schmett-remarketing/images/1180567746.jpg,"$364,900",Desert Hot Springs,Single Family Home,For Sale,"66725 Granada AVE, Desert Hot Springs, CA 92240, CA",Newly renovated and move-,Unknown; 1276 sqft
1180564396,2BR Condo in Palm Springs,https://bradschmett.com/listing-detail/1180564396/800-E-Cottonwood-RD-Palm-Springs-CA,https://tamdrashtri.github.io/brad-schmett-remarketing/images/1180564396.jpg,"$379,000",Palm Springs,Condo,For Sale,"800 E Cottonwood RD, Palm Springs, CA 92262, CA",Don't miss this exception,Desert Arches; 816 sqft
1180557899,3BR Single Family Home,https://bradschmett.com/listing-detail/1180557899/43240-Bacino-CT-Indio-CA,https://tamdrashtri.github.io/brad-schmett-remarketing/images/1180557899.jpg,"$1,049,000",Indio,Single Family Home,For Sale,"43240 Bacino CT, Indio, CA 92203, CA",Welcome to a refined lake,Terra Lago (30924); 2157 sqft
1180552183,4BR Single Family Home,https://bradschmett.com/listing-detail/1180552183/49551-Quill-RD-Indio-CA,https://tamdrashtri.github.io/brad-schmett-remarketing/images/1180552183.jpg,"$675,490",Indio,Single Family Home,For Sale,"49551 Quill RD, Indio, CA 92201, CA",New Construction - Single,Dolfina; 2480 sqft
1180530908,4BR Single Family Home,https://bradschmett.com/listing-detail/1180530908/42430-Castle-Harbor-CT-Bermuda-Dunes-CA,https://wsrv.nl/?url=https%3A%2F%2Fcdn.photos.sparkplatform.com%2Fgps%2F20260411070759532897000000-o.jpg&w=1200&output=jpg&q=80,"$1,580,000",Bermuda Dunes,Single Family Home,For Sale,"42430 Castle Harbor CT, Bermuda Dunes, CA 92203, CA",Incredible Castle Harbour,Bdcc Castle; 5502 sqft
1180530911,2BR Single Family Home,https://bradschmett.com/listing-detail/1180530911/80459-Camino-Santa-Elise-Indio-CA,https://wsrv.nl/?url=https%3A%2F%2Fcdn.photos.sparkplatform.com%2Fgps%2F20260414164429026172000000-o.jpg&w=1200&output=jpg&q=80,"$575,000",Indio,Single Family Home,For Sale,"80459 Camino Santa Elise, Indio, CA 92203, CA",The best value per square,Sun City Shadow Hills; 2569 sqft
1180529245,4BR Single Family Home,https://bradschmett.com/listing-detail/1180529245/50369-San-Solano-RD-Coachella-CA,https://wsrv.nl/?url=https%3A%2F%2Fcdn.photos.sparkplatform.com%2Fgps%2F20260415044203190002000000-o.jpg&w=1200&output=jpg&q=80,"$750,000",Coachella,Single Family Home,For Sale,"50369 San Solano RD, Coachella, CA 92236, CA",Experience the best of Co,La Colonia; 1912 sqft
1180528639,3BR Single Family Home,https://bradschmett.com/listing-detail/1180528639/81819-Brittlebush-LN-La-Quinta-CA,https://wsrv.nl/?url=https%3A%2F%2Fcdn.photos.sparkplatform.com%2Fgps%2F20260414213406682870000000-o.jpg&w=1200&output=jpg&q=80,"$1,175,000",La Quinta,Single Family Home,For Sale,"81819 Brittlebush LN, La Quinta, CA 92253, CA","Sunshine, Fairways, Pool,",Trilogy; 2066 sqft
1180527766,4BR Single Family Home,https://bradschmett.com/listing-detail/1180527766/69867-Kent-PL-Cathedral-City-CA,https://wsrv.nl/?url=https%3A%2F%2Fcdn.photos.sparkplatform.com%2Fgps%2F20260423173400484984000000-o.jpg&w=1200&output=jpg&q=80,"$610,000",Cathedral City,Single Family Home,For Sale,"69867 Kent PL, Cathedral City, CA 92234, CA",Desert living at its best,Century Park; 2079 sqft
1180523448,4BR Single Family Home,https://bradschmett.com/listing-detail/1180523448/984-Tierra-LN-Palm-Springs-CA,https://wsrv.nl/?url=https%3A%2F%2Fcdn.photos.sparkplatform.com%2Fgps%2F20260414233926372541000000-o.jpg&w=1200&output=jpg&q=80,"$799,900",Palm Springs,Single Family Home,For Sale,"984 Tierra LN, Palm Springs, CA 92262, CA",The two bathrooms in the ,Mountain Gate; 2410 sqft
1180520239,3BR Condo in Indian Wells,https://bradschmett.com/listing-detail/1180520239/78511-Yavapa-Indian-Wells-CA,https://wsrv.nl/?url=https%3A%2F%2Fcdn.photos.sparkplatform.com%2Fgps%2F20260413182502327326000000-o.jpg&w=1200&output=jpg&q=80,"$1,040,000",Indian Wells,Condo,For Sale,"78511 Yavapa, Indian Wells, CA 92210, CA",Extraordinary Opportunity,Mountain Cove; 2110 sqft
1180519631,2BR Manufactured Home,https://bradschmett.com/listing-detail/1180519631/315-Kona-LN-Palm-Springs-CA,https://wsrv.nl/?url=https%3A%2F%2Fcdn.photos.sparkplatform.com%2Fgps%2F20260415000055304673000000-o.jpg&w=1200&output=jpg&q=80,"$224,000",Palm Springs,Manufactured Home,For Sale,"315 Kona LN, Palm Springs, CA 92264, CA",Lowest priced and largest,Palm Canyon Mobile C; 1320 sqft
1180505891,3BR Single Family Home,https://bradschmett.com/listing-detail/1180505891/47260-Rose-Sage-CT-Palm-Desert-CA,https://wsrv.nl/?url=https%3A%2F%2Fcdn.photos.sparkplatform.com%2Fgps%2F20260414200212388330000000-o.jpg&w=1200&output=jpg&q=80,"$1,199,000",Palm Desert,Single Family Home,For Sale,"47260 Rose Sage CT, Palm Desert, CA 92260, CA",Welcome to your dream des,Canyon Cove-805; 2068 sqft
1180504584,2BR Manufactured Home,https://bradschmett.com/listing-detail/1180504584/73278-Palm-Greens-Pkwy-Palm-Desert-CA,https://wsrv.nl/?url=https%3A%2F%2Fcdn.photos.sparkplatform.com%2Fgps%2F20260414200441514330000000-o.jpg&w=1200&output=jpg&q=80,"$389,000",Palm Desert,Manufactured Home,For Sale,"73278 Palm Greens Pkwy, Palm Desert, CA 92260, CA",Motivated seller!!!! This,Palm Desert Greens; 1920 sqft
1180502125,3BR Single Family Home,https://bradschmett.com/listing-detail/1180502125/46109-Roadrunner-LN-La-Quinta-CA,https://wsrv.nl/?url=https%3A%2F%2Fcdn.photos.sparkplatform.com%2Fgps%2F20260414193036257613000000-o.jpg&w=1200&output=jpg&q=80,"$940,000",La Quinta,Single Family Home,For Sale,"46109 Roadrunner LN, La Quinta, CA 92253, CA",Welcome to your own piece,Westward Shadows; 3228 sqft
1180500819,2BR Condo in Palm Desert,https://bradschmett.com/listing-detail/1180500819/38969-Wisteria-DR-Palm-Desert-CA,https://wsrv.nl/?url=https%3A%2F%2Fcdn.photos.sparkplatform.com%2Fgps%2F20260414191049574503000000-o.jpg&w=1200&output=jpg&q=80,"$650,000",Palm Desert,Condo,For Sale,"38969 Wisteria DR, Palm Desert, CA 92211, CA",Stunning Furnished Golf C,Palm Valley Country Club; 1549 sqft
1180499573,4BR Single Family Home,https://bradschmett.com/listing-detail/1180499573/71170-W-Thunderbird-TER-Rancho-Mirage-CA,https://wsrv.nl/?url=https%3A%2F%2Fcdn.photos.sparkplatform.com%2Fgps%2F20260414191345001623000000-o.jpg&w=1200&output=jpg&q=80,"$2,195,000",Rancho Mirage,Single Family Home,For Sale,"71170 W Thunderbird TER, Rancho Mirage, CA 92270, CA",A Prestigious Estate with,Thunderbird Terrace; 4440 sqft
1180525520,Vacant Land,https://bradschmett.com/listing-detail/1180525520/0-Binnie-RD-Desert-Hot-Springs-CA,https://tamdrashtri.github.io/brad-schmett-remarketing/images/1180525520.jpg,"$44,900",Desert Hot Springs,Vacant Land,For Sale,"0 Binnie RD, Desert Hot Springs, CA 92240, CA",Light Industrial land opp,
1180498057,3BR Single Family Home,https://bradschmett.com/listing-detail/1180498057/1077-S-Riverside-DR-Palm-Springs-CA,https://wsrv.nl/?url=https%3A%2F%2Fcdn.photos.sparkplatform.com%2Fgps%2F20260414163915120303000000-o.jpg&w=1200&output=jpg&q=80,"$1,249,995",Palm Springs,Single Family Home,For Sale,"1077 S Riverside DR, Palm Springs, CA 92264, CA",Massive price reduction o,Tahquitz River Estates; 1788 sqft
1180496776,3BR Manufactured Home,https://bradschmett.com/listing-detail/1180496776/38440-Desert-Greens-DR-W-Palm-Desert-CA,https://wsrv.nl/?url=https%3A%2F%2Fcdn.photos.sparkplatform.com%2Fgps%2F20260414170329836402000000-o.jpg&w=1200&output=jpg&q=80,"$390,000",Palm Desert,Manufactured Home,For Sale,"38440 Desert Greens DR W, Palm Desert, CA 92260, CA",Welcome to this well-main,Palm Desert Greens; 1508 sqft
1180493048,2BR Manufactured Home,https://bradschmett.com/listing-detail/1180493048/150-Hilligoss-DR-Cathedral-City-CA,https://wsrv.nl/?url=https%3A%2F%2Fcdn.photos.sparkplatform.com%2Fgps%2F20260407184818208607000000-o.jpg&w=1200&output=jpg&q=80,"$199,000",Cathedral City,Manufactured Home,For Sale,"150 Hilligoss DR, Cathedral City, CA 92234, CA",Stylishly Updated Home wi,The Canyon; 1536 sqft
